Config file /data/work/I2BC/fadwa.elkhaddar/BIM/ORFMINE/ORFmine/orfmine/orfribo/config.yaml is extended by additional config specified via the command line.
Building DAG of jobs...
Using shell: /usr/bin/bash
Provided cores: 8
Rules claiming more threads will be scaled down.
Provided resources: mem_mb=2000000
Job stats:
job                                count    min threads    max threads
-------------------------------  -------  -------------  -------------
Bam2Reads_Exome                       11              1              1
Bam2Reads_ORFeome                     11              1              1
Exome_construction_gtf                 1              1              1
Mapping_Exome_Hisat2_Bowtie2           1              8              8
Mapping_ORFeome_Hisat2_Bowtie2         1              8              8
ORFget                                 1              1              1
ORFstats                              11              1              1
adapt_trimming                         1              8              8
all                                    1              1              1
bowtie_run_OutRNA                      1              8              8
concatenate_all_tables                 1              1              1
concatenate_count_tables_genome        1              1              1
find_adapter_sequence                  1              1              1
index_Exome_BOWTIE2                    1              8              8
index_Exome_HISAT2                     1              8              8
index_outRNA_BOWTIE2                   1              8              8
index_reference_BOWTIE2                1              8              8
index_reference_HISAT2                 1              8              8
make_fastqc                            1              1              1
name_CDS                               1              1              1
riboWaltz_Exome                        1              1              1
samtools_filter                        1              8              8
samtools_filter_Exome                  1              8              8
samtools_index                         1              1              1
samtools_index_Exome                   1              1              1
select_read_lengths                    1              8              8
total                                 56              1              8

mkdir -p /data/work/I2BC/fadwa.elkhaddar/BIM/ORFMINE/ORFmine/orfmine/orfribo/Test/logs
echo 'RiboDoc version : 0.8.7' > /data/work/I2BC/fadwa.elkhaddar/BIM/ORFMINE/ORFmine/orfmine/orfribo/Test/SUPPLEMENTARY_DATA/Logs/RiboDoc_package_versions.txt
Select jobs to execute...

[Fri Apr 26 12:27:18 2024]
rule index_reference_BOWTIE2:
    input: /data/work/I2BC/fadwa.elkhaddar/BIM/orfmine_tutorial/ORFmine/examples/database/Scer.fna
    output: /data/work/I2BC/fadwa.elkhaddar/BIM/ORFMINE/ORFmine/orfmine/orfribo/Test/DATA_PROCESSING/Mapping/ORFeome/Bowtie2/Index/index_bowtie2.1.bt2, /data/work/I2BC/fadwa.elkhaddar/BIM/ORFMINE/ORFmine/orfmine/orfribo/Test/DATA_PROCESSING/Mapping/ORFeome/Bowtie2/Index/index_bowtie2.2.bt2, /data/work/I2BC/fadwa.elkhaddar/BIM/ORFMINE/ORFmine/orfmine/orfribo/Test/DATA_PROCESSING/Mapping/ORFeome/Bowtie2/Index/index_bowtie2.3.bt2, /data/work/I2BC/fadwa.elkhaddar/BIM/ORFMINE/ORFmine/orfmine/orfribo/Test/DATA_PROCESSING/Mapping/ORFeome/Bowtie2/Index/index_bowtie2.4.bt2, /data/work/I2BC/fadwa.elkhaddar/BIM/ORFMINE/ORFmine/orfmine/orfribo/Test/DATA_PROCESSING/Mapping/ORFeome/Bowtie2/Index/index_bowtie2.rev.1.bt2, /data/work/I2BC/fadwa.elkhaddar/BIM/ORFMINE/ORFmine/orfmine/orfribo/Test/DATA_PROCESSING/Mapping/ORFeome/Bowtie2/Index/index_bowtie2.rev.2.bt2
    log: /data/work/I2BC/fadwa.elkhaddar/BIM/ORFMINE/ORFmine/orfmine/orfribo/Test/SUPPLEMENTARY_DATA/Logs/Mapping/ORFeome/Bowtie2/Index/ORFeome_index.log
    jobid: 9
    benchmark: /data/work/I2BC/fadwa.elkhaddar/BIM/ORFMINE/ORFmine/orfmine/orfribo/Test/SUPPLEMENTARY_DATA/Benchmarks/Mapping/ORFeome/Bowtie2/Index/ORFeome_index.benchmark.txt
    reason: Missing output files: /data/work/I2BC/fadwa.elkhaddar/BIM/ORFMINE/ORFmine/orfmine/orfribo/Test/DATA_PROCESSING/Mapping/ORFeome/Bowtie2/Index/index_bowtie2.rev.2.bt2, /data/work/I2BC/fadwa.elkhaddar/BIM/ORFMINE/ORFmine/orfmine/orfribo/Test/DATA_PROCESSING/Mapping/ORFeome/Bowtie2/Index/index_bowtie2.1.bt2, /data/work/I2BC/fadwa.elkhaddar/BIM/ORFMINE/ORFmine/orfmine/orfribo/Test/DATA_PROCESSING/Mapping/ORFeome/Bowtie2/Index/index_bowtie2.2.bt2, /data/work/I2BC/fadwa.elkhaddar/BIM/ORFMINE/ORFmine/orfmine/orfribo/Test/DATA_PROCESSING/Mapping/ORFeome/Bowtie2/Index/index_bowtie2.3.bt2, /data/work/I2BC/fadwa.elkhaddar/BIM/ORFMINE/ORFmine/orfmine/orfribo/Test/DATA_PROCESSING/Mapping/ORFeome/Bowtie2/Index/index_bowtie2.rev.1.bt2, /data/work/I2BC/fadwa.elkhaddar/BIM/ORFMINE/ORFmine/orfmine/orfribo/Test/DATA_PROCESSING/Mapping/ORFeome/Bowtie2/Index/index_bowtie2.4.bt2
    threads: 8
    resources: tmpdir=/var/tmp/pbs.980092.pbsserver

bowtie2-build --threads 8 /data/work/I2BC/fadwa.elkhaddar/BIM/orfmine_tutorial/ORFmine/examples/database/Scer.fna /data/work/I2BC/fadwa.elkhaddar/BIM/ORFMINE/ORFmine/orfmine/orfribo/Test/DATA_PROCESSING/Mapping/ORFeome/Bowtie2/Index/index_bowtie2 &> /data/work/I2BC/fadwa.elkhaddar/BIM/ORFMINE/ORFmine/orfmine/orfribo/Test/SUPPLEMENTARY_DATA/Logs/Mapping/ORFeome/Bowtie2/Index/ORFeome_index.log ;
[Fri Apr 26 12:27:43 2024]
Finished job 9.
1 of 56 steps (2%) done
Select jobs to execute...

[Fri Apr 26 12:27:43 2024]
rule index_outRNA_BOWTIE2:
    input: /data/work/I2BC/fadwa.elkhaddar/BIM/orfmine_tutorial/ORFmine/examples/database/Scer_rRNA.fa
    output: /data/work/I2BC/fadwa.elkhaddar/BIM/ORFMINE/ORFmine/orfmine/orfribo/Test/DATA_PROCESSING/Mapping/Filter_Unwanted_Sequence/Index/index_bowtie2.1.bt2, /data/work/I2BC/fadwa.elkhaddar/BIM/ORFMINE/ORFmine/orfmine/orfribo/Test/DATA_PROCESSING/Mapping/Filter_Unwanted_Sequence/Index/index_bowtie2.2.bt2, /data/work/I2BC/fadwa.elkhaddar/BIM/ORFMINE/ORFmine/orfmine/orfribo/Test/DATA_PROCESSING/Mapping/Filter_Unwanted_Sequence/Index/index_bowtie2.3.bt2, /data/work/I2BC/fadwa.elkhaddar/BIM/ORFMINE/ORFmine/orfmine/orfribo/Test/DATA_PROCESSING/Mapping/Filter_Unwanted_Sequence/Index/index_bowtie2.4.bt2, /data/work/I2BC/fadwa.elkhaddar/BIM/ORFMINE/ORFmine/orfmine/orfribo/Test/DATA_PROCESSING/Mapping/Filter_Unwanted_Sequence/Index/index_bowtie2.rev.1.bt2, /data/work/I2BC/fadwa.elkhaddar/BIM/ORFMINE/ORFmine/orfmine/orfribo/Test/DATA_PROCESSING/Mapping/Filter_Unwanted_Sequence/Index/index_bowtie2.rev.2.bt2
    log: /data/work/I2BC/fadwa.elkhaddar/BIM/ORFMINE/ORFmine/orfmine/orfribo/Test/SUPPLEMENTARY_DATA/Logs/Mapping/Filter_Unwanted_Sequence/Index_Filter_Unwanted_Sequence.log
    jobid: 7
    benchmark: /data/work/I2BC/fadwa.elkhaddar/BIM/ORFMINE/ORFmine/orfmine/orfribo/Test/SUPPLEMENTARY_DATA/Benchmarks/Mapping/Filter_Unwanted_Sequence/Index_Filter_Unwanted_Sequence.txt
    reason: Missing output files: /data/work/I2BC/fadwa.elkhaddar/BIM/ORFMINE/ORFmine/orfmine/orfribo/Test/DATA_PROCESSING/Mapping/Filter_Unwanted_Sequence/Index/index_bowtie2.2.bt2, /data/work/I2BC/fadwa.elkhaddar/BIM/ORFMINE/ORFmine/orfmine/orfribo/Test/DATA_PROCESSING/Mapping/Filter_Unwanted_Sequence/Index/index_bowtie2.rev.2.bt2, /data/work/I2BC/fadwa.elkhaddar/BIM/ORFMINE/ORFmine/orfmine/orfribo/Test/DATA_PROCESSING/Mapping/Filter_Unwanted_Sequence/Index/index_bowtie2.3.bt2, /data/work/I2BC/fadwa.elkhaddar/BIM/ORFMINE/ORFmine/orfmine/orfribo/Test/DATA_PROCESSING/Mapping/Filter_Unwanted_Sequence/Index/index_bowtie2.rev.1.bt2, /data/work/I2BC/fadwa.elkhaddar/BIM/ORFMINE/ORFmine/orfmine/orfribo/Test/DATA_PROCESSING/Mapping/Filter_Unwanted_Sequence/Index/index_bowtie2.1.bt2, /data/work/I2BC/fadwa.elkhaddar/BIM/ORFMINE/ORFmine/orfmine/orfribo/Test/DATA_PROCESSING/Mapping/Filter_Unwanted_Sequence/Index/index_bowtie2.4.bt2
    threads: 8
    resources: tmpdir=/var/tmp/pbs.980092.pbsserver

bowtie2-build --threads 8 /data/work/I2BC/fadwa.elkhaddar/BIM/orfmine_tutorial/ORFmine/examples/database/Scer_rRNA.fa /data/work/I2BC/fadwa.elkhaddar/BIM/ORFMINE/ORFmine/orfmine/orfribo/Test/DATA_PROCESSING/Mapping/Filter_Unwanted_Sequence/Index/index_bowtie2 &> /data/work/I2BC/fadwa.elkhaddar/BIM/ORFMINE/ORFmine/orfmine/orfribo/Test/SUPPLEMENTARY_DATA/Logs/Mapping/Filter_Unwanted_Sequence/Index_Filter_Unwanted_Sequence.log ;
[Fri Apr 26 12:27:44 2024]
Finished job 7.
2 of 56 steps (4%) done
Select jobs to execute...

[Fri Apr 26 12:27:44 2024]
rule index_reference_HISAT2:
    input: /data/work/I2BC/fadwa.elkhaddar/BIM/orfmine_tutorial/ORFmine/examples/database/Scer.fna
    output: /data/work/I2BC/fadwa.elkhaddar/BIM/ORFMINE/ORFmine/orfmine/orfribo/Test/DATA_PROCESSING/Mapping/ORFeome/Hisat2/Index/index_hisat2.1.ht2, /data/work/I2BC/fadwa.elkhaddar/BIM/ORFMINE/ORFmine/orfmine/orfribo/Test/DATA_PROCESSING/Mapping/ORFeome/Hisat2/Index/index_hisat2.2.ht2, /data/work/I2BC/fadwa.elkhaddar/BIM/ORFMINE/ORFmine/orfmine/orfribo/Test/DATA_PROCESSING/Mapping/ORFeome/Hisat2/Index/index_hisat2.3.ht2, /data/work/I2BC/fadwa.elkhaddar/BIM/ORFMINE/ORFmine/orfmine/orfribo/Test/DATA_PROCESSING/Mapping/ORFeome/Hisat2/Index/index_hisat2.4.ht2, /data/work/I2BC/fadwa.elkhaddar/BIM/ORFMINE/ORFmine/orfmine/orfribo/Test/DATA_PROCESSING/Mapping/ORFeome/Hisat2/Index/index_hisat2.5.ht2, /data/work/I2BC/fadwa.elkhaddar/BIM/ORFMINE/ORFmine/orfmine/orfribo/Test/DATA_PROCESSING/Mapping/ORFeome/Hisat2/Index/index_hisat2.6.ht2, /data/work/I2BC/fadwa.elkhaddar/BIM/ORFMINE/ORFmine/orfmine/orfribo/Test/DATA_PROCESSING/Mapping/ORFeome/Hisat2/Index/index_hisat2.7.ht2, /data/work/I2BC/fadwa.elkhaddar/BIM/ORFMINE/ORFmine/orfmine/orfribo/Test/DATA_PROCESSING/Mapping/ORFeome/Hisat2/Index/index_hisat2.8.ht2
    log: /data/work/I2BC/fadwa.elkhaddar/BIM/ORFMINE/ORFmine/orfmine/orfribo/Test/SUPPLEMENTARY_DATA/Logs/Mapping/ORFeome/Hisat2/Index/ORFeome_index.log
    jobid: 8
    benchmark: /data/work/I2BC/fadwa.elkhaddar/BIM/ORFMINE/ORFmine/orfmine/orfribo/Test/SUPPLEMENTARY_DATA/Benchmarks/Mapping/ORFeome/Hisat2/Index/ORFeome_index.benchmark.txt
    reason: Missing output files: /data/work/I2BC/fadwa.elkhaddar/BIM/ORFMINE/ORFmine/orfmine/orfribo/Test/DATA_PROCESSING/Mapping/ORFeome/Hisat2/Index/index_hisat2.5.ht2, /data/work/I2BC/fadwa.elkhaddar/BIM/ORFMINE/ORFmine/orfmine/orfribo/Test/DATA_PROCESSING/Mapping/ORFeome/Hisat2/Index/index_hisat2.8.ht2, /data/work/I2BC/fadwa.elkhaddar/BIM/ORFMINE/ORFmine/orfmine/orfribo/Test/DATA_PROCESSING/Mapping/ORFeome/Hisat2/Index/index_hisat2.2.ht2, /data/work/I2BC/fadwa.elkhaddar/BIM/ORFMINE/ORFmine/orfmine/orfribo/Test/DATA_PROCESSING/Mapping/ORFeome/Hisat2/Index/index_hisat2.3.ht2, /data/work/I2BC/fadwa.elkhaddar/BIM/ORFMINE/ORFmine/orfmine/orfribo/Test/DATA_PROCESSING/Mapping/ORFeome/Hisat2/Index/index_hisat2.7.ht2, /data/work/I2BC/fadwa.elkhaddar/BIM/ORFMINE/ORFmine/orfmine/orfribo/Test/DATA_PROCESSING/Mapping/ORFeome/Hisat2/Index/index_hisat2.6.ht2, /data/work/I2BC/fadwa.elkhaddar/BIM/ORFMINE/ORFmine/orfmine/orfribo/Test/DATA_PROCESSING/Mapping/ORFeome/Hisat2/Index/index_hisat2.1.ht2, /data/work/I2BC/fadwa.elkhaddar/BIM/ORFMINE/ORFmine/orfmine/orfribo/Test/DATA_PROCESSING/Mapping/ORFeome/Hisat2/Index/index_hisat2.4.ht2
    threads: 8
    resources: tmpdir=/var/tmp/pbs.980092.pbsserver

hisat2-build --threads 8 /data/work/I2BC/fadwa.elkhaddar/BIM/orfmine_tutorial/ORFmine/examples/database/Scer.fna /data/work/I2BC/fadwa.elkhaddar/BIM/ORFMINE/ORFmine/orfmine/orfribo/Test/DATA_PROCESSING/Mapping/ORFeome/Hisat2/Index/index_hisat2 &> /data/work/I2BC/fadwa.elkhaddar/BIM/ORFMINE/ORFmine/orfmine/orfribo/Test/SUPPLEMENTARY_DATA/Logs/Mapping/ORFeome/Hisat2/Index/ORFeome_index.log ;
[Fri Apr 26 12:27:57 2024]
Finished job 8.
3 of 56 steps (5%) done
Select jobs to execute...

[Fri Apr 26 12:27:57 2024]
rule select_read_lengths:
    output: /data/work/I2BC/fadwa.elkhaddar/BIM/ORFMINE/ORFmine/orfmine/orfribo/Test/DATA_PROCESSING/Selected_length/SRR1562875/Selected_length.txt
    jobid: 40
    reason: Missing output files: /data/work/I2BC/fadwa.elkhaddar/BIM/ORFMINE/ORFmine/orfmine/orfribo/Test/DATA_PROCESSING/Selected_length/SRR1562875/Selected_length.txt
    wildcards: sample=SRR1562875
    threads: 8
    resources: tmpdir=/var/tmp/pbs.980092.pbsserver


                if [ -n "" ]; then
                    selected_length --dir /data/work/I2BC/fadwa.elkhaddar/BIM/ORFMINE/ORFmine/orfmine/orfribo/Test/DATA_PROCESSING/Bam2Reads_Exome/SRR1562875 --mean --threshold  --output /data/work/I2BC/fadwa.elkhaddar/BIM/ORFMINE/ORFmine/orfmine/orfribo/Test/DATA_PROCESSING/Selected_length/SRR1562875/Selected_length.txt
                fi

                if [ -n "70" ]; then
                    selected_length --dir /data/work/I2BC/fadwa.elkhaddar/BIM/ORFMINE/ORFmine/orfmine/orfribo/Test/DATA_PROCESSING/Bam2Reads_Exome/SRR1562875  --median --threshold 70 --output /data/work/I2BC/fadwa.elkhaddar/BIM/ORFMINE/ORFmine/orfmine/orfribo/Test/DATA_PROCESSING/Selected_length/SRR1562875/Selected_length.txt
                fi

                if [ -n "70" ] && [ -n "" ]; then
                    selected_length --dir /data/work/I2BC/fadwa.elkhaddar/BIM/ORFMINE/ORFmine/orfmine/orfribo/Test/DATA_PROCESSING/Bam2Reads_Exome/SRR1562875  --both --threshold  --output /data/work/I2BC/fadwa.elkhaddar/BIM/ORFMINE/ORFmine/orfmine/orfribo/Test/DATA_PROCESSING/Selected_length/SRR1562875/Selected_length.txt
                fi

        
[Fri Apr 26 12:28:01 2024]
Finished job 40.
4 of 56 steps (7%) done
Select jobs to execute...

[Fri Apr 26 12:28:01 2024]
rule name_CDS:
    input: /data/work/I2BC/fadwa.elkhaddar/BIM/orfmine_tutorial/ORFmine/examples/database/Scer.gff
    output: /data/work/I2BC/fadwa.elkhaddar/BIM/ORFMINE/ORFmine/orfmine/orfribo/Test/DATA_PROCESSING/Edited_Gff/Named.CDS_Scer.gff
    jobid: 2
    reason: Missing output files: /data/work/I2BC/fadwa.elkhaddar/BIM/ORFMINE/ORFmine/orfmine/orfribo/Test/DATA_PROCESSING/Edited_Gff/Named.CDS_Scer.gff
    resources: tmpdir=/var/tmp/pbs.980092.pbsserver

[Fri Apr 26 12:28:03 2024]
Finished job 2.
5 of 56 steps (9%) done
Select jobs to execute...

[Fri Apr 26 12:28:03 2024]
rule make_fastqc:
    input: /data/work/I2BC/fadwa.elkhaddar/BIM/fastq/SRR1562875.fastq.gz
    output: /data/work/I2BC/fadwa.elkhaddar/BIM/ORFMINE/ORFmine/orfmine/orfribo/Test/DATA_PROCESSING/Quality_control/SRR1562875/SRR1562875_fastqc.zip, /data/work/I2BC/fadwa.elkhaddar/BIM/ORFMINE/ORFmine/orfmine/orfribo/Test/DATA_PROCESSING/Quality_control/SRR1562875/SRR1562875_fastqc.html
    log: /data/work/I2BC/fadwa.elkhaddar/BIM/ORFMINE/ORFmine/orfmine/orfribo/Test/SUPPLEMENTARY_DATA/Logs/Quality_control/SRR1562875.log
    jobid: 1
    benchmark: /data/work/I2BC/fadwa.elkhaddar/BIM/ORFMINE/ORFmine/orfmine/orfribo/Test/SUPPLEMENTARY_DATA/Benchmarks/Quality_control/SRR1562875_benchmark.txt
    reason: Missing output files: /data/work/I2BC/fadwa.elkhaddar/BIM/ORFMINE/ORFmine/orfmine/orfribo/Test/DATA_PROCESSING/Quality_control/SRR1562875/SRR1562875_fastqc.html
    wildcards: sample=SRR1562875
    resources: tmpdir=/var/tmp/pbs.980092.pbsserver


	 fastqc /data/work/I2BC/fadwa.elkhaddar/BIM/fastq/SRR1562875.fastq.gz --outdir /data/work/I2BC/fadwa.elkhaddar/BIM/ORFMINE/ORFmine/orfmine/orfribo/Test/DATA_PROCESSING/Quality_control/SRR1562875 2> /data/work/I2BC/fadwa.elkhaddar/BIM/ORFMINE/ORFmine/orfmine/orfribo/Test/SUPPLEMENTARY_DATA/Logs/Quality_control/SRR1562875.log 
	
[Fri Apr 26 12:29:45 2024]
Finished job 1.
6 of 56 steps (11%) done
Select jobs to execute...

[Fri Apr 26 12:29:45 2024]
rule find_adapter_sequence:
    input: /data/work/I2BC/fadwa.elkhaddar/BIM/fastq/SRR1562875.fastq.gz
    output: /data/work/I2BC/fadwa.elkhaddar/BIM/ORFMINE/ORFmine/orfmine/orfribo/Test/DATA_PROCESSING/Trimming/Adapters/SRR1562875/SRR1562875.txt
    log: /data/work/I2BC/fadwa.elkhaddar/BIM/ORFMINE/ORFmine/orfmine/orfribo/Test/SUPPLEMENTARY_DATA/Logs/Trimming/Adapters/SRR1562875.rscript.log, /data/work/I2BC/fadwa.elkhaddar/BIM/ORFMINE/ORFmine/orfmine/orfribo/Test/SUPPLEMENTARY_DATA/Logs/Trimming/Adapters/SRR1562875.sed.log, /data/work/I2BC/fadwa.elkhaddar/BIM/ORFMINE/ORFmine/orfmine/orfribo/Test/SUPPLEMENTARY_DATA/Logs/Trimming/Adapters/SRR1562875.echo.log, /data/work/I2BC/fadwa.elkhaddar/BIM/ORFMINE/ORFmine/orfmine/orfribo/Test/SUPPLEMENTARY_DATA/Logs/Trimming/Adapters/SRR1562875.touch.log
    jobid: 4
    reason: Missing output files: /data/work/I2BC/fadwa.elkhaddar/BIM/ORFMINE/ORFmine/orfmine/orfribo/Test/DATA_PROCESSING/Trimming/Adapters/SRR1562875/SRR1562875.txt
    wildcards: sample=SRR1562875
    resources: tmpdir=/var/tmp/pbs.980092.pbsserver

touch /data/work/I2BC/fadwa.elkhaddar/BIM/ORFMINE/ORFmine/orfmine/orfribo/Test/DATA_PROCESSING/Trimming/Adapters/SRR1562875/SRR1562875.txt 2> /data/work/I2BC/fadwa.elkhaddar/BIM/ORFMINE/ORFmine/orfmine/orfribo/Test/SUPPLEMENTARY_DATA/Logs/Trimming/Adapters/SRR1562875.touch.log;if [ -z  ]; then Rscript /data/work/I2BC/fadwa.elkhaddar/BIM/ORFMINE/ORFmine/orfmine/orfribo/Rscripts/find_adapter_sequence.R /data/work/I2BC/fadwa.elkhaddar/BIM/fastq/SRR1562875.fastq.gz  /data/work/I2BC/fadwa.elkhaddar/BIM/ORFMINE/ORFmine/orfmine/orfribo/Test/DATA_PROCESSING/Trimming/Adapters/SRR1562875 2> /data/work/I2BC/fadwa.elkhaddar/BIM/ORFMINE/ORFmine/orfmine/orfribo/Test/SUPPLEMENTARY_DATA/Logs/Trimming/Adapters/SRR1562875.rscript.log ;elif [ '0' = 'no' ]; then echo  1> /data/work/I2BC/fadwa.elkhaddar/BIM/ORFMINE/ORFmine/orfmine/orfribo/Test/DATA_PROCESSING/Trimming/Adapters/SRR1562875/SRR1562875.txt 2> /data/work/I2BC/fadwa.elkhaddar/BIM/ORFMINE/ORFmine/orfmine/orfribo/Test/SUPPLEMENTARY_DATA/Logs/Trimming/Adapters/SRR1562875.echo.log;fi;
[Fri Apr 26 12:34:38 2024]
Finished job 4.
7 of 56 steps (12%) done
Select jobs to execute...

[Fri Apr 26 12:34:38 2024]
rule adapt_trimming:
    input: /data/work/I2BC/fadwa.elkhaddar/BIM/fastq/SRR1562875.fastq.gz, /data/work/I2BC/fadwa.elkhaddar/BIM/ORFMINE/ORFmine/orfmine/orfribo/Test/DATA_PROCESSING/Trimming/Adapters/SRR1562875/SRR1562875.txt
    output: /data/work/I2BC/fadwa.elkhaddar/BIM/ORFMINE/ORFmine/orfmine/orfribo/Test/DATA_PROCESSING/Trimming/Trimmed_fastq/SRR1562875/SRR1562875.cutadapt.25-35.fastq.gz
    log: /data/work/I2BC/fadwa.elkhaddar/BIM/ORFMINE/ORFmine/orfmine/orfribo/Test/SUPPLEMENTARY_DATA/Logs/Trimming/Trimmed_fastq/SRR1562875_trim_value.log, /data/work/I2BC/fadwa.elkhaddar/BIM/ORFMINE/ORFmine/orfmine/orfribo/Test/SUPPLEMENTARY_DATA/Logs/Trimming/Trimmed_fastq/SRR1562875_cutadapt.log, /data/work/I2BC/fadwa.elkhaddar/BIM/ORFMINE/ORFmine/orfmine/orfribo/Test/SUPPLEMENTARY_DATA/Logs/Trimming/Trimmed_fastq/SRR1562875_adapt_trimming.log
    jobid: 3
    benchmark: /data/work/I2BC/fadwa.elkhaddar/BIM/ORFMINE/ORFmine/orfmine/orfribo/Test/SUPPLEMENTARY_DATA/Benchmarks/Trimming/Trimmed_fastq/SRR1562875_adapt_trimming.txt
    reason: Missing output files: /data/work/I2BC/fadwa.elkhaddar/BIM/ORFMINE/ORFmine/orfmine/orfribo/Test/DATA_PROCESSING/Trimming/Trimmed_fastq/SRR1562875/SRR1562875.cutadapt.25-35.fastq.gz; Input files updated by another job: /data/work/I2BC/fadwa.elkhaddar/BIM/ORFMINE/ORFmine/orfmine/orfribo/Test/DATA_PROCESSING/Trimming/Adapters/SRR1562875/SRR1562875.txt
    wildcards: sample=SRR1562875
    threads: 8
    resources: tmpdir=/var/tmp/pbs.980092.pbsserver, mem_mb=2000


        adapter_sequence=$(cat /data/work/I2BC/fadwa.elkhaddar/BIM/ORFMINE/ORFmine/orfmine/orfribo/Test/DATA_PROCESSING/Trimming/Adapters/SRR1562875/SRR1562875.txt)
        echo $adapter_sequence        
        if [ 0 == 0 ]; then
            cutadapt -a $adapter_sequence --trimmed-only -e 0.125 -j 8 --max-n=1 -m  25  -M 35 -o /data/work/I2BC/fadwa.elkhaddar/BIM/ORFMINE/ORFmine/orfmine/orfribo/Test/DATA_PROCESSING/Trimming/Trimmed_fastq/SRR1562875/SRR1562875.cutadapt.25-35.fastq.gz /data/work/I2BC/fadwa.elkhaddar/BIM/fastq/SRR1562875.fastq.gz 1>> /data/work/I2BC/fadwa.elkhaddar/BIM/ORFMINE/ORFmine/orfmine/orfribo/Test/SUPPLEMENTARY_DATA/Logs/Trimming/Trimmed_fastq/SRR1562875_adapt_trimming.log 2> /data/work/I2BC/fadwa.elkhaddar/BIM/ORFMINE/ORFmine/orfmine/orfribo/Test/SUPPLEMENTARY_DATA/Logs/Trimming/Trimmed_fastq/SRR1562875_cutadapt.log
        else
            ln -s /data/work/I2BC/fadwa.elkhaddar/BIM/fastq/SRR1562875.fastq.gz /data/work/I2BC/fadwa.elkhaddar/BIM/ORFMINE/ORFmine/orfmine/orfribo/Test/DATA_PROCESSING/Trimming/Trimmed_fastq/SRR1562875/SRR1562875.cutadapt.25-35.fastq.gz
            echo "Reads are already trimmed." > /data/work/I2BC/fadwa.elkhaddar/BIM/ORFMINE/ORFmine/orfmine/orfribo/Test/SUPPLEMENTARY_DATA/Logs/Trimming/Trimmed_fastq/SRR1562875_adapt_trimming.log
        fi
        
[Fri Apr 26 12:37:24 2024]
Finished job 3.
8 of 56 steps (14%) done
Select jobs to execute...

[Fri Apr 26 12:37:24 2024]
rule bowtie_run_OutRNA:
    input: /data/work/I2BC/fadwa.elkhaddar/BIM/ORFMINE/ORFmine/orfmine/orfribo/Test/DATA_PROCESSING/Trimming/Trimmed_fastq/SRR1562875/SRR1562875.cutadapt.25-35.fastq.gz, /data/work/I2BC/fadwa.elkhaddar/BIM/ORFMINE/ORFmine/orfmine/orfribo/Test/DATA_PROCESSING/Mapping/Filter_Unwanted_Sequence/Index/index_bowtie2.1.bt2, /data/work/I2BC/fadwa.elkhaddar/BIM/ORFMINE/ORFmine/orfmine/orfribo/Test/DATA_PROCESSING/Mapping/Filter_Unwanted_Sequence/Index/index_bowtie2.2.bt2, /data/work/I2BC/fadwa.elkhaddar/BIM/ORFMINE/ORFmine/orfmine/orfribo/Test/DATA_PROCESSING/Mapping/Filter_Unwanted_Sequence/Index/index_bowtie2.3.bt2, /data/work/I2BC/fadwa.elkhaddar/BIM/ORFMINE/ORFmine/orfmine/orfribo/Test/DATA_PROCESSING/Mapping/Filter_Unwanted_Sequence/Index/index_bowtie2.4.bt2, /data/work/I2BC/fadwa.elkhaddar/BIM/ORFMINE/ORFmine/orfmine/orfribo/Test/DATA_PROCESSING/Mapping/Filter_Unwanted_Sequence/Index/index_bowtie2.rev.1.bt2, /data/work/I2BC/fadwa.elkhaddar/BIM/ORFMINE/ORFmine/orfmine/orfribo/Test/DATA_PROCESSING/Mapping/Filter_Unwanted_Sequence/Index/index_bowtie2.rev.2.bt2
    output: /data/work/I2BC/fadwa.elkhaddar/BIM/ORFMINE/ORFmine/orfmine/orfribo/Test/DATA_PROCESSING/Mapping/Filter_Unwanted_Sequence/Results/SRR1562875/SRR1562875_Unmapped.fastq.gz
    log: /data/work/I2BC/fadwa.elkhaddar/BIM/ORFMINE/ORFmine/orfmine/orfribo/Test/SUPPLEMENTARY_DATA/Logs/Mapping/Filter_Unwanted_Sequence/SRR1562875_Filter_Unwanted_Sequence.log
    jobid: 6
    benchmark: /data/work/I2BC/fadwa.elkhaddar/BIM/ORFMINE/ORFmine/orfmine/orfribo/Test/SUPPLEMENTARY_DATA/Benchmarks/Mapping/Filter_Unwanted_Sequence/SRR1562875_Filter_Unwanted_Sequence.benchmark.txt
    reason: Missing output files: /data/work/I2BC/fadwa.elkhaddar/BIM/ORFMINE/ORFmine/orfmine/orfribo/Test/DATA_PROCESSING/Mapping/Filter_Unwanted_Sequence/Results/SRR1562875/SRR1562875_Unmapped.fastq.gz; Input files updated by another job: /data/work/I2BC/fadwa.elkhaddar/BIM/ORFMINE/ORFmine/orfmine/orfribo/Test/DATA_PROCESSING/Mapping/Filter_Unwanted_Sequence/Index/index_bowtie2.rev.1.bt2, /data/work/I2BC/fadwa.elkhaddar/BIM/ORFMINE/ORFmine/orfmine/orfribo/Test/DATA_PROCESSING/Trimming/Trimmed_fastq/SRR1562875/SRR1562875.cutadapt.25-35.fastq.gz, /data/work/I2BC/fadwa.elkhaddar/BIM/ORFMINE/ORFmine/orfmine/orfribo/Test/DATA_PROCESSING/Mapping/Filter_Unwanted_Sequence/Index/index_bowtie2.2.bt2, /data/work/I2BC/fadwa.elkhaddar/BIM/ORFMINE/ORFmine/orfmine/orfribo/Test/DATA_PROCESSING/Mapping/Filter_Unwanted_Sequence/Index/index_bowtie2.1.bt2, /data/work/I2BC/fadwa.elkhaddar/BIM/ORFMINE/ORFmine/orfmine/orfribo/Test/DATA_PROCESSING/Mapping/Filter_Unwanted_Sequence/Index/index_bowtie2.rev.2.bt2, /data/work/I2BC/fadwa.elkhaddar/BIM/ORFMINE/ORFmine/orfmine/orfribo/Test/DATA_PROCESSING/Mapping/Filter_Unwanted_Sequence/Index/index_bowtie2.3.bt2, /data/work/I2BC/fadwa.elkhaddar/BIM/ORFMINE/ORFmine/orfmine/orfribo/Test/DATA_PROCESSING/Mapping/Filter_Unwanted_Sequence/Index/index_bowtie2.4.bt2
    wildcards: sample=SRR1562875
    threads: 8
    resources: tmpdir=/var/tmp/pbs.980092.pbsserver, mem_mb=2000

bowtie2 -x /data/work/I2BC/fadwa.elkhaddar/BIM/ORFMINE/ORFmine/orfmine/orfribo/Test/DATA_PROCESSING/Mapping/Filter_Unwanted_Sequence/Index/index_bowtie2 --threads 8 -U /data/work/I2BC/fadwa.elkhaddar/BIM/ORFMINE/ORFmine/orfmine/orfribo/Test/DATA_PROCESSING/Trimming/Trimmed_fastq/SRR1562875/SRR1562875.cutadapt.25-35.fastq.gz --un-gz /data/work/I2BC/fadwa.elkhaddar/BIM/ORFMINE/ORFmine/orfmine/orfribo/Test/DATA_PROCESSING/Mapping/Filter_Unwanted_Sequence/Results/SRR1562875/SRR1562875_Unmapped.fastq.gz > /dev/null 2>> /data/work/I2BC/fadwa.elkhaddar/BIM/ORFMINE/ORFmine/orfmine/orfribo/Test/SUPPLEMENTARY_DATA/Logs/Mapping/Filter_Unwanted_Sequence/SRR1562875_Filter_Unwanted_Sequence.log
[Fri Apr 26 12:48:08 2024]
Finished job 6.
9 of 56 steps (16%) done
Select jobs to execute...

[Fri Apr 26 12:48:08 2024]
rule Mapping_ORFeome_Hisat2_Bowtie2:
    input: /data/work/I2BC/fadwa.elkhaddar/BIM/ORFMINE/ORFmine/orfmine/orfribo/Test/DATA_PROCESSING/Mapping/Filter_Unwanted_Sequence/Results/SRR1562875/SRR1562875_Unmapped.fastq.gz, /data/work/I2BC/fadwa.elkhaddar/BIM/ORFMINE/ORFmine/orfmine/orfribo/Test/DATA_PROCESSING/Mapping/ORFeome/Hisat2/Index/index_hisat2.1.ht2, /data/work/I2BC/fadwa.elkhaddar/BIM/ORFMINE/ORFmine/orfmine/orfribo/Test/DATA_PROCESSING/Mapping/ORFeome/Hisat2/Index/index_hisat2.2.ht2, /data/work/I2BC/fadwa.elkhaddar/BIM/ORFMINE/ORFmine/orfmine/orfribo/Test/DATA_PROCESSING/Mapping/ORFeome/Hisat2/Index/index_hisat2.3.ht2, /data/work/I2BC/fadwa.elkhaddar/BIM/ORFMINE/ORFmine/orfmine/orfribo/Test/DATA_PROCESSING/Mapping/ORFeome/Hisat2/Index/index_hisat2.4.ht2, /data/work/I2BC/fadwa.elkhaddar/BIM/ORFMINE/ORFmine/orfmine/orfribo/Test/DATA_PROCESSING/Mapping/ORFeome/Hisat2/Index/index_hisat2.5.ht2, /data/work/I2BC/fadwa.elkhaddar/BIM/ORFMINE/ORFmine/orfmine/orfribo/Test/DATA_PROCESSING/Mapping/ORFeome/Hisat2/Index/index_hisat2.6.ht2, /data/work/I2BC/fadwa.elkhaddar/BIM/ORFMINE/ORFmine/orfmine/orfribo/Test/DATA_PROCESSING/Mapping/ORFeome/Hisat2/Index/index_hisat2.7.ht2, /data/work/I2BC/fadwa.elkhaddar/BIM/ORFMINE/ORFmine/orfmine/orfribo/Test/DATA_PROCESSING/Mapping/ORFeome/Hisat2/Index/index_hisat2.8.ht2, /data/work/I2BC/fadwa.elkhaddar/BIM/ORFMINE/ORFmine/orfmine/orfribo/Test/DATA_PROCESSING/Mapping/ORFeome/Bowtie2/Index/index_bowtie2.1.bt2, /data/work/I2BC/fadwa.elkhaddar/BIM/ORFMINE/ORFmine/orfmine/orfribo/Test/DATA_PROCESSING/Mapping/ORFeome/Bowtie2/Index/index_bowtie2.2.bt2, /data/work/I2BC/fadwa.elkhaddar/BIM/ORFMINE/ORFmine/orfmine/orfribo/Test/DATA_PROCESSING/Mapping/ORFeome/Bowtie2/Index/index_bowtie2.3.bt2, /data/work/I2BC/fadwa.elkhaddar/BIM/ORFMINE/ORFmine/orfmine/orfribo/Test/DATA_PROCESSING/Mapping/ORFeome/Bowtie2/Index/index_bowtie2.4.bt2, /data/work/I2BC/fadwa.elkhaddar/BIM/ORFMINE/ORFmine/orfmine/orfribo/Test/DATA_PROCESSING/Mapping/ORFeome/Bowtie2/Index/index_bowtie2.rev.1.bt2, /data/work/I2BC/fadwa.elkhaddar/BIM/ORFMINE/ORFmine/orfmine/orfribo/Test/DATA_PROCESSING/Mapping/ORFeome/Bowtie2/Index/index_bowtie2.rev.2.bt2
    output: /data/work/I2BC/fadwa.elkhaddar/BIM/ORFMINE/ORFmine/orfmine/orfribo/Test/DATA_PROCESSING/Mapping/ORFeome/Hisat2/Results/SRR1562875/SRR1562875.sam, /data/work/I2BC/fadwa.elkhaddar/BIM/ORFMINE/ORFmine/orfmine/orfribo/Test/DATA_PROCESSING/Mapping/ORFeome/Bowtie2/Results/SRR1562875/SRR1562875.sam, /data/work/I2BC/fadwa.elkhaddar/BIM/ORFMINE/ORFmine/orfmine/orfribo/Test/DATA_PROCESSING/ORFeome_Fastq/SRR1562875/SRR1562875_Unmapped.fastq.gz
    log: /data/work/I2BC/fadwa.elkhaddar/BIM/ORFMINE/ORFmine/orfmine/orfribo/Test/SUPPLEMENTARY_DATA/Logs/Mapping/ORFeome/Hisat2/SRR1562875_hisat2_mapping.log, /data/work/I2BC/fadwa.elkhaddar/BIM/ORFMINE/ORFmine/orfmine/orfribo/Test/SUPPLEMENTARY_DATA/Logs/Mapping/ORFeome/Bowtie2/SRR1562875_bowie2_mapping.log
    jobid: 5
    benchmark: /data/work/I2BC/fadwa.elkhaddar/BIM/ORFMINE/ORFmine/orfmine/orfribo/Test/SUPPLEMENTARY_DATA/Benchmarks/Mapping/ORFeome/Hisat2/SRR1562875_HISAT_Bowtie2_Mapping_ORFeome.benchmark.txt
    reason: Missing output files: /data/work/I2BC/fadwa.elkhaddar/BIM/ORFMINE/ORFmine/orfmine/orfribo/Test/DATA_PROCESSING/Mapping/ORFeome/Hisat2/Results/SRR1562875/SRR1562875.sam, /data/work/I2BC/fadwa.elkhaddar/BIM/ORFMINE/ORFmine/orfmine/orfribo/Test/DATA_PROCESSING/Mapping/ORFeome/Bowtie2/Results/SRR1562875/SRR1562875.sam; Input files updated by another job: /data/work/I2BC/fadwa.elkhaddar/BIM/ORFMINE/ORFmine/orfmine/orfribo/Test/DATA_PROCESSING/Mapping/ORFeome/Hisat2/Index/index_hisat2.5.ht2, /data/work/I2BC/fadwa.elkhaddar/BIM/ORFMINE/ORFmine/orfmine/orfribo/Test/DATA_PROCESSING/Mapping/Filter_Unwanted_Sequence/Results/SRR1562875/SRR1562875_Unmapped.fastq.gz, /data/work/I2BC/fadwa.elkhaddar/BIM/ORFMINE/ORFmine/orfmine/orfribo/Test/DATA_PROCESSING/Mapping/ORFeome/Hisat2/Index/index_hisat2.8.ht2, /data/work/I2BC/fadwa.elkhaddar/BIM/ORFMINE/ORFmine/orfmine/orfribo/Test/DATA_PROCESSING/Mapping/ORFeome/Bowtie2/Index/index_bowtie2.rev.2.bt2, /data/work/I2BC/fadwa.elkhaddar/BIM/ORFMINE/ORFmine/orfmine/orfribo/Test/DATA_PROCESSING/Mapping/ORFeome/Hisat2/Index/index_hisat2.3.ht2, /data/work/I2BC/fadwa.elkhaddar/BIM/ORFMINE/ORFmine/orfmine/orfribo/Test/DATA_PROCESSING/Mapping/ORFeome/Hisat2/Index/index_hisat2.2.ht2, /data/work/I2BC/fadwa.elkhaddar/BIM/ORFMINE/ORFmine/orfmine/orfribo/Test/DATA_PROCESSING/Mapping/ORFeome/Bowtie2/Index/index_bowtie2.4.bt2, /data/work/I2BC/fadwa.elkhaddar/BIM/ORFMINE/ORFmine/orfmine/orfribo/Test/DATA_PROCESSING/Mapping/ORFeome/Bowtie2/Index/index_bowtie2.1.bt2, /data/work/I2BC/fadwa.elkhaddar/BIM/ORFMINE/ORFmine/orfmine/orfribo/Test/DATA_PROCESSING/Mapping/ORFeome/Hisat2/Index/index_hisat2.7.ht2, /data/work/I2BC/fadwa.elkhaddar/BIM/ORFMINE/ORFmine/orfmine/orfribo/Test/DATA_PROCESSING/Mapping/ORFeome/Bowtie2/Index/index_bowtie2.2.bt2, /data/work/I2BC/fadwa.elkhaddar/BIM/ORFMINE/ORFmine/orfmine/orfribo/Test/DATA_PROCESSING/Mapping/ORFeome/Hisat2/Index/index_hisat2.6.ht2, /data/work/I2BC/fadwa.elkhaddar/BIM/ORFMINE/ORFmine/orfmine/orfribo/Test/DATA_PROCESSING/Mapping/ORFeome/Hisat2/Index/index_hisat2.1.ht2, /data/work/I2BC/fadwa.elkhaddar/BIM/ORFMINE/ORFmine/orfmine/orfribo/Test/DATA_PROCESSING/Mapping/ORFeome/Bowtie2/Index/index_bowtie2.3.bt2, /data/work/I2BC/fadwa.elkhaddar/BIM/ORFMINE/ORFmine/orfmine/orfribo/Test/DATA_PROCESSING/Mapping/ORFeome/Bowtie2/Index/index_bowtie2.rev.1.bt2, /data/work/I2BC/fadwa.elkhaddar/BIM/ORFMINE/ORFmine/orfmine/orfribo/Test/DATA_PROCESSING/Mapping/ORFeome/Hisat2/Index/index_hisat2.4.ht2
    wildcards: sample=SRR1562875
    threads: 8
    resources: tmpdir=/var/tmp/pbs.980092.pbsserver

hisat2 -x /data/work/I2BC/fadwa.elkhaddar/BIM/ORFMINE/ORFmine/orfmine/orfribo/Test/DATA_PROCESSING/Mapping/ORFeome/Hisat2/Index/index_hisat2 --threads 8 -U /data/work/I2BC/fadwa.elkhaddar/BIM/ORFMINE/ORFmine/orfmine/orfribo/Test/DATA_PROCESSING/Mapping/Filter_Unwanted_Sequence/Results/SRR1562875/SRR1562875_Unmapped.fastq.gz --un-gz /data/work/I2BC/fadwa.elkhaddar/BIM/ORFMINE/ORFmine/orfmine/orfribo/Test/DATA_PROCESSING/ORFeome_Fastq/SRR1562875/SRR1562875_Unmapped.fastq.gz -S /data/work/I2BC/fadwa.elkhaddar/BIM/ORFMINE/ORFmine/orfmine/orfribo/Test/DATA_PROCESSING/Mapping/ORFeome/Hisat2/Results/SRR1562875/SRR1562875.sam 2>> /data/work/I2BC/fadwa.elkhaddar/BIM/ORFMINE/ORFmine/orfmine/orfribo/Test/SUPPLEMENTARY_DATA/Logs/Mapping/ORFeome/Hisat2/SRR1562875_hisat2_mapping.log;bowtie2 -x /data/work/I2BC/fadwa.elkhaddar/BIM/ORFMINE/ORFmine/orfmine/orfribo/Test/DATA_PROCESSING/Mapping/ORFeome/Bowtie2/Index/index_bowtie2 --threads 8 -U /data/work/I2BC/fadwa.elkhaddar/BIM/ORFMINE/ORFmine/orfmine/orfribo/Test/DATA_PROCESSING/ORFeome_Fastq/SRR1562875/SRR1562875_Unmapped.fastq.gz -S /data/work/I2BC/fadwa.elkhaddar/BIM/ORFMINE/ORFmine/orfmine/orfribo/Test/DATA_PROCESSING/Mapping/ORFeome/Bowtie2/Results/SRR1562875/SRR1562875.sam 2>> /data/work/I2BC/fadwa.elkhaddar/BIM/ORFMINE/ORFmine/orfmine/orfribo/Test/SUPPLEMENTARY_DATA/Logs/Mapping/ORFeome/Bowtie2/SRR1562875_bowie2_mapping.log;
[Fri Apr 26 12:55:39 2024]
Finished job 5.
10 of 56 steps (18%) done
Select jobs to execute...

[Fri Apr 26 12:55:39 2024]
rule samtools_filter:
    input: /data/work/I2BC/fadwa.elkhaddar/BIM/ORFMINE/ORFmine/orfmine/orfribo/Test/DATA_PROCESSING/Mapping/ORFeome/Hisat2/Results/SRR1562875/SRR1562875.sam, /data/work/I2BC/fadwa.elkhaddar/BIM/ORFMINE/ORFmine/orfmine/orfribo/Test/DATA_PROCESSING/Mapping/ORFeome/Bowtie2/Results/SRR1562875/SRR1562875.sam
    output: /data/work/I2BC/fadwa.elkhaddar/BIM/ORFMINE/ORFmine/orfmine/orfribo/Test/RESULTS/BAM/ORFeome/SRR1562875/SRR1562875.bam
    jobid: 42
    benchmark: /data/work/I2BC/fadwa.elkhaddar/BIM/ORFMINE/ORFmine/orfmine/orfribo/Test/SUPPLEMENTARY_DATA/Benchmarks/BAM/ORFeome/SRR1562875_bam_ORFeome.benchmark.txt
    reason: Missing output files: /data/work/I2BC/fadwa.elkhaddar/BIM/ORFMINE/ORFmine/orfmine/orfribo/Test/RESULTS/BAM/ORFeome/SRR1562875/SRR1562875.bam; Input files updated by another job: /data/work/I2BC/fadwa.elkhaddar/BIM/ORFMINE/ORFmine/orfmine/orfribo/Test/DATA_PROCESSING/Mapping/ORFeome/Hisat2/Results/SRR1562875/SRR1562875.sam, /data/work/I2BC/fadwa.elkhaddar/BIM/ORFMINE/ORFmine/orfmine/orfribo/Test/DATA_PROCESSING/Mapping/ORFeome/Bowtie2/Results/SRR1562875/SRR1562875.sam
    wildcards: sample=SRR1562875
    threads: 8
    resources: tmpdir=/var/tmp/pbs.980092.pbsserver, mem_mb=667

set +o pipefail ;grep '^@' /data/work/I2BC/fadwa.elkhaddar/BIM/ORFMINE/ORFmine/orfmine/orfribo/Test/DATA_PROCESSING/Mapping/ORFeome/Hisat2/Results/SRR1562875/SRR1562875.sam 1> /data/work/I2BC/fadwa.elkhaddar/BIM/ORFMINE/ORFmine/orfmine/orfribo/Test/RESULTS/BAM/ORFeome/SRR1562875/SRR1562875.sam ; grep -v '^@' /data/work/I2BC/fadwa.elkhaddar/BIM/ORFMINE/ORFmine/orfmine/orfribo/Test/DATA_PROCESSING/Mapping/ORFeome/Hisat2/Results/SRR1562875/SRR1562875.sam | grep -v 'ZS:i:' | egrep -i 'XM:i:0|XM:i:1' 1>> /data/work/I2BC/fadwa.elkhaddar/BIM/ORFMINE/ORFmine/orfmine/orfribo/Test/RESULTS/BAM/ORFeome/SRR1562875/SRR1562875.sam ; grep -v '^@' /data/work/I2BC/fadwa.elkhaddar/BIM/ORFMINE/ORFmine/orfmine/orfribo/Test/DATA_PROCESSING/Mapping/ORFeome/Bowtie2/Results/SRR1562875/SRR1562875.sam | grep -v 'XS:i:' | egrep -i 'XM:i:0|XM:i:1' 1>> /data/work/I2BC/fadwa.elkhaddar/BIM/ORFMINE/ORFmine/orfmine/orfribo/Test/RESULTS/BAM/ORFeome/SRR1562875/SRR1562875.sam ;samtools view -@ 20 -F 3844 -q 1 -h -b /data/work/I2BC/fadwa.elkhaddar/BIM/ORFMINE/ORFmine/orfmine/orfribo/Test/RESULTS/BAM/ORFeome/SRR1562875/SRR1562875.sam | samtools sort -@ 20 -o /data/work/I2BC/fadwa.elkhaddar/BIM/ORFMINE/ORFmine/orfmine/orfribo/Test/RESULTS/BAM/ORFeome/SRR1562875/SRR1562875.bam ; rm /data/work/I2BC/fadwa.elkhaddar/BIM/ORFMINE/ORFmine/orfmine/orfribo/Test/RESULTS/BAM/ORFeome/SRR1562875/SRR1562875.sam;
[Fri Apr 26 12:56:24 2024]
Finished job 42.
11 of 56 steps (20%) done
Select jobs to execute...

[Fri Apr 26 12:56:24 2024]
rule ORFget:
    input: /data/work/I2BC/fadwa.elkhaddar/BIM/orfmine_tutorial/ORFmine/examples/database/Scer.fna, /data/work/I2BC/fadwa.elkhaddar/BIM/ORFMINE/ORFmine/orfmine/orfribo/Test/DATA_PROCESSING/Edited_Gff/Named.CDS_Scer.gff
    output: /data/work/I2BC/fadwa.elkhaddar/BIM/ORFMINE/ORFmine/orfmine/orfribo/Test/DATA_PROCESSING/Exome/Exome_elongated.nfasta, /data/work/I2BC/fadwa.elkhaddar/BIM/ORFMINE/ORFmine/orfmine/orfribo/Test/DATA_PROCESSING/Exome/Exome_elongated.gff, /data/work/I2BC/fadwa.elkhaddar/BIM/ORFMINE/ORFmine/orfmine/orfribo/Test/DATA_PROCESSING/Exome/Exome_elongated_with_gene_features.gff
    log: /data/work/I2BC/fadwa.elkhaddar/BIM/ORFMINE/ORFmine/orfmine/orfribo/Test/SUPPLEMENTARY_DATA/Logs/Exome/Exome_ORFget.log
    jobid: 12
    benchmark: /data/work/I2BC/fadwa.elkhaddar/BIM/ORFMINE/ORFmine/orfmine/orfribo/Test/SUPPLEMENTARY_DATA/Benchmarks/Exome/Exome_ORFget.benchmark.txt
    reason: Missing output files: /data/work/I2BC/fadwa.elkhaddar/BIM/ORFMINE/ORFmine/orfmine/orfribo/Test/DATA_PROCESSING/Exome/Exome_elongated.nfasta, /data/work/I2BC/fadwa.elkhaddar/BIM/ORFMINE/ORFmine/orfmine/orfribo/Test/DATA_PROCESSING/Exome/Exome_elongated_with_gene_features.gff, /data/work/I2BC/fadwa.elkhaddar/BIM/ORFMINE/ORFmine/orfmine/orfribo/Test/DATA_PROCESSING/Exome/Exome_elongated.gff; Input files updated by another job: /data/work/I2BC/fadwa.elkhaddar/BIM/ORFMINE/ORFmine/orfmine/orfribo/Test/DATA_PROCESSING/Edited_Gff/Named.CDS_Scer.gff; Code has changed since last execution; Params have changed since last execution
    resources: tmpdir=/var/tmp/pbs.980092.pbsserver

gff2prot --fna /data/work/I2BC/fadwa.elkhaddar/BIM/orfmine_tutorial/ORFmine/examples/database/Scer.fna --gff /data/work/I2BC/fadwa.elkhaddar/BIM/ORFMINE/ORFmine/orfmine/orfribo/Test/DATA_PROCESSING/Edited_Gff/Named.CDS_Scer.gff --features CDS --outdir /data/work/I2BC/fadwa.elkhaddar/BIM/ORFMINE/ORFmine/orfmine/orfribo/Test/DATA_PROCESSING/Exome --out-basename Exome_elongated --nucleic --elongate 50 --stop-end; mv /data/work/I2BC/fadwa.elkhaddar/BIM/ORFMINE/ORFmine/orfmine/orfribo/Test/DATA_PROCESSING/Exome/Exome_elongated.gff /data/work/I2BC/fadwa.elkhaddar/BIM/ORFMINE/ORFmine/orfmine/orfribo/Test/DATA_PROCESSING/Exome/Exome_elongated_with_gene_features.gff;awk '$3 !~ /gene/' /data/work/I2BC/fadwa.elkhaddar/BIM/ORFMINE/ORFmine/orfmine/orfribo/Test/DATA_PROCESSING/Exome/Exome_elongated_with_gene_features.gff > /data/work/I2BC/fadwa.elkhaddar/BIM/ORFMINE/ORFmine/orfmine/orfribo/Test/DATA_PROCESSING/Exome/Exome_elongated.gff;
[Fri Apr 26 12:57:02 2024]
Finished job 12.
12 of 56 steps (21%) done
Select jobs to execute...

[Fri Apr 26 12:57:02 2024]
rule index_Exome_HISAT2:
    input: /data/work/I2BC/fadwa.elkhaddar/BIM/ORFMINE/ORFmine/orfmine/orfribo/Test/DATA_PROCESSING/Exome/Exome_elongated.nfasta
    output: /data/work/I2BC/fadwa.elkhaddar/BIM/ORFMINE/ORFmine/orfmine/orfribo/Test/DATA_PROCESSING/Mapping/Exome/Hisat2/Index/index_hisat2.1.ht2, /data/work/I2BC/fadwa.elkhaddar/BIM/ORFMINE/ORFmine/orfmine/orfribo/Test/DATA_PROCESSING/Mapping/Exome/Hisat2/Index/index_hisat2.2.ht2, /data/work/I2BC/fadwa.elkhaddar/BIM/ORFMINE/ORFmine/orfmine/orfribo/Test/DATA_PROCESSING/Mapping/Exome/Hisat2/Index/index_hisat2.3.ht2, /data/work/I2BC/fadwa.elkhaddar/BIM/ORFMINE/ORFmine/orfmine/orfribo/Test/DATA_PROCESSING/Mapping/Exome/Hisat2/Index/index_hisat2.4.ht2, /data/work/I2BC/fadwa.elkhaddar/BIM/ORFMINE/ORFmine/orfmine/orfribo/Test/DATA_PROCESSING/Mapping/Exome/Hisat2/Index/index_hisat2.5.ht2, /data/work/I2BC/fadwa.elkhaddar/BIM/ORFMINE/ORFmine/orfmine/orfribo/Test/DATA_PROCESSING/Mapping/Exome/Hisat2/Index/index_hisat2.6.ht2, /data/work/I2BC/fadwa.elkhaddar/BIM/ORFMINE/ORFmine/orfmine/orfribo/Test/DATA_PROCESSING/Mapping/Exome/Hisat2/Index/index_hisat2.7.ht2, /data/work/I2BC/fadwa.elkhaddar/BIM/ORFMINE/ORFmine/orfmine/orfribo/Test/DATA_PROCESSING/Mapping/Exome/Hisat2/Index/index_hisat2.8.ht2
    log: /data/work/I2BC/fadwa.elkhaddar/BIM/ORFMINE/ORFmine/orfmine/orfribo/Test/SUPPLEMENTARY_DATA/Logs/Mapping/Exome/Hisat2/Index/Exome_index.log
    jobid: 11
    benchmark: /data/work/I2BC/fadwa.elkhaddar/BIM/ORFMINE/ORFmine/orfmine/orfribo/Test/SUPPLEMENTARY_DATA/Benchmarks/Mapping/Exome/Hisat2/Index/Exome_index.benchmark.txt
    reason: Missing output files: /data/work/I2BC/fadwa.elkhaddar/BIM/ORFMINE/ORFmine/orfmine/orfribo/Test/DATA_PROCESSING/Mapping/Exome/Hisat2/Index/index_hisat2.2.ht2, /data/work/I2BC/fadwa.elkhaddar/BIM/ORFMINE/ORFmine/orfmine/orfribo/Test/DATA_PROCESSING/Mapping/Exome/Hisat2/Index/index_hisat2.6.ht2, /data/work/I2BC/fadwa.elkhaddar/BIM/ORFMINE/ORFmine/orfmine/orfribo/Test/DATA_PROCESSING/Mapping/Exome/Hisat2/Index/index_hisat2.4.ht2, /data/work/I2BC/fadwa.elkhaddar/BIM/ORFMINE/ORFmine/orfmine/orfribo/Test/DATA_PROCESSING/Mapping/Exome/Hisat2/Index/index_hisat2.7.ht2, /data/work/I2BC/fadwa.elkhaddar/BIM/ORFMINE/ORFmine/orfmine/orfribo/Test/DATA_PROCESSING/Mapping/Exome/Hisat2/Index/index_hisat2.3.ht2, /data/work/I2BC/fadwa.elkhaddar/BIM/ORFMINE/ORFmine/orfmine/orfribo/Test/DATA_PROCESSING/Mapping/Exome/Hisat2/Index/index_hisat2.8.ht2, /data/work/I2BC/fadwa.elkhaddar/BIM/ORFMINE/ORFmine/orfmine/orfribo/Test/DATA_PROCESSING/Mapping/Exome/Hisat2/Index/index_hisat2.1.ht2, /data/work/I2BC/fadwa.elkhaddar/BIM/ORFMINE/ORFmine/orfmine/orfribo/Test/DATA_PROCESSING/Mapping/Exome/Hisat2/Index/index_hisat2.5.ht2; Input files updated by another job: /data/work/I2BC/fadwa.elkhaddar/BIM/ORFMINE/ORFmine/orfmine/orfribo/Test/DATA_PROCESSING/Exome/Exome_elongated.nfasta
    threads: 8
    resources: tmpdir=/var/tmp/pbs.980092.pbsserver

hisat2-build --threads 8 /data/work/I2BC/fadwa.elkhaddar/BIM/ORFMINE/ORFmine/orfmine/orfribo/Test/DATA_PROCESSING/Exome/Exome_elongated.nfasta /data/work/I2BC/fadwa.elkhaddar/BIM/ORFMINE/ORFmine/orfmine/orfribo/Test/DATA_PROCESSING/Mapping/Exome/Hisat2/Index/index_hisat2 &> /data/work/I2BC/fadwa.elkhaddar/BIM/ORFMINE/ORFmine/orfmine/orfribo/Test/SUPPLEMENTARY_DATA/Logs/Mapping/Exome/Hisat2/Index/Exome_index.log ;
[Fri Apr 26 12:57:23 2024]
Finished job 11.
13 of 56 steps (23%) done
Select jobs to execute...

[Fri Apr 26 12:57:23 2024]
rule index_Exome_BOWTIE2:
    input: /data/work/I2BC/fadwa.elkhaddar/BIM/ORFMINE/ORFmine/orfmine/orfribo/Test/DATA_PROCESSING/Exome/Exome_elongated.nfasta
    output: /data/work/I2BC/fadwa.elkhaddar/BIM/ORFMINE/ORFmine/orfmine/orfribo/Test/DATA_PROCESSING/Mapping/Exome/Bowtie2/Index/index_bowtie2.1.bt2, /data/work/I2BC/fadwa.elkhaddar/BIM/ORFMINE/ORFmine/orfmine/orfribo/Test/DATA_PROCESSING/Mapping/Exome/Bowtie2/Index/index_bowtie2.2.bt2, /data/work/I2BC/fadwa.elkhaddar/BIM/ORFMINE/ORFmine/orfmine/orfribo/Test/DATA_PROCESSING/Mapping/Exome/Bowtie2/Index/index_bowtie2.3.bt2, /data/work/I2BC/fadwa.elkhaddar/BIM/ORFMINE/ORFmine/orfmine/orfribo/Test/DATA_PROCESSING/Mapping/Exome/Bowtie2/Index/index_bowtie2.4.bt2, /data/work/I2BC/fadwa.elkhaddar/BIM/ORFMINE/ORFmine/orfmine/orfribo/Test/DATA_PROCESSING/Mapping/Exome/Bowtie2/Index/index_bowtie2.rev.1.bt2, /data/work/I2BC/fadwa.elkhaddar/BIM/ORFMINE/ORFmine/orfmine/orfribo/Test/DATA_PROCESSING/Mapping/Exome/Bowtie2/Index/index_bowtie2.rev.2.bt2
    log: /data/work/I2BC/fadwa.elkhaddar/BIM/ORFMINE/ORFmine/orfmine/orfribo/Test/SUPPLEMENTARY_DATA/Logs/Mapping/Exome/Bowtie2/Index/Exome_index.log
    jobid: 13
    benchmark: /data/work/I2BC/fadwa.elkhaddar/BIM/ORFMINE/ORFmine/orfmine/orfribo/Test/SUPPLEMENTARY_DATA/Benchmarks/Mapping/Exome/Bowtie2/Index/Exome_index.benchmark.txt
    reason: Missing output files: /data/work/I2BC/fadwa.elkhaddar/BIM/ORFMINE/ORFmine/orfmine/orfribo/Test/DATA_PROCESSING/Mapping/Exome/Bowtie2/Index/index_bowtie2.2.bt2, /data/work/I2BC/fadwa.elkhaddar/BIM/ORFMINE/ORFmine/orfmine/orfribo/Test/DATA_PROCESSING/Mapping/Exome/Bowtie2/Index/index_bowtie2.3.bt2, /data/work/I2BC/fadwa.elkhaddar/BIM/ORFMINE/ORFmine/orfmine/orfribo/Test/DATA_PROCESSING/Mapping/Exome/Bowtie2/Index/index_bowtie2.rev.2.bt2, /data/work/I2BC/fadwa.elkhaddar/BIM/ORFMINE/ORFmine/orfmine/orfribo/Test/DATA_PROCESSING/Mapping/Exome/Bowtie2/Index/index_bowtie2.4.bt2, /data/work/I2BC/fadwa.elkhaddar/BIM/ORFMINE/ORFmine/orfmine/orfribo/Test/DATA_PROCESSING/Mapping/Exome/Bowtie2/Index/index_bowtie2.1.bt2, /data/work/I2BC/fadwa.elkhaddar/BIM/ORFMINE/ORFmine/orfmine/orfribo/Test/DATA_PROCESSING/Mapping/Exome/Bowtie2/Index/index_bowtie2.rev.1.bt2; Input files updated by another job: /data/work/I2BC/fadwa.elkhaddar/BIM/ORFMINE/ORFmine/orfmine/orfribo/Test/DATA_PROCESSING/Exome/Exome_elongated.nfasta
    threads: 8
    resources: tmpdir=/var/tmp/pbs.980092.pbsserver

bowtie2-build --threads 8 /data/work/I2BC/fadwa.elkhaddar/BIM/ORFMINE/ORFmine/orfmine/orfribo/Test/DATA_PROCESSING/Exome/Exome_elongated.nfasta /data/work/I2BC/fadwa.elkhaddar/BIM/ORFMINE/ORFmine/orfmine/orfribo/Test/DATA_PROCESSING/Mapping/Exome/Bowtie2/Index/index_bowtie2 &> /data/work/I2BC/fadwa.elkhaddar/BIM/ORFMINE/ORFmine/orfmine/orfribo/Test/SUPPLEMENTARY_DATA/Logs/Mapping/Exome/Bowtie2/Index/Exome_index.log ;
[Fri Apr 26 12:57:42 2024]
Finished job 13.
14 of 56 steps (25%) done
Select jobs to execute...

[Fri Apr 26 12:57:42 2024]
rule Mapping_Exome_Hisat2_Bowtie2:
    input: /data/work/I2BC/fadwa.elkhaddar/BIM/ORFMINE/ORFmine/orfmine/orfribo/Test/DATA_PROCESSING/Mapping/Filter_Unwanted_Sequence/Results/SRR1562875/SRR1562875_Unmapped.fastq.gz, /data/work/I2BC/fadwa.elkhaddar/BIM/ORFMINE/ORFmine/orfmine/orfribo/Test/DATA_PROCESSING/Mapping/Exome/Hisat2/Index/index_hisat2.1.ht2, /data/work/I2BC/fadwa.elkhaddar/BIM/ORFMINE/ORFmine/orfmine/orfribo/Test/DATA_PROCESSING/Mapping/Exome/Hisat2/Index/index_hisat2.2.ht2, /data/work/I2BC/fadwa.elkhaddar/BIM/ORFMINE/ORFmine/orfmine/orfribo/Test/DATA_PROCESSING/Mapping/Exome/Hisat2/Index/index_hisat2.3.ht2, /data/work/I2BC/fadwa.elkhaddar/BIM/ORFMINE/ORFmine/orfmine/orfribo/Test/DATA_PROCESSING/Mapping/Exome/Hisat2/Index/index_hisat2.4.ht2, /data/work/I2BC/fadwa.elkhaddar/BIM/ORFMINE/ORFmine/orfmine/orfribo/Test/DATA_PROCESSING/Mapping/Exome/Hisat2/Index/index_hisat2.5.ht2, /data/work/I2BC/fadwa.elkhaddar/BIM/ORFMINE/ORFmine/orfmine/orfribo/Test/DATA_PROCESSING/Mapping/Exome/Hisat2/Index/index_hisat2.6.ht2, /data/work/I2BC/fadwa.elkhaddar/BIM/ORFMINE/ORFmine/orfmine/orfribo/Test/DATA_PROCESSING/Mapping/Exome/Hisat2/Index/index_hisat2.7.ht2, /data/work/I2BC/fadwa.elkhaddar/BIM/ORFMINE/ORFmine/orfmine/orfribo/Test/DATA_PROCESSING/Mapping/Exome/Hisat2/Index/index_hisat2.8.ht2, /data/work/I2BC/fadwa.elkhaddar/BIM/ORFMINE/ORFmine/orfmine/orfribo/Test/DATA_PROCESSING/Mapping/Exome/Bowtie2/Index/index_bowtie2.1.bt2, /data/work/I2BC/fadwa.elkhaddar/BIM/ORFMINE/ORFmine/orfmine/orfribo/Test/DATA_PROCESSING/Mapping/Exome/Bowtie2/Index/index_bowtie2.2.bt2, /data/work/I2BC/fadwa.elkhaddar/BIM/ORFMINE/ORFmine/orfmine/orfribo/Test/DATA_PROCESSING/Mapping/Exome/Bowtie2/Index/index_bowtie2.3.bt2, /data/work/I2BC/fadwa.elkhaddar/BIM/ORFMINE/ORFmine/orfmine/orfribo/Test/DATA_PROCESSING/Mapping/Exome/Bowtie2/Index/index_bowtie2.4.bt2, /data/work/I2BC/fadwa.elkhaddar/BIM/ORFMINE/ORFmine/orfmine/orfribo/Test/DATA_PROCESSING/Mapping/Exome/Bowtie2/Index/index_bowtie2.rev.1.bt2, /data/work/I2BC/fadwa.elkhaddar/BIM/ORFMINE/ORFmine/orfmine/orfribo/Test/DATA_PROCESSING/Mapping/Exome/Bowtie2/Index/index_bowtie2.rev.2.bt2
    output: /data/work/I2BC/fadwa.elkhaddar/BIM/ORFMINE/ORFmine/orfmine/orfribo/Test/DATA_PROCESSING/Mapping/Exome/Hisat2/Results/SRR1562875/SRR1562875.sam, /data/work/I2BC/fadwa.elkhaddar/BIM/ORFMINE/ORFmine/orfmine/orfribo/Test/DATA_PROCESSING/Mapping/Exome/Bowtie2/Results/SRR1562875/SRR1562875.sam, /data/work/I2BC/fadwa.elkhaddar/BIM/ORFMINE/ORFmine/orfmine/orfribo/Test/DATA_PROCESSING/Exome_Fastq/SRR1562875/SRR1562875_Unmapped.fastq.gz
    log: /data/work/I2BC/fadwa.elkhaddar/BIM/ORFMINE/ORFmine/orfmine/orfribo/Test/SUPPLEMENTARY_DATA/Logs/Mapping/Exome/Hisat2/SRR1562875_hisat2_mapping.log, /data/work/I2BC/fadwa.elkhaddar/BIM/ORFMINE/ORFmine/orfmine/orfribo/Test/SUPPLEMENTARY_DATA/Logs/Mapping/Exome/Bowtie2/SRR1562875_bowie2_mapping.log
    jobid: 10
    benchmark: /data/work/I2BC/fadwa.elkhaddar/BIM/ORFMINE/ORFmine/orfmine/orfribo/Test/SUPPLEMENTARY_DATA/Benchmarks/Mapping/Exome/Hisat2/SRR1562875_HISAT_Bowtie2_Mapping_Orfeum.benchmark.txt
    reason: Missing output files: /data/work/I2BC/fadwa.elkhaddar/BIM/ORFMINE/ORFmine/orfmine/orfribo/Test/DATA_PROCESSING/Mapping/Exome/Bowtie2/Results/SRR1562875/SRR1562875.sam, /data/work/I2BC/fadwa.elkhaddar/BIM/ORFMINE/ORFmine/orfmine/orfribo/Test/DATA_PROCESSING/Exome_Fastq/SRR1562875/SRR1562875_Unmapped.fastq.gz, /data/work/I2BC/fadwa.elkhaddar/BIM/ORFMINE/ORFmine/orfmine/orfribo/Test/DATA_PROCESSING/Mapping/Exome/Hisat2/Results/SRR1562875/SRR1562875.sam; Input files updated by another job: /data/work/I2BC/fadwa.elkhaddar/BIM/ORFMINE/ORFmine/orfmine/orfribo/Test/DATA_PROCESSING/Mapping/Filter_Unwanted_Sequence/Results/SRR1562875/SRR1562875_Unmapped.fastq.gz, /data/work/I2BC/fadwa.elkhaddar/BIM/ORFMINE/ORFmine/orfmine/orfribo/Test/DATA_PROCESSING/Mapping/Exome/Hisat2/Index/index_hisat2.8.ht2, /data/work/I2BC/fadwa.elkhaddar/BIM/ORFMINE/ORFmine/orfmine/orfribo/Test/DATA_PROCESSING/Mapping/Exome/Hisat2/Index/index_hisat2.2.ht2, /data/work/I2BC/fadwa.elkhaddar/BIM/ORFMINE/ORFmine/orfmine/orfribo/Test/DATA_PROCESSING/Mapping/Exome/Hisat2/Index/index_hisat2.6.ht2, /data/work/I2BC/fadwa.elkhaddar/BIM/ORFMINE/ORFmine/orfmine/orfribo/Test/DATA_PROCESSING/Mapping/Exome/Bowtie2/Index/index_bowtie2.2.bt2, /data/work/I2BC/fadwa.elkhaddar/BIM/ORFMINE/ORFmine/orfmine/orfribo/Test/DATA_PROCESSING/Mapping/Exome/Hisat2/Index/index_hisat2.4.ht2, /data/work/I2BC/fadwa.elkhaddar/BIM/ORFMINE/ORFmine/orfmine/orfribo/Test/DATA_PROCESSING/Mapping/Exome/Bowtie2/Index/index_bowtie2.3.bt2, /data/work/I2BC/fadwa.elkhaddar/BIM/ORFMINE/ORFmine/orfmine/orfribo/Test/DATA_PROCESSING/Mapping/Exome/Bowtie2/Index/index_bowtie2.rev.2.bt2, /data/work/I2BC/fadwa.elkhaddar/BIM/ORFMINE/ORFmine/orfmine/orfribo/Test/DATA_PROCESSING/Mapping/Exome/Bowtie2/Index/index_bowtie2.4.bt2, /data/work/I2BC/fadwa.elkhaddar/BIM/ORFMINE/ORFmine/orfmine/orfribo/Test/DATA_PROCESSING/Mapping/Exome/Hisat2/Index/index_hisat2.3.ht2, /data/work/I2BC/fadwa.elkhaddar/BIM/ORFMINE/ORFmine/orfmine/orfribo/Test/DATA_PROCESSING/Mapping/Exome/Bowtie2/Index/index_bowtie2.1.bt2, /data/work/I2BC/fadwa.elkhaddar/BIM/ORFMINE/ORFmine/orfmine/orfribo/Test/DATA_PROCESSING/Mapping/Exome/Hisat2/Index/index_hisat2.7.ht2, /data/work/I2BC/fadwa.elkhaddar/BIM/ORFMINE/ORFmine/orfmine/orfribo/Test/DATA_PROCESSING/Mapping/Exome/Hisat2/Index/index_hisat2.1.ht2, /data/work/I2BC/fadwa.elkhaddar/BIM/ORFMINE/ORFmine/orfmine/orfribo/Test/DATA_PROCESSING/Mapping/Exome/Bowtie2/Index/index_bowtie2.rev.1.bt2, /data/work/I2BC/fadwa.elkhaddar/BIM/ORFMINE/ORFmine/orfmine/orfribo/Test/DATA_PROCESSING/Mapping/Exome/Hisat2/Index/index_hisat2.5.ht2
    wildcards: sample=SRR1562875
    threads: 8
    resources: tmpdir=/var/tmp/pbs.980092.pbsserver

hisat2 -x /data/work/I2BC/fadwa.elkhaddar/BIM/ORFMINE/ORFmine/orfmine/orfribo/Test/DATA_PROCESSING/Mapping/Exome/Hisat2/Index/index_hisat2 --threads 8 -k 10  -U /data/work/I2BC/fadwa.elkhaddar/BIM/ORFMINE/ORFmine/orfmine/orfribo/Test/DATA_PROCESSING/Mapping/Filter_Unwanted_Sequence/Results/SRR1562875/SRR1562875_Unmapped.fastq.gz --un-gz /data/work/I2BC/fadwa.elkhaddar/BIM/ORFMINE/ORFmine/orfmine/orfribo/Test/DATA_PROCESSING/Exome_Fastq/SRR1562875/SRR1562875_Unmapped.fastq.gz -S /data/work/I2BC/fadwa.elkhaddar/BIM/ORFMINE/ORFmine/orfmine/orfribo/Test/DATA_PROCESSING/Mapping/Exome/Hisat2/Results/SRR1562875/SRR1562875.sam 2>> /data/work/I2BC/fadwa.elkhaddar/BIM/ORFMINE/ORFmine/orfmine/orfribo/Test/SUPPLEMENTARY_DATA/Logs/Mapping/Exome/Hisat2/SRR1562875_hisat2_mapping.log;bowtie2 -x /data/work/I2BC/fadwa.elkhaddar/BIM/ORFMINE/ORFmine/orfmine/orfribo/Test/DATA_PROCESSING/Mapping/Exome/Bowtie2/Index/index_bowtie2 --threads 8 -k 10 -U /data/work/I2BC/fadwa.elkhaddar/BIM/ORFMINE/ORFmine/orfmine/orfribo/Test/DATA_PROCESSING/Exome_Fastq/SRR1562875/SRR1562875_Unmapped.fastq.gz -S /data/work/I2BC/fadwa.elkhaddar/BIM/ORFMINE/ORFmine/orfmine/orfribo/Test/DATA_PROCESSING/Mapping/Exome/Bowtie2/Results/SRR1562875/SRR1562875.sam 2>> /data/work/I2BC/fadwa.elkhaddar/BIM/ORFMINE/ORFmine/orfmine/orfribo/Test/SUPPLEMENTARY_DATA/Logs/Mapping/Exome/Bowtie2/SRR1562875_bowie2_mapping.log;
[Fri Apr 26 13:05:19 2024]
Finished job 10.
15 of 56 steps (27%) done
Select jobs to execute...

[Fri Apr 26 13:05:19 2024]
rule samtools_filter_Exome:
    input: /data/work/I2BC/fadwa.elkhaddar/BIM/ORFMINE/ORFmine/orfmine/orfribo/Test/DATA_PROCESSING/Mapping/Exome/Hisat2/Results/SRR1562875/SRR1562875.sam, /data/work/I2BC/fadwa.elkhaddar/BIM/ORFMINE/ORFmine/orfmine/orfribo/Test/DATA_PROCESSING/Mapping/Exome/Bowtie2/Results/SRR1562875/SRR1562875.sam
    output: /data/work/I2BC/fadwa.elkhaddar/BIM/ORFMINE/ORFmine/orfmine/orfribo/Test/RESULTS/BAM/Exome/SRR1562875/SRR1562875.bam
    jobid: 14
    benchmark: /data/work/I2BC/fadwa.elkhaddar/BIM/ORFMINE/ORFmine/orfmine/orfribo/Test/SUPPLEMENTARY_DATA/Benchmarks/BAM/Exome/SRR1562875_bam_orfeum.benchmark.txt
    reason: Missing output files: /data/work/I2BC/fadwa.elkhaddar/BIM/ORFMINE/ORFmine/orfmine/orfribo/Test/RESULTS/BAM/Exome/SRR1562875/SRR1562875.bam; Input files updated by another job: /data/work/I2BC/fadwa.elkhaddar/BIM/ORFMINE/ORFmine/orfmine/orfribo/Test/DATA_PROCESSING/Mapping/Exome/Bowtie2/Results/SRR1562875/SRR1562875.sam, /data/work/I2BC/fadwa.elkhaddar/BIM/ORFMINE/ORFmine/orfmine/orfribo/Test/DATA_PROCESSING/Mapping/Exome/Hisat2/Results/SRR1562875/SRR1562875.sam
    wildcards: sample=SRR1562875
    threads: 8
    resources: tmpdir=/var/tmp/pbs.980092.pbsserver, mem_mb=667

set +o pipefail ;grep '^@' /data/work/I2BC/fadwa.elkhaddar/BIM/ORFMINE/ORFmine/orfmine/orfribo/Test/DATA_PROCESSING/Mapping/Exome/Hisat2/Results/SRR1562875/SRR1562875.sam | uniq 1> /data/work/I2BC/fadwa.elkhaddar/BIM/ORFMINE/ORFmine/orfmine/orfribo/Test/RESULTS/BAM/Exome/SRR1562875/SRR1562875.sam ;grep -v '^@' /data/work/I2BC/fadwa.elkhaddar/BIM/ORFMINE/ORFmine/orfmine/orfribo/Test/DATA_PROCESSING/Mapping/Exome/Hisat2/Results/SRR1562875/SRR1562875.sam | egrep -i 'XM:i:0|XM:i:1' 1>> /data/work/I2BC/fadwa.elkhaddar/BIM/ORFMINE/ORFmine/orfmine/orfribo/Test/RESULTS/BAM/Exome/SRR1562875/SRR1562875.sam ;grep -v '^@' /data/work/I2BC/fadwa.elkhaddar/BIM/ORFMINE/ORFmine/orfmine/orfribo/Test/DATA_PROCESSING/Mapping/Exome/Bowtie2/Results/SRR1562875/SRR1562875.sam 1>> /data/work/I2BC/fadwa.elkhaddar/BIM/ORFMINE/ORFmine/orfmine/orfribo/Test/RESULTS/BAM/Exome/SRR1562875/SRR1562875.sam ;samtools view -@ 8 -F 3588 -h -b /data/work/I2BC/fadwa.elkhaddar/BIM/ORFMINE/ORFmine/orfmine/orfribo/Test/RESULTS/BAM/Exome/SRR1562875/SRR1562875.sam | samtools sort -@ 8 -o /data/work/I2BC/fadwa.elkhaddar/BIM/ORFMINE/ORFmine/orfmine/orfribo/Test/RESULTS/BAM/Exome/SRR1562875/SRR1562875.bam ; rm -f /data/work/I2BC/fadwa.elkhaddar/BIM/ORFMINE/ORFmine/orfmine/orfribo/Test/RESULTS/BAM/Exome/SRR1562875/SRR1562875.sam
[Fri Apr 26 13:06:04 2024]
Finished job 14.
16 of 56 steps (29%) done
Select jobs to execute...

[Fri Apr 26 13:06:04 2024]
rule Exome_construction_gtf:
    input: /data/work/I2BC/fadwa.elkhaddar/BIM/ORFMINE/ORFmine/orfmine/orfribo/Test/DATA_PROCESSING/Exome/Exome_elongated.nfasta, /data/work/I2BC/fadwa.elkhaddar/BIM/ORFMINE/ORFmine/orfmine/orfribo/Test/DATA_PROCESSING/Exome/Exome_elongated_with_gene_features.gff
    output: /data/work/I2BC/fadwa.elkhaddar/BIM/ORFMINE/ORFmine/orfmine/orfribo/Test/DATA_PROCESSING/Exome/Exome_elongated.exons_Scer.fna, /data/work/I2BC/fadwa.elkhaddar/BIM/ORFMINE/ORFmine/orfmine/orfribo/Test/DATA_PROCESSING/Exome/Exome_elongated.exons_Scer.gtf
    log: /data/work/I2BC/fadwa.elkhaddar/BIM/ORFMINE/ORFmine/orfmine/orfribo/Test/SUPPLEMENTARY_DATA/Logs/Exome/Exome_samtools_index.log, /data/work/I2BC/fadwa.elkhaddar/BIM/ORFMINE/ORFmine/orfmine/orfribo/Test/SUPPLEMENTARY_DATA/Logs/Exome/Exome_gffread.log, /data/work/I2BC/fadwa.elkhaddar/BIM/ORFMINE/ORFmine/orfmine/orfribo/Test/SUPPLEMENTARY_DATA/Logs/Exome/Exome_sed.log, /data/work/I2BC/fadwa.elkhaddar/BIM/ORFMINE/ORFmine/orfmine/orfribo/Test/SUPPLEMENTARY_DATA/Logs/Exome/Exome_awk.log
    jobid: 17
    benchmark: /data/work/I2BC/fadwa.elkhaddar/BIM/ORFMINE/ORFmine/orfmine/orfribo/Test/SUPPLEMENTARY_DATA/Benchmarks/Benchmark/Exome/Exome.benchmark.txt
    reason: Missing output files: /data/work/I2BC/fadwa.elkhaddar/BIM/ORFMINE/ORFmine/orfmine/orfribo/Test/DATA_PROCESSING/Exome/Exome_elongated.exons_Scer.gtf; Input files updated by another job: /data/work/I2BC/fadwa.elkhaddar/BIM/ORFMINE/ORFmine/orfmine/orfribo/Test/DATA_PROCESSING/Exome/Exome_elongated.nfasta, /data/work/I2BC/fadwa.elkhaddar/BIM/ORFMINE/ORFmine/orfmine/orfribo/Test/DATA_PROCESSING/Exome/Exome_elongated_with_gene_features.gff
    resources: tmpdir=/var/tmp/pbs.980092.pbsserver

samtools faidx /data/work/I2BC/fadwa.elkhaddar/BIM/ORFMINE/ORFmine/orfmine/orfribo/Test/DATA_PROCESSING/Exome/Exome_elongated.nfasta 2> /data/work/I2BC/fadwa.elkhaddar/BIM/ORFMINE/ORFmine/orfmine/orfribo/Test/SUPPLEMENTARY_DATA/Logs/Exome/Exome_samtools_index.log ;gffread -F -T -w /data/work/I2BC/fadwa.elkhaddar/BIM/ORFMINE/ORFmine/orfmine/orfribo/Test/DATA_PROCESSING/Exome/Exome_elongated.exons_Scer.fna -o /data/work/I2BC/fadwa.elkhaddar/BIM/ORFMINE/ORFmine/orfmine/orfribo/Test/DATA_PROCESSING/Exome/Exome_elongated.exons_tmp.gtf -g /data/work/I2BC/fadwa.elkhaddar/BIM/ORFMINE/ORFmine/orfmine/orfribo/Test/DATA_PROCESSING/Exome/Exome_elongated.nfasta /data/work/I2BC/fadwa.elkhaddar/BIM/ORFMINE/ORFmine/orfmine/orfribo/Test/DATA_PROCESSING/Exome/Exome_elongated_with_gene_features.gff 2> /data/work/I2BC/fadwa.elkhaddar/BIM/ORFMINE/ORFmine/orfmine/orfribo/Test/SUPPLEMENTARY_DATA/Logs/Exome/Exome_gffread.log ;sed -i 's/description[^\;]*\;//' /data/work/I2BC/fadwa.elkhaddar/BIM/ORFMINE/ORFmine/orfmine/orfribo/Test/DATA_PROCESSING/Exome/Exome_elongated.exons_tmp.gtf 2>> /data/work/I2BC/fadwa.elkhaddar/BIM/ORFMINE/ORFmine/orfmine/orfribo/Test/SUPPLEMENTARY_DATA/Logs/Exome/Exome_sed.log ;sed -i 's/\t[A-Z]*[_]*gene_segment\t/\ttranscript\t/' /data/work/I2BC/fadwa.elkhaddar/BIM/ORFMINE/ORFmine/orfmine/orfribo/Test/DATA_PROCESSING/Exome/Exome_elongated.exons_tmp.gtf 2>> /data/work/I2BC/fadwa.elkhaddar/BIM/ORFMINE/ORFmine/orfmine/orfribo/Test/SUPPLEMENTARY_DATA/Logs/Exome/Exome_sed.log ;awk -F '\t' '{if(NF<=9) {print($0);} else {for(field=1;field<9;field++) {printf("%s\t",$field);} for(field=9;field<=NF;field++) {printf("%s ",$field);} printf("\n");}}' /data/work/I2BC/fadwa.elkhaddar/BIM/ORFMINE/ORFmine/orfmine/orfribo/Test/DATA_PROCESSING/Exome/Exome_elongated.exons_tmp.gtf > /data/work/I2BC/fadwa.elkhaddar/BIM/ORFMINE/ORFmine/orfmine/orfribo/Test/DATA_PROCESSING/Exome/Exome_elongated.exons_Scer.gtf 2>> /data/work/I2BC/fadwa.elkhaddar/BIM/ORFMINE/ORFmine/orfmine/orfribo/Test/SUPPLEMENTARY_DATA/Logs/Exome/Exome_awk.log ;rm -f /data/work/I2BC/fadwa.elkhaddar/BIM/ORFMINE/ORFmine/orfmine/orfribo/Test/DATA_PROCESSING/Exome/Exome_elongated.exons_tmp.gtf;sed -i 's/\s$//' /data/work/I2BC/fadwa.elkhaddar/BIM/ORFMINE/ORFmine/orfmine/orfribo/Test/DATA_PROCESSING/Exome/Exome_elongated.exons_Scer.gtf 2>> /data/work/I2BC/fadwa.elkhaddar/BIM/ORFMINE/ORFmine/orfmine/orfribo/Test/SUPPLEMENTARY_DATA/Logs/Exome/Exome_sed.log ;
[Fri Apr 26 13:06:18 2024]
Finished job 17.
17 of 56 steps (30%) done
Select jobs to execute...

[Fri Apr 26 13:06:18 2024]
rule riboWaltz_Exome:
    input: /data/work/I2BC/fadwa.elkhaddar/BIM/ORFMINE/ORFmine/orfmine/orfribo/Test/DATA_PROCESSING/Exome/Exome_elongated.exons_Scer.gtf, /data/work/I2BC/fadwa.elkhaddar/BIM/ORFMINE/ORFmine/orfmine/orfribo/config.yaml
    output: /data/work/I2BC/fadwa.elkhaddar/BIM/ORFMINE/ORFmine/orfmine/orfribo/Test/DATA_PROCESSING/RiboWaltz/SRR1562875/psite_offset.csv
    jobid: 16
    reason: Missing output files: /data/work/I2BC/fadwa.elkhaddar/BIM/ORFMINE/ORFmine/orfmine/orfribo/Test/DATA_PROCESSING/RiboWaltz/SRR1562875/psite_offset.csv; Input files updated by another job: /data/work/I2BC/fadwa.elkhaddar/BIM/ORFMINE/ORFmine/orfmine/orfribo/Test/DATA_PROCESSING/Exome/Exome_elongated.exons_Scer.gtf
    wildcards: sample=SRR1562875
    resources: tmpdir=/var/tmp/pbs.980092.pbsserver, mem_mb=2000

touch /data/work/I2BC/fadwa.elkhaddar/BIM/ORFMINE/ORFmine/orfmine/orfribo/Test/DATA_PROCESSING/RiboWaltz/SRR1562875/psite_offset.csv ; Rscript /data/work/I2BC/fadwa.elkhaddar/BIM/ORFMINE/ORFmine/orfmine/orfribo/Rscripts/periodicity_riboWaltz_exome.R /data/work/I2BC/fadwa.elkhaddar/BIM/ORFMINE/ORFmine/orfmine/orfribo/config.yaml /data/work/I2BC/fadwa.elkhaddar/BIM/ORFMINE/ORFmine/orfmine/orfribo/Test/DATA_PROCESSING/Exome/Exome_elongated.exons_Scer.gtf /data/work/I2BC/fadwa.elkhaddar/BIM/ORFMINE/ORFmine/orfmine/orfribo/Test/RESULTS/BAM/Exome/SRR1562875 /data/work/I2BC/fadwa.elkhaddar/BIM/ORFMINE/ORFmine/orfmine/orfribo/Test/DATA_PROCESSING/RiboWaltz/SRR1562875  ; rm -f /data/work/I2BC/fadwa.elkhaddar/BIM/ORFMINE/ORFmine/orfmine/orfribo/Test/Rplots.pdf ; mkdir -p /data/work/I2BC/fadwa.elkhaddar/BIM/ORFMINE/ORFmine/orfmine/orfribo/Test/RESULTS/Psite  ; cp /data/work/I2BC/fadwa.elkhaddar/BIM/ORFMINE/ORFmine/orfmine/orfribo/Test/DATA_PROCESSING/RiboWaltz/SRR1562875/psite_offset.csv /data/work/I2BC/fadwa.elkhaddar/BIM/ORFMINE/ORFmine/orfmine/orfribo/Test/RESULTS/Psite 
[Fri Apr 26 13:07:43 2024]
Finished job 16.
18 of 56 steps (32%) done
Select jobs to execute...

[Fri Apr 26 13:07:43 2024]
rule samtools_index:
    input: /data/work/I2BC/fadwa.elkhaddar/BIM/ORFMINE/ORFmine/orfmine/orfribo/Test/RESULTS/BAM/ORFeome/SRR1562875/SRR1562875.bam
    output: /data/work/I2BC/fadwa.elkhaddar/BIM/ORFMINE/ORFmine/orfmine/orfribo/Test/RESULTS/BAM/ORFeome/SRR1562875/SRR1562875.bam.bai
    jobid: 43
    reason: Missing output files: /data/work/I2BC/fadwa.elkhaddar/BIM/ORFMINE/ORFmine/orfmine/orfribo/Test/RESULTS/BAM/ORFeome/SRR1562875/SRR1562875.bam.bai; Input files updated by another job: /data/work/I2BC/fadwa.elkhaddar/BIM/ORFMINE/ORFmine/orfmine/orfribo/Test/RESULTS/BAM/ORFeome/SRR1562875/SRR1562875.bam
    wildcards: sample=SRR1562875
    resources: tmpdir=/var/tmp/pbs.980092.pbsserver

samtools index /data/work/I2BC/fadwa.elkhaddar/BIM/ORFMINE/ORFmine/orfmine/orfribo/Test/RESULTS/BAM/ORFeome/SRR1562875/SRR1562875.bam
[Fri Apr 26 13:07:46 2024]
Finished job 43.
19 of 56 steps (34%) done
Select jobs to execute...

[Fri Apr 26 13:07:46 2024]
rule samtools_index_Exome:
    input: /data/work/I2BC/fadwa.elkhaddar/BIM/ORFMINE/ORFmine/orfmine/orfribo/Test/RESULTS/BAM/Exome/SRR1562875/SRR1562875.bam
    output: /data/work/I2BC/fadwa.elkhaddar/BIM/ORFMINE/ORFmine/orfmine/orfribo/Test/RESULTS/BAM/Exome/SRR1562875/SRR1562875.bam.bai
    jobid: 15
    reason: Missing output files: /data/work/I2BC/fadwa.elkhaddar/BIM/ORFMINE/ORFmine/orfmine/orfribo/Test/RESULTS/BAM/Exome/SRR1562875/SRR1562875.bam.bai; Input files updated by another job: /data/work/I2BC/fadwa.elkhaddar/BIM/ORFMINE/ORFmine/orfmine/orfribo/Test/RESULTS/BAM/Exome/SRR1562875/SRR1562875.bam
    wildcards: sample=SRR1562875
    resources: tmpdir=/var/tmp/pbs.980092.pbsserver

samtools index /data/work/I2BC/fadwa.elkhaddar/BIM/ORFMINE/ORFmine/orfmine/orfribo/Test/RESULTS/BAM/Exome/SRR1562875/SRR1562875.bam
[Fri Apr 26 13:07:48 2024]
Finished job 15.
20 of 56 steps (36%) done
Select jobs to execute...

[Fri Apr 26 13:07:48 2024]
rule Bam2Reads_Exome:
    input: /data/work/I2BC/fadwa.elkhaddar/BIM/ORFMINE/ORFmine/orfmine/orfribo/Test/DATA_PROCESSING/Exome/Exome_elongated.gff, /data/work/I2BC/fadwa.elkhaddar/BIM/ORFMINE/ORFmine/orfmine/orfribo/Test/RESULTS/BAM/Exome/SRR1562875/SRR1562875.bam, /data/work/I2BC/fadwa.elkhaddar/BIM/ORFMINE/ORFmine/orfmine/orfribo/Test/RESULTS/BAM/Exome/SRR1562875/SRR1562875.bam.bai, /data/work/I2BC/fadwa.elkhaddar/BIM/ORFMINE/ORFmine/orfmine/orfribo/Test/DATA_PROCESSING/RiboWaltz/SRR1562875/psite_offset.csv
    output: /data/work/I2BC/fadwa.elkhaddar/BIM/ORFMINE/ORFmine/orfmine/orfribo/Test/DATA_PROCESSING/Bam2Reads_Exome/SRR1562875/SRR1562875_27/Exome_27_reads.tab
    log: /data/work/I2BC/fadwa.elkhaddar/BIM/ORFMINE/ORFmine/orfmine/orfribo/Test/SUPPLEMENTARY_DATA/Logs/Bam2Reads_Exome/SRR1562875.27.bam2read.log, /data/work/I2BC/fadwa.elkhaddar/BIM/ORFMINE/ORFmine/orfmine/orfribo/Test/SUPPLEMENTARY_DATA/Logs/Bam2Reads_Exome/SRR1562875.27.offset_grep.log
    jobid: 20
    benchmark: /data/work/I2BC/fadwa.elkhaddar/BIM/ORFMINE/ORFmine/orfmine/orfribo/Test/SUPPLEMENTARY_DATA/Benchmarks/Bam2Reads_Exome/SRR1562875.27.bam2read.benchmark.txt
    reason: Missing output files: /data/work/I2BC/fadwa.elkhaddar/BIM/ORFMINE/ORFmine/orfmine/orfribo/Test/DATA_PROCESSING/Bam2Reads_Exome/SRR1562875/SRR1562875_27/Exome_27_reads.tab; Input files updated by another job: /data/work/I2BC/fadwa.elkhaddar/BIM/ORFMINE/ORFmine/orfmine/orfribo/Test/RESULTS/BAM/Exome/SRR1562875/SRR1562875.bam, /data/work/I2BC/fadwa.elkhaddar/BIM/ORFMINE/ORFmine/orfmine/orfribo/Test/DATA_PROCESSING/RiboWaltz/SRR1562875/psite_offset.csv, /data/work/I2BC/fadwa.elkhaddar/BIM/ORFMINE/ORFmine/orfmine/orfribo/Test/DATA_PROCESSING/Exome/Exome_elongated.gff, /data/work/I2BC/fadwa.elkhaddar/BIM/ORFMINE/ORFmine/orfmine/orfribo/Test/RESULTS/BAM/Exome/SRR1562875/SRR1562875.bam.bai
    wildcards: sample=SRR1562875, length=27
    resources: tmpdir=/var/tmp/pbs.980092.pbsserver, mem_mb=1000


        offset=$(grep SRR1562875 /data/work/I2BC/fadwa.elkhaddar/BIM/ORFMINE/ORFmine/orfmine/orfribo/Test/DATA_PROCESSING/RiboWaltz/SRR1562875/psite_offset.csv 2> /data/work/I2BC/fadwa.elkhaddar/BIM/ORFMINE/ORFmine/orfmine/orfribo/Test/SUPPLEMENTARY_DATA/Logs/Bam2Reads_Exome/SRR1562875.27.offset_grep.log | grep ^27 2>> /data/work/I2BC/fadwa.elkhaddar/BIM/ORFMINE/ORFmine/orfmine/orfribo/Test/SUPPLEMENTARY_DATA/Logs/Bam2Reads_Exome/SRR1562875.27.offset_grep.log | cut -f7 2>> /data/work/I2BC/fadwa.elkhaddar/BIM/ORFMINE/ORFmine/orfmine/orfribo/Test/SUPPLEMENTARY_DATA/Logs/Bam2Reads_Exome/SRR1562875.27.offset_grep.log) 2>> /data/work/I2BC/fadwa.elkhaddar/BIM/ORFMINE/ORFmine/orfmine/orfribo/Test/SUPPLEMENTARY_DATA/Logs/Bam2Reads_Exome/SRR1562875.27.offset_grep.log
        echo "$offset"
        if [ "$offset" = "" ]; then offset=12 ; fi
        python3 /data/work/I2BC/fadwa.elkhaddar/BIM/Workflow_Hisat/scripts/Bam2Reads/BAM2Reads.py -shift $offset -kmer 27 -gff /data/work/I2BC/fadwa.elkhaddar/BIM/ORFMINE/ORFmine/orfmine/orfribo/Test/DATA_PROCESSING/Exome/Exome_elongated.gff -bam /data/work/I2BC/fadwa.elkhaddar/BIM/ORFMINE/ORFmine/orfmine/orfribo/Test/RESULTS/BAM/Exome/SRR1562875/SRR1562875.bam -outpath /data/work/I2BC/fadwa.elkhaddar/BIM/ORFMINE/ORFmine/orfmine/orfribo/Test/DATA_PROCESSING/Bam2Reads_Exome/SRR1562875/SRR1562875_27  -outname Exome_27 -features_include CDS 2> /data/work/I2BC/fadwa.elkhaddar/BIM/ORFMINE/ORFmine/orfmine/orfribo/Test/SUPPLEMENTARY_DATA/Logs/Bam2Reads_Exome/SRR1562875.27.bam2read.log 
        
[Fri Apr 26 13:10:52 2024]
Finished job 20.
21 of 56 steps (38%) done
Select jobs to execute...

[Fri Apr 26 13:10:52 2024]
rule ORFstats:
    input: /data/work/I2BC/fadwa.elkhaddar/BIM/ORFMINE/ORFmine/orfmine/orfribo/Test/DATA_PROCESSING/RiboWaltz/SRR1562875/psite_offset.csv, /data/work/I2BC/fadwa.elkhaddar/BIM/ORFMINE/ORFmine/orfmine/orfribo/Test/DATA_PROCESSING/Bam2Reads_Exome/SRR1562875/SRR1562875_27/Exome_27_reads.tab
    output: /data/work/I2BC/fadwa.elkhaddar/BIM/ORFMINE/ORFmine/orfmine/orfribo/Test/DATA_PROCESSING/Bam2Reads_Exome/SRR1562875/SRR1562875_27/Exome_27_reads.stats
    log: /data/work/I2BC/fadwa.elkhaddar/BIM/ORFMINE/ORFmine/orfmine/orfribo/Test/SUPPLEMENTARY_DATA/Logs/ORFstat/SRR1562875.27.orfstats.log
    jobid: 31
    benchmark: /data/work/I2BC/fadwa.elkhaddar/BIM/ORFMINE/ORFmine/orfmine/orfribo/Test/SUPPLEMENTARY_DATA/Benchmarks/ORFstat/SRR1562875.27.orfstats.txt
    reason: Missing output files: /data/work/I2BC/fadwa.elkhaddar/BIM/ORFMINE/ORFmine/orfmine/orfribo/Test/DATA_PROCESSING/Bam2Reads_Exome/SRR1562875/SRR1562875_27/Exome_27_reads.stats; Input files updated by another job: /data/work/I2BC/fadwa.elkhaddar/BIM/ORFMINE/ORFmine/orfmine/orfribo/Test/DATA_PROCESSING/RiboWaltz/SRR1562875/psite_offset.csv, /data/work/I2BC/fadwa.elkhaddar/BIM/ORFMINE/ORFmine/orfmine/orfribo/Test/DATA_PROCESSING/Bam2Reads_Exome/SRR1562875/SRR1562875_27/Exome_27_reads.tab
    wildcards: sample=SRR1562875, length=27
    resources: tmpdir=/var/tmp/pbs.980092.pbsserver

set +o pipefail;orfstats -tab /data/work/I2BC/fadwa.elkhaddar/BIM/ORFMINE/ORFmine/orfmine/orfribo/Test/DATA_PROCESSING/Bam2Reads_Exome/SRR1562875/SRR1562875_27/Exome_27_reads.tab -N 10 -out /data/work/I2BC/fadwa.elkhaddar/BIM/ORFMINE/ORFmine/orfmine/orfribo/Test/DATA_PROCESSING/Bam2Reads_Exome/SRR1562875/SRR1562875_27 2> /data/work/I2BC/fadwa.elkhaddar/BIM/ORFMINE/ORFmine/orfmine/orfribo/Test/SUPPLEMENTARY_DATA/Logs/ORFstat/SRR1562875.27.orfstats.log ;
[Fri Apr 26 13:10:53 2024]
Finished job 31.
22 of 56 steps (39%) done
Select jobs to execute...

[Fri Apr 26 13:10:53 2024]
rule Bam2Reads_Exome:
    input: /data/work/I2BC/fadwa.elkhaddar/BIM/ORFMINE/ORFmine/orfmine/orfribo/Test/DATA_PROCESSING/Exome/Exome_elongated.gff, /data/work/I2BC/fadwa.elkhaddar/BIM/ORFMINE/ORFmine/orfmine/orfribo/Test/RESULTS/BAM/Exome/SRR1562875/SRR1562875.bam, /data/work/I2BC/fadwa.elkhaddar/BIM/ORFMINE/ORFmine/orfmine/orfribo/Test/RESULTS/BAM/Exome/SRR1562875/SRR1562875.bam.bai, /data/work/I2BC/fadwa.elkhaddar/BIM/ORFMINE/ORFmine/orfmine/orfribo/Test/DATA_PROCESSING/RiboWaltz/SRR1562875/psite_offset.csv
    output: /data/work/I2BC/fadwa.elkhaddar/BIM/ORFMINE/ORFmine/orfmine/orfribo/Test/DATA_PROCESSING/Bam2Reads_Exome/SRR1562875/SRR1562875_35/Exome_35_reads.tab
    log: /data/work/I2BC/fadwa.elkhaddar/BIM/ORFMINE/ORFmine/orfmine/orfribo/Test/SUPPLEMENTARY_DATA/Logs/Bam2Reads_Exome/SRR1562875.35.bam2read.log, /data/work/I2BC/fadwa.elkhaddar/BIM/ORFMINE/ORFmine/orfmine/orfribo/Test/SUPPLEMENTARY_DATA/Logs/Bam2Reads_Exome/SRR1562875.35.offset_grep.log
    jobid: 28
    benchmark: /data/work/I2BC/fadwa.elkhaddar/BIM/ORFMINE/ORFmine/orfmine/orfribo/Test/SUPPLEMENTARY_DATA/Benchmarks/Bam2Reads_Exome/SRR1562875.35.bam2read.benchmark.txt
    reason: Missing output files: /data/work/I2BC/fadwa.elkhaddar/BIM/ORFMINE/ORFmine/orfmine/orfribo/Test/DATA_PROCESSING/Bam2Reads_Exome/SRR1562875/SRR1562875_35/Exome_35_reads.tab; Input files updated by another job: /data/work/I2BC/fadwa.elkhaddar/BIM/ORFMINE/ORFmine/orfmine/orfribo/Test/RESULTS/BAM/Exome/SRR1562875/SRR1562875.bam, /data/work/I2BC/fadwa.elkhaddar/BIM/ORFMINE/ORFmine/orfmine/orfribo/Test/DATA_PROCESSING/RiboWaltz/SRR1562875/psite_offset.csv, /data/work/I2BC/fadwa.elkhaddar/BIM/ORFMINE/ORFmine/orfmine/orfribo/Test/DATA_PROCESSING/Exome/Exome_elongated.gff, /data/work/I2BC/fadwa.elkhaddar/BIM/ORFMINE/ORFmine/orfmine/orfribo/Test/RESULTS/BAM/Exome/SRR1562875/SRR1562875.bam.bai
    wildcards: sample=SRR1562875, length=35
    resources: tmpdir=/var/tmp/pbs.980092.pbsserver, mem_mb=1000


        offset=$(grep SRR1562875 /data/work/I2BC/fadwa.elkhaddar/BIM/ORFMINE/ORFmine/orfmine/orfribo/Test/DATA_PROCESSING/RiboWaltz/SRR1562875/psite_offset.csv 2> /data/work/I2BC/fadwa.elkhaddar/BIM/ORFMINE/ORFmine/orfmine/orfribo/Test/SUPPLEMENTARY_DATA/Logs/Bam2Reads_Exome/SRR1562875.35.offset_grep.log | grep ^35 2>> /data/work/I2BC/fadwa.elkhaddar/BIM/ORFMINE/ORFmine/orfmine/orfribo/Test/SUPPLEMENTARY_DATA/Logs/Bam2Reads_Exome/SRR1562875.35.offset_grep.log | cut -f7 2>> /data/work/I2BC/fadwa.elkhaddar/BIM/ORFMINE/ORFmine/orfmine/orfribo/Test/SUPPLEMENTARY_DATA/Logs/Bam2Reads_Exome/SRR1562875.35.offset_grep.log) 2>> /data/work/I2BC/fadwa.elkhaddar/BIM/ORFMINE/ORFmine/orfmine/orfribo/Test/SUPPLEMENTARY_DATA/Logs/Bam2Reads_Exome/SRR1562875.35.offset_grep.log
        echo "$offset"
        if [ "$offset" = "" ]; then offset=12 ; fi
        python3 /data/work/I2BC/fadwa.elkhaddar/BIM/Workflow_Hisat/scripts/Bam2Reads/BAM2Reads.py -shift $offset -kmer 35 -gff /data/work/I2BC/fadwa.elkhaddar/BIM/ORFMINE/ORFmine/orfmine/orfribo/Test/DATA_PROCESSING/Exome/Exome_elongated.gff -bam /data/work/I2BC/fadwa.elkhaddar/BIM/ORFMINE/ORFmine/orfmine/orfribo/Test/RESULTS/BAM/Exome/SRR1562875/SRR1562875.bam -outpath /data/work/I2BC/fadwa.elkhaddar/BIM/ORFMINE/ORFmine/orfmine/orfribo/Test/DATA_PROCESSING/Bam2Reads_Exome/SRR1562875/SRR1562875_35  -outname Exome_35 -features_include CDS 2> /data/work/I2BC/fadwa.elkhaddar/BIM/ORFMINE/ORFmine/orfmine/orfribo/Test/SUPPLEMENTARY_DATA/Logs/Bam2Reads_Exome/SRR1562875.35.bam2read.log 
        
[Fri Apr 26 13:13:59 2024]
Finished job 28.
23 of 56 steps (41%) done
Select jobs to execute...

[Fri Apr 26 13:13:59 2024]
rule ORFstats:
    input: /data/work/I2BC/fadwa.elkhaddar/BIM/ORFMINE/ORFmine/orfmine/orfribo/Test/DATA_PROCESSING/RiboWaltz/SRR1562875/psite_offset.csv, /data/work/I2BC/fadwa.elkhaddar/BIM/ORFMINE/ORFmine/orfmine/orfribo/Test/DATA_PROCESSING/Bam2Reads_Exome/SRR1562875/SRR1562875_35/Exome_35_reads.tab
    output: /data/work/I2BC/fadwa.elkhaddar/BIM/ORFMINE/ORFmine/orfmine/orfribo/Test/DATA_PROCESSING/Bam2Reads_Exome/SRR1562875/SRR1562875_35/Exome_35_reads.stats
    log: /data/work/I2BC/fadwa.elkhaddar/BIM/ORFMINE/ORFmine/orfmine/orfribo/Test/SUPPLEMENTARY_DATA/Logs/ORFstat/SRR1562875.35.orfstats.log
    jobid: 39
    benchmark: /data/work/I2BC/fadwa.elkhaddar/BIM/ORFMINE/ORFmine/orfmine/orfribo/Test/SUPPLEMENTARY_DATA/Benchmarks/ORFstat/SRR1562875.35.orfstats.txt
    reason: Missing output files: /data/work/I2BC/fadwa.elkhaddar/BIM/ORFMINE/ORFmine/orfmine/orfribo/Test/DATA_PROCESSING/Bam2Reads_Exome/SRR1562875/SRR1562875_35/Exome_35_reads.stats; Input files updated by another job: /data/work/I2BC/fadwa.elkhaddar/BIM/ORFMINE/ORFmine/orfmine/orfribo/Test/DATA_PROCESSING/RiboWaltz/SRR1562875/psite_offset.csv, /data/work/I2BC/fadwa.elkhaddar/BIM/ORFMINE/ORFmine/orfmine/orfribo/Test/DATA_PROCESSING/Bam2Reads_Exome/SRR1562875/SRR1562875_35/Exome_35_reads.tab
    wildcards: sample=SRR1562875, length=35
    resources: tmpdir=/var/tmp/pbs.980092.pbsserver

set +o pipefail;orfstats -tab /data/work/I2BC/fadwa.elkhaddar/BIM/ORFMINE/ORFmine/orfmine/orfribo/Test/DATA_PROCESSING/Bam2Reads_Exome/SRR1562875/SRR1562875_35/Exome_35_reads.tab -N 10 -out /data/work/I2BC/fadwa.elkhaddar/BIM/ORFMINE/ORFmine/orfmine/orfribo/Test/DATA_PROCESSING/Bam2Reads_Exome/SRR1562875/SRR1562875_35 2> /data/work/I2BC/fadwa.elkhaddar/BIM/ORFMINE/ORFmine/orfmine/orfribo/Test/SUPPLEMENTARY_DATA/Logs/ORFstat/SRR1562875.35.orfstats.log ;
[Fri Apr 26 13:14:00 2024]
Finished job 39.
24 of 56 steps (43%) done
Select jobs to execute...

[Fri Apr 26 13:14:00 2024]
rule Bam2Reads_Exome:
    input: /data/work/I2BC/fadwa.elkhaddar/BIM/ORFMINE/ORFmine/orfmine/orfribo/Test/DATA_PROCESSING/Exome/Exome_elongated.gff, /data/work/I2BC/fadwa.elkhaddar/BIM/ORFMINE/ORFmine/orfmine/orfribo/Test/RESULTS/BAM/Exome/SRR1562875/SRR1562875.bam, /data/work/I2BC/fadwa.elkhaddar/BIM/ORFMINE/ORFmine/orfmine/orfribo/Test/RESULTS/BAM/Exome/SRR1562875/SRR1562875.bam.bai, /data/work/I2BC/fadwa.elkhaddar/BIM/ORFMINE/ORFmine/orfmine/orfribo/Test/DATA_PROCESSING/RiboWaltz/SRR1562875/psite_offset.csv
    output: /data/work/I2BC/fadwa.elkhaddar/BIM/ORFMINE/ORFmine/orfmine/orfribo/Test/DATA_PROCESSING/Bam2Reads_Exome/SRR1562875/SRR1562875_31/Exome_31_reads.tab
    log: /data/work/I2BC/fadwa.elkhaddar/BIM/ORFMINE/ORFmine/orfmine/orfribo/Test/SUPPLEMENTARY_DATA/Logs/Bam2Reads_Exome/SRR1562875.31.bam2read.log, /data/work/I2BC/fadwa.elkhaddar/BIM/ORFMINE/ORFmine/orfmine/orfribo/Test/SUPPLEMENTARY_DATA/Logs/Bam2Reads_Exome/SRR1562875.31.offset_grep.log
    jobid: 24
    benchmark: /data/work/I2BC/fadwa.elkhaddar/BIM/ORFMINE/ORFmine/orfmine/orfribo/Test/SUPPLEMENTARY_DATA/Benchmarks/Bam2Reads_Exome/SRR1562875.31.bam2read.benchmark.txt
    reason: Missing output files: /data/work/I2BC/fadwa.elkhaddar/BIM/ORFMINE/ORFmine/orfmine/orfribo/Test/DATA_PROCESSING/Bam2Reads_Exome/SRR1562875/SRR1562875_31/Exome_31_reads.tab; Input files updated by another job: /data/work/I2BC/fadwa.elkhaddar/BIM/ORFMINE/ORFmine/orfmine/orfribo/Test/RESULTS/BAM/Exome/SRR1562875/SRR1562875.bam, /data/work/I2BC/fadwa.elkhaddar/BIM/ORFMINE/ORFmine/orfmine/orfribo/Test/DATA_PROCESSING/RiboWaltz/SRR1562875/psite_offset.csv, /data/work/I2BC/fadwa.elkhaddar/BIM/ORFMINE/ORFmine/orfmine/orfribo/Test/DATA_PROCESSING/Exome/Exome_elongated.gff, /data/work/I2BC/fadwa.elkhaddar/BIM/ORFMINE/ORFmine/orfmine/orfribo/Test/RESULTS/BAM/Exome/SRR1562875/SRR1562875.bam.bai
    wildcards: sample=SRR1562875, length=31
    resources: tmpdir=/var/tmp/pbs.980092.pbsserver, mem_mb=1000


        offset=$(grep SRR1562875 /data/work/I2BC/fadwa.elkhaddar/BIM/ORFMINE/ORFmine/orfmine/orfribo/Test/DATA_PROCESSING/RiboWaltz/SRR1562875/psite_offset.csv 2> /data/work/I2BC/fadwa.elkhaddar/BIM/ORFMINE/ORFmine/orfmine/orfribo/Test/SUPPLEMENTARY_DATA/Logs/Bam2Reads_Exome/SRR1562875.31.offset_grep.log | grep ^31 2>> /data/work/I2BC/fadwa.elkhaddar/BIM/ORFMINE/ORFmine/orfmine/orfribo/Test/SUPPLEMENTARY_DATA/Logs/Bam2Reads_Exome/SRR1562875.31.offset_grep.log | cut -f7 2>> /data/work/I2BC/fadwa.elkhaddar/BIM/ORFMINE/ORFmine/orfmine/orfribo/Test/SUPPLEMENTARY_DATA/Logs/Bam2Reads_Exome/SRR1562875.31.offset_grep.log) 2>> /data/work/I2BC/fadwa.elkhaddar/BIM/ORFMINE/ORFmine/orfmine/orfribo/Test/SUPPLEMENTARY_DATA/Logs/Bam2Reads_Exome/SRR1562875.31.offset_grep.log
        echo "$offset"
        if [ "$offset" = "" ]; then offset=12 ; fi
        python3 /data/work/I2BC/fadwa.elkhaddar/BIM/Workflow_Hisat/scripts/Bam2Reads/BAM2Reads.py -shift $offset -kmer 31 -gff /data/work/I2BC/fadwa.elkhaddar/BIM/ORFMINE/ORFmine/orfmine/orfribo/Test/DATA_PROCESSING/Exome/Exome_elongated.gff -bam /data/work/I2BC/fadwa.elkhaddar/BIM/ORFMINE/ORFmine/orfmine/orfribo/Test/RESULTS/BAM/Exome/SRR1562875/SRR1562875.bam -outpath /data/work/I2BC/fadwa.elkhaddar/BIM/ORFMINE/ORFmine/orfmine/orfribo/Test/DATA_PROCESSING/Bam2Reads_Exome/SRR1562875/SRR1562875_31  -outname Exome_31 -features_include CDS 2> /data/work/I2BC/fadwa.elkhaddar/BIM/ORFMINE/ORFmine/orfmine/orfribo/Test/SUPPLEMENTARY_DATA/Logs/Bam2Reads_Exome/SRR1562875.31.bam2read.log 
        
[Fri Apr 26 13:17:06 2024]
Finished job 24.
25 of 56 steps (45%) done
Select jobs to execute...

[Fri Apr 26 13:17:06 2024]
rule ORFstats:
    input: /data/work/I2BC/fadwa.elkhaddar/BIM/ORFMINE/ORFmine/orfmine/orfribo/Test/DATA_PROCESSING/RiboWaltz/SRR1562875/psite_offset.csv, /data/work/I2BC/fadwa.elkhaddar/BIM/ORFMINE/ORFmine/orfmine/orfribo/Test/DATA_PROCESSING/Bam2Reads_Exome/SRR1562875/SRR1562875_31/Exome_31_reads.tab
    output: /data/work/I2BC/fadwa.elkhaddar/BIM/ORFMINE/ORFmine/orfmine/orfribo/Test/DATA_PROCESSING/Bam2Reads_Exome/SRR1562875/SRR1562875_31/Exome_31_reads.stats
    log: /data/work/I2BC/fadwa.elkhaddar/BIM/ORFMINE/ORFmine/orfmine/orfribo/Test/SUPPLEMENTARY_DATA/Logs/ORFstat/SRR1562875.31.orfstats.log
    jobid: 35
    benchmark: /data/work/I2BC/fadwa.elkhaddar/BIM/ORFMINE/ORFmine/orfmine/orfribo/Test/SUPPLEMENTARY_DATA/Benchmarks/ORFstat/SRR1562875.31.orfstats.txt
    reason: Missing output files: /data/work/I2BC/fadwa.elkhaddar/BIM/ORFMINE/ORFmine/orfmine/orfribo/Test/DATA_PROCESSING/Bam2Reads_Exome/SRR1562875/SRR1562875_31/Exome_31_reads.stats; Input files updated by another job: /data/work/I2BC/fadwa.elkhaddar/BIM/ORFMINE/ORFmine/orfmine/orfribo/Test/DATA_PROCESSING/Bam2Reads_Exome/SRR1562875/SRR1562875_31/Exome_31_reads.tab, /data/work/I2BC/fadwa.elkhaddar/BIM/ORFMINE/ORFmine/orfmine/orfribo/Test/DATA_PROCESSING/RiboWaltz/SRR1562875/psite_offset.csv
    wildcards: sample=SRR1562875, length=31
    resources: tmpdir=/var/tmp/pbs.980092.pbsserver

set +o pipefail;orfstats -tab /data/work/I2BC/fadwa.elkhaddar/BIM/ORFMINE/ORFmine/orfmine/orfribo/Test/DATA_PROCESSING/Bam2Reads_Exome/SRR1562875/SRR1562875_31/Exome_31_reads.tab -N 10 -out /data/work/I2BC/fadwa.elkhaddar/BIM/ORFMINE/ORFmine/orfmine/orfribo/Test/DATA_PROCESSING/Bam2Reads_Exome/SRR1562875/SRR1562875_31 2> /data/work/I2BC/fadwa.elkhaddar/BIM/ORFMINE/ORFmine/orfmine/orfribo/Test/SUPPLEMENTARY_DATA/Logs/ORFstat/SRR1562875.31.orfstats.log ;
[Fri Apr 26 13:17:07 2024]
Finished job 35.
26 of 56 steps (46%) done
Select jobs to execute...

[Fri Apr 26 13:17:07 2024]
rule Bam2Reads_Exome:
    input: /data/work/I2BC/fadwa.elkhaddar/BIM/ORFMINE/ORFmine/orfmine/orfribo/Test/DATA_PROCESSING/Exome/Exome_elongated.gff, /data/work/I2BC/fadwa.elkhaddar/BIM/ORFMINE/ORFmine/orfmine/orfribo/Test/RESULTS/BAM/Exome/SRR1562875/SRR1562875.bam, /data/work/I2BC/fadwa.elkhaddar/BIM/ORFMINE/ORFmine/orfmine/orfribo/Test/RESULTS/BAM/Exome/SRR1562875/SRR1562875.bam.bai, /data/work/I2BC/fadwa.elkhaddar/BIM/ORFMINE/ORFmine/orfmine/orfribo/Test/DATA_PROCESSING/RiboWaltz/SRR1562875/psite_offset.csv
    output: /data/work/I2BC/fadwa.elkhaddar/BIM/ORFMINE/ORFmine/orfmine/orfribo/Test/DATA_PROCESSING/Bam2Reads_Exome/SRR1562875/SRR1562875_34/Exome_34_reads.tab
    log: /data/work/I2BC/fadwa.elkhaddar/BIM/ORFMINE/ORFmine/orfmine/orfribo/Test/SUPPLEMENTARY_DATA/Logs/Bam2Reads_Exome/SRR1562875.34.bam2read.log, /data/work/I2BC/fadwa.elkhaddar/BIM/ORFMINE/ORFmine/orfmine/orfribo/Test/SUPPLEMENTARY_DATA/Logs/Bam2Reads_Exome/SRR1562875.34.offset_grep.log
    jobid: 27
    benchmark: /data/work/I2BC/fadwa.elkhaddar/BIM/ORFMINE/ORFmine/orfmine/orfribo/Test/SUPPLEMENTARY_DATA/Benchmarks/Bam2Reads_Exome/SRR1562875.34.bam2read.benchmark.txt
    reason: Missing output files: /data/work/I2BC/fadwa.elkhaddar/BIM/ORFMINE/ORFmine/orfmine/orfribo/Test/DATA_PROCESSING/Bam2Reads_Exome/SRR1562875/SRR1562875_34/Exome_34_reads.tab; Input files updated by another job: /data/work/I2BC/fadwa.elkhaddar/BIM/ORFMINE/ORFmine/orfmine/orfribo/Test/RESULTS/BAM/Exome/SRR1562875/SRR1562875.bam, /data/work/I2BC/fadwa.elkhaddar/BIM/ORFMINE/ORFmine/orfmine/orfribo/Test/DATA_PROCESSING/RiboWaltz/SRR1562875/psite_offset.csv, /data/work/I2BC/fadwa.elkhaddar/BIM/ORFMINE/ORFmine/orfmine/orfribo/Test/DATA_PROCESSING/Exome/Exome_elongated.gff, /data/work/I2BC/fadwa.elkhaddar/BIM/ORFMINE/ORFmine/orfmine/orfribo/Test/RESULTS/BAM/Exome/SRR1562875/SRR1562875.bam.bai
    wildcards: sample=SRR1562875, length=34
    resources: tmpdir=/var/tmp/pbs.980092.pbsserver, mem_mb=1000


        offset=$(grep SRR1562875 /data/work/I2BC/fadwa.elkhaddar/BIM/ORFMINE/ORFmine/orfmine/orfribo/Test/DATA_PROCESSING/RiboWaltz/SRR1562875/psite_offset.csv 2> /data/work/I2BC/fadwa.elkhaddar/BIM/ORFMINE/ORFmine/orfmine/orfribo/Test/SUPPLEMENTARY_DATA/Logs/Bam2Reads_Exome/SRR1562875.34.offset_grep.log | grep ^34 2>> /data/work/I2BC/fadwa.elkhaddar/BIM/ORFMINE/ORFmine/orfmine/orfribo/Test/SUPPLEMENTARY_DATA/Logs/Bam2Reads_Exome/SRR1562875.34.offset_grep.log | cut -f7 2>> /data/work/I2BC/fadwa.elkhaddar/BIM/ORFMINE/ORFmine/orfmine/orfribo/Test/SUPPLEMENTARY_DATA/Logs/Bam2Reads_Exome/SRR1562875.34.offset_grep.log) 2>> /data/work/I2BC/fadwa.elkhaddar/BIM/ORFMINE/ORFmine/orfmine/orfribo/Test/SUPPLEMENTARY_DATA/Logs/Bam2Reads_Exome/SRR1562875.34.offset_grep.log
        echo "$offset"
        if [ "$offset" = "" ]; then offset=12 ; fi
        python3 /data/work/I2BC/fadwa.elkhaddar/BIM/Workflow_Hisat/scripts/Bam2Reads/BAM2Reads.py -shift $offset -kmer 34 -gff /data/work/I2BC/fadwa.elkhaddar/BIM/ORFMINE/ORFmine/orfmine/orfribo/Test/DATA_PROCESSING/Exome/Exome_elongated.gff -bam /data/work/I2BC/fadwa.elkhaddar/BIM/ORFMINE/ORFmine/orfmine/orfribo/Test/RESULTS/BAM/Exome/SRR1562875/SRR1562875.bam -outpath /data/work/I2BC/fadwa.elkhaddar/BIM/ORFMINE/ORFmine/orfmine/orfribo/Test/DATA_PROCESSING/Bam2Reads_Exome/SRR1562875/SRR1562875_34  -outname Exome_34 -features_include CDS 2> /data/work/I2BC/fadwa.elkhaddar/BIM/ORFMINE/ORFmine/orfmine/orfribo/Test/SUPPLEMENTARY_DATA/Logs/Bam2Reads_Exome/SRR1562875.34.bam2read.log 
        
[Fri Apr 26 13:20:13 2024]
Finished job 27.
27 of 56 steps (48%) done
Select jobs to execute...

[Fri Apr 26 13:20:13 2024]
rule Bam2Reads_Exome:
    input: /data/work/I2BC/fadwa.elkhaddar/BIM/ORFMINE/ORFmine/orfmine/orfribo/Test/DATA_PROCESSING/Exome/Exome_elongated.gff, /data/work/I2BC/fadwa.elkhaddar/BIM/ORFMINE/ORFmine/orfmine/orfribo/Test/RESULTS/BAM/Exome/SRR1562875/SRR1562875.bam, /data/work/I2BC/fadwa.elkhaddar/BIM/ORFMINE/ORFmine/orfmine/orfribo/Test/RESULTS/BAM/Exome/SRR1562875/SRR1562875.bam.bai, /data/work/I2BC/fadwa.elkhaddar/BIM/ORFMINE/ORFmine/orfmine/orfribo/Test/DATA_PROCESSING/RiboWaltz/SRR1562875/psite_offset.csv
    output: /data/work/I2BC/fadwa.elkhaddar/BIM/ORFMINE/ORFmine/orfmine/orfribo/Test/DATA_PROCESSING/Bam2Reads_Exome/SRR1562875/SRR1562875_29/Exome_29_reads.tab
    log: /data/work/I2BC/fadwa.elkhaddar/BIM/ORFMINE/ORFmine/orfmine/orfribo/Test/SUPPLEMENTARY_DATA/Logs/Bam2Reads_Exome/SRR1562875.29.bam2read.log, /data/work/I2BC/fadwa.elkhaddar/BIM/ORFMINE/ORFmine/orfmine/orfribo/Test/SUPPLEMENTARY_DATA/Logs/Bam2Reads_Exome/SRR1562875.29.offset_grep.log
    jobid: 22
    benchmark: /data/work/I2BC/fadwa.elkhaddar/BIM/ORFMINE/ORFmine/orfmine/orfribo/Test/SUPPLEMENTARY_DATA/Benchmarks/Bam2Reads_Exome/SRR1562875.29.bam2read.benchmark.txt
    reason: Missing output files: /data/work/I2BC/fadwa.elkhaddar/BIM/ORFMINE/ORFmine/orfmine/orfribo/Test/DATA_PROCESSING/Bam2Reads_Exome/SRR1562875/SRR1562875_29/Exome_29_reads.tab; Input files updated by another job: /data/work/I2BC/fadwa.elkhaddar/BIM/ORFMINE/ORFmine/orfmine/orfribo/Test/RESULTS/BAM/Exome/SRR1562875/SRR1562875.bam, /data/work/I2BC/fadwa.elkhaddar/BIM/ORFMINE/ORFmine/orfmine/orfribo/Test/DATA_PROCESSING/RiboWaltz/SRR1562875/psite_offset.csv, /data/work/I2BC/fadwa.elkhaddar/BIM/ORFMINE/ORFmine/orfmine/orfribo/Test/DATA_PROCESSING/Exome/Exome_elongated.gff, /data/work/I2BC/fadwa.elkhaddar/BIM/ORFMINE/ORFmine/orfmine/orfribo/Test/RESULTS/BAM/Exome/SRR1562875/SRR1562875.bam.bai
    wildcards: sample=SRR1562875, length=29
    resources: tmpdir=/var/tmp/pbs.980092.pbsserver, mem_mb=1000


        offset=$(grep SRR1562875 /data/work/I2BC/fadwa.elkhaddar/BIM/ORFMINE/ORFmine/orfmine/orfribo/Test/DATA_PROCESSING/RiboWaltz/SRR1562875/psite_offset.csv 2> /data/work/I2BC/fadwa.elkhaddar/BIM/ORFMINE/ORFmine/orfmine/orfribo/Test/SUPPLEMENTARY_DATA/Logs/Bam2Reads_Exome/SRR1562875.29.offset_grep.log | grep ^29 2>> /data/work/I2BC/fadwa.elkhaddar/BIM/ORFMINE/ORFmine/orfmine/orfribo/Test/SUPPLEMENTARY_DATA/Logs/Bam2Reads_Exome/SRR1562875.29.offset_grep.log | cut -f7 2>> /data/work/I2BC/fadwa.elkhaddar/BIM/ORFMINE/ORFmine/orfmine/orfribo/Test/SUPPLEMENTARY_DATA/Logs/Bam2Reads_Exome/SRR1562875.29.offset_grep.log) 2>> /data/work/I2BC/fadwa.elkhaddar/BIM/ORFMINE/ORFmine/orfmine/orfribo/Test/SUPPLEMENTARY_DATA/Logs/Bam2Reads_Exome/SRR1562875.29.offset_grep.log
        echo "$offset"
        if [ "$offset" = "" ]; then offset=12 ; fi
        python3 /data/work/I2BC/fadwa.elkhaddar/BIM/Workflow_Hisat/scripts/Bam2Reads/BAM2Reads.py -shift $offset -kmer 29 -gff /data/work/I2BC/fadwa.elkhaddar/BIM/ORFMINE/ORFmine/orfmine/orfribo/Test/DATA_PROCESSING/Exome/Exome_elongated.gff -bam /data/work/I2BC/fadwa.elkhaddar/BIM/ORFMINE/ORFmine/orfmine/orfribo/Test/RESULTS/BAM/Exome/SRR1562875/SRR1562875.bam -outpath /data/work/I2BC/fadwa.elkhaddar/BIM/ORFMINE/ORFmine/orfmine/orfribo/Test/DATA_PROCESSING/Bam2Reads_Exome/SRR1562875/SRR1562875_29  -outname Exome_29 -features_include CDS 2> /data/work/I2BC/fadwa.elkhaddar/BIM/ORFMINE/ORFmine/orfmine/orfribo/Test/SUPPLEMENTARY_DATA/Logs/Bam2Reads_Exome/SRR1562875.29.bam2read.log 
        
[Fri Apr 26 13:23:15 2024]
Finished job 22.
28 of 56 steps (50%) done
Select jobs to execute...

[Fri Apr 26 13:23:15 2024]
rule ORFstats:
    input: /data/work/I2BC/fadwa.elkhaddar/BIM/ORFMINE/ORFmine/orfmine/orfribo/Test/DATA_PROCESSING/RiboWaltz/SRR1562875/psite_offset.csv, /data/work/I2BC/fadwa.elkhaddar/BIM/ORFMINE/ORFmine/orfmine/orfribo/Test/DATA_PROCESSING/Bam2Reads_Exome/SRR1562875/SRR1562875_34/Exome_34_reads.tab
    output: /data/work/I2BC/fadwa.elkhaddar/BIM/ORFMINE/ORFmine/orfmine/orfribo/Test/DATA_PROCESSING/Bam2Reads_Exome/SRR1562875/SRR1562875_34/Exome_34_reads.stats
    log: /data/work/I2BC/fadwa.elkhaddar/BIM/ORFMINE/ORFmine/orfmine/orfribo/Test/SUPPLEMENTARY_DATA/Logs/ORFstat/SRR1562875.34.orfstats.log
    jobid: 38
    benchmark: /data/work/I2BC/fadwa.elkhaddar/BIM/ORFMINE/ORFmine/orfmine/orfribo/Test/SUPPLEMENTARY_DATA/Benchmarks/ORFstat/SRR1562875.34.orfstats.txt
    reason: Missing output files: /data/work/I2BC/fadwa.elkhaddar/BIM/ORFMINE/ORFmine/orfmine/orfribo/Test/DATA_PROCESSING/Bam2Reads_Exome/SRR1562875/SRR1562875_34/Exome_34_reads.stats; Input files updated by another job: /data/work/I2BC/fadwa.elkhaddar/BIM/ORFMINE/ORFmine/orfmine/orfribo/Test/DATA_PROCESSING/Bam2Reads_Exome/SRR1562875/SRR1562875_34/Exome_34_reads.tab, /data/work/I2BC/fadwa.elkhaddar/BIM/ORFMINE/ORFmine/orfmine/orfribo/Test/DATA_PROCESSING/RiboWaltz/SRR1562875/psite_offset.csv
    wildcards: sample=SRR1562875, length=34
    resources: tmpdir=/var/tmp/pbs.980092.pbsserver

set +o pipefail;orfstats -tab /data/work/I2BC/fadwa.elkhaddar/BIM/ORFMINE/ORFmine/orfmine/orfribo/Test/DATA_PROCESSING/Bam2Reads_Exome/SRR1562875/SRR1562875_34/Exome_34_reads.tab -N 10 -out /data/work/I2BC/fadwa.elkhaddar/BIM/ORFMINE/ORFmine/orfmine/orfribo/Test/DATA_PROCESSING/Bam2Reads_Exome/SRR1562875/SRR1562875_34 2> /data/work/I2BC/fadwa.elkhaddar/BIM/ORFMINE/ORFmine/orfmine/orfribo/Test/SUPPLEMENTARY_DATA/Logs/ORFstat/SRR1562875.34.orfstats.log ;
[Fri Apr 26 13:23:16 2024]
Finished job 38.
29 of 56 steps (52%) done
Select jobs to execute...

[Fri Apr 26 13:23:16 2024]
rule ORFstats:
    input: /data/work/I2BC/fadwa.elkhaddar/BIM/ORFMINE/ORFmine/orfmine/orfribo/Test/DATA_PROCESSING/RiboWaltz/SRR1562875/psite_offset.csv, /data/work/I2BC/fadwa.elkhaddar/BIM/ORFMINE/ORFmine/orfmine/orfribo/Test/DATA_PROCESSING/Bam2Reads_Exome/SRR1562875/SRR1562875_29/Exome_29_reads.tab
    output: /data/work/I2BC/fadwa.elkhaddar/BIM/ORFMINE/ORFmine/orfmine/orfribo/Test/DATA_PROCESSING/Bam2Reads_Exome/SRR1562875/SRR1562875_29/Exome_29_reads.stats
    log: /data/work/I2BC/fadwa.elkhaddar/BIM/ORFMINE/ORFmine/orfmine/orfribo/Test/SUPPLEMENTARY_DATA/Logs/ORFstat/SRR1562875.29.orfstats.log
    jobid: 33
    benchmark: /data/work/I2BC/fadwa.elkhaddar/BIM/ORFMINE/ORFmine/orfmine/orfribo/Test/SUPPLEMENTARY_DATA/Benchmarks/ORFstat/SRR1562875.29.orfstats.txt
    reason: Missing output files: /data/work/I2BC/fadwa.elkhaddar/BIM/ORFMINE/ORFmine/orfmine/orfribo/Test/DATA_PROCESSING/Bam2Reads_Exome/SRR1562875/SRR1562875_29/Exome_29_reads.stats; Input files updated by another job: /data/work/I2BC/fadwa.elkhaddar/BIM/ORFMINE/ORFmine/orfmine/orfribo/Test/DATA_PROCESSING/RiboWaltz/SRR1562875/psite_offset.csv, /data/work/I2BC/fadwa.elkhaddar/BIM/ORFMINE/ORFmine/orfmine/orfribo/Test/DATA_PROCESSING/Bam2Reads_Exome/SRR1562875/SRR1562875_29/Exome_29_reads.tab
    wildcards: sample=SRR1562875, length=29
    resources: tmpdir=/var/tmp/pbs.980092.pbsserver

set +o pipefail;orfstats -tab /data/work/I2BC/fadwa.elkhaddar/BIM/ORFMINE/ORFmine/orfmine/orfribo/Test/DATA_PROCESSING/Bam2Reads_Exome/SRR1562875/SRR1562875_29/Exome_29_reads.tab -N 10 -out /data/work/I2BC/fadwa.elkhaddar/BIM/ORFMINE/ORFmine/orfmine/orfribo/Test/DATA_PROCESSING/Bam2Reads_Exome/SRR1562875/SRR1562875_29 2> /data/work/I2BC/fadwa.elkhaddar/BIM/ORFMINE/ORFmine/orfmine/orfribo/Test/SUPPLEMENTARY_DATA/Logs/ORFstat/SRR1562875.29.orfstats.log ;
[Fri Apr 26 13:23:17 2024]
Finished job 33.
30 of 56 steps (54%) done
Select jobs to execute...

[Fri Apr 26 13:23:17 2024]
rule Bam2Reads_Exome:
    input: /data/work/I2BC/fadwa.elkhaddar/BIM/ORFMINE/ORFmine/orfmine/orfribo/Test/DATA_PROCESSING/Exome/Exome_elongated.gff, /data/work/I2BC/fadwa.elkhaddar/BIM/ORFMINE/ORFmine/orfmine/orfribo/Test/RESULTS/BAM/Exome/SRR1562875/SRR1562875.bam, /data/work/I2BC/fadwa.elkhaddar/BIM/ORFMINE/ORFmine/orfmine/orfribo/Test/RESULTS/BAM/Exome/SRR1562875/SRR1562875.bam.bai, /data/work/I2BC/fadwa.elkhaddar/BIM/ORFMINE/ORFmine/orfmine/orfribo/Test/DATA_PROCESSING/RiboWaltz/SRR1562875/psite_offset.csv
    output: /data/work/I2BC/fadwa.elkhaddar/BIM/ORFMINE/ORFmine/orfmine/orfribo/Test/DATA_PROCESSING/Bam2Reads_Exome/SRR1562875/SRR1562875_28/Exome_28_reads.tab
    log: /data/work/I2BC/fadwa.elkhaddar/BIM/ORFMINE/ORFmine/orfmine/orfribo/Test/SUPPLEMENTARY_DATA/Logs/Bam2Reads_Exome/SRR1562875.28.bam2read.log, /data/work/I2BC/fadwa.elkhaddar/BIM/ORFMINE/ORFmine/orfmine/orfribo/Test/SUPPLEMENTARY_DATA/Logs/Bam2Reads_Exome/SRR1562875.28.offset_grep.log
    jobid: 21
    benchmark: /data/work/I2BC/fadwa.elkhaddar/BIM/ORFMINE/ORFmine/orfmine/orfribo/Test/SUPPLEMENTARY_DATA/Benchmarks/Bam2Reads_Exome/SRR1562875.28.bam2read.benchmark.txt
    reason: Missing output files: /data/work/I2BC/fadwa.elkhaddar/BIM/ORFMINE/ORFmine/orfmine/orfribo/Test/DATA_PROCESSING/Bam2Reads_Exome/SRR1562875/SRR1562875_28/Exome_28_reads.tab; Input files updated by another job: /data/work/I2BC/fadwa.elkhaddar/BIM/ORFMINE/ORFmine/orfmine/orfribo/Test/RESULTS/BAM/Exome/SRR1562875/SRR1562875.bam, /data/work/I2BC/fadwa.elkhaddar/BIM/ORFMINE/ORFmine/orfmine/orfribo/Test/DATA_PROCESSING/RiboWaltz/SRR1562875/psite_offset.csv, /data/work/I2BC/fadwa.elkhaddar/BIM/ORFMINE/ORFmine/orfmine/orfribo/Test/DATA_PROCESSING/Exome/Exome_elongated.gff, /data/work/I2BC/fadwa.elkhaddar/BIM/ORFMINE/ORFmine/orfmine/orfribo/Test/RESULTS/BAM/Exome/SRR1562875/SRR1562875.bam.bai
    wildcards: sample=SRR1562875, length=28
    resources: tmpdir=/var/tmp/pbs.980092.pbsserver, mem_mb=1000


        offset=$(grep SRR1562875 /data/work/I2BC/fadwa.elkhaddar/BIM/ORFMINE/ORFmine/orfmine/orfribo/Test/DATA_PROCESSING/RiboWaltz/SRR1562875/psite_offset.csv 2> /data/work/I2BC/fadwa.elkhaddar/BIM/ORFMINE/ORFmine/orfmine/orfribo/Test/SUPPLEMENTARY_DATA/Logs/Bam2Reads_Exome/SRR1562875.28.offset_grep.log | grep ^28 2>> /data/work/I2BC/fadwa.elkhaddar/BIM/ORFMINE/ORFmine/orfmine/orfribo/Test/SUPPLEMENTARY_DATA/Logs/Bam2Reads_Exome/SRR1562875.28.offset_grep.log | cut -f7 2>> /data/work/I2BC/fadwa.elkhaddar/BIM/ORFMINE/ORFmine/orfmine/orfribo/Test/SUPPLEMENTARY_DATA/Logs/Bam2Reads_Exome/SRR1562875.28.offset_grep.log) 2>> /data/work/I2BC/fadwa.elkhaddar/BIM/ORFMINE/ORFmine/orfmine/orfribo/Test/SUPPLEMENTARY_DATA/Logs/Bam2Reads_Exome/SRR1562875.28.offset_grep.log
        echo "$offset"
        if [ "$offset" = "" ]; then offset=12 ; fi
        python3 /data/work/I2BC/fadwa.elkhaddar/BIM/Workflow_Hisat/scripts/Bam2Reads/BAM2Reads.py -shift $offset -kmer 28 -gff /data/work/I2BC/fadwa.elkhaddar/BIM/ORFMINE/ORFmine/orfmine/orfribo/Test/DATA_PROCESSING/Exome/Exome_elongated.gff -bam /data/work/I2BC/fadwa.elkhaddar/BIM/ORFMINE/ORFmine/orfmine/orfribo/Test/RESULTS/BAM/Exome/SRR1562875/SRR1562875.bam -outpath /data/work/I2BC/fadwa.elkhaddar/BIM/ORFMINE/ORFmine/orfmine/orfribo/Test/DATA_PROCESSING/Bam2Reads_Exome/SRR1562875/SRR1562875_28  -outname Exome_28 -features_include CDS 2> /data/work/I2BC/fadwa.elkhaddar/BIM/ORFMINE/ORFmine/orfmine/orfribo/Test/SUPPLEMENTARY_DATA/Logs/Bam2Reads_Exome/SRR1562875.28.bam2read.log 
        
[Fri Apr 26 13:26:19 2024]
Finished job 21.
31 of 56 steps (55%) done
Select jobs to execute...

[Fri Apr 26 13:26:19 2024]
rule ORFstats:
    input: /data/work/I2BC/fadwa.elkhaddar/BIM/ORFMINE/ORFmine/orfmine/orfribo/Test/DATA_PROCESSING/RiboWaltz/SRR1562875/psite_offset.csv, /data/work/I2BC/fadwa.elkhaddar/BIM/ORFMINE/ORFmine/orfmine/orfribo/Test/DATA_PROCESSING/Bam2Reads_Exome/SRR1562875/SRR1562875_28/Exome_28_reads.tab
    output: /data/work/I2BC/fadwa.elkhaddar/BIM/ORFMINE/ORFmine/orfmine/orfribo/Test/DATA_PROCESSING/Bam2Reads_Exome/SRR1562875/SRR1562875_28/Exome_28_reads.stats
    log: /data/work/I2BC/fadwa.elkhaddar/BIM/ORFMINE/ORFmine/orfmine/orfribo/Test/SUPPLEMENTARY_DATA/Logs/ORFstat/SRR1562875.28.orfstats.log
    jobid: 32
    benchmark: /data/work/I2BC/fadwa.elkhaddar/BIM/ORFMINE/ORFmine/orfmine/orfribo/Test/SUPPLEMENTARY_DATA/Benchmarks/ORFstat/SRR1562875.28.orfstats.txt
    reason: Missing output files: /data/work/I2BC/fadwa.elkhaddar/BIM/ORFMINE/ORFmine/orfmine/orfribo/Test/DATA_PROCESSING/Bam2Reads_Exome/SRR1562875/SRR1562875_28/Exome_28_reads.stats; Input files updated by another job: /data/work/I2BC/fadwa.elkhaddar/BIM/ORFMINE/ORFmine/orfmine/orfribo/Test/DATA_PROCESSING/RiboWaltz/SRR1562875/psite_offset.csv, /data/work/I2BC/fadwa.elkhaddar/BIM/ORFMINE/ORFmine/orfmine/orfribo/Test/DATA_PROCESSING/Bam2Reads_Exome/SRR1562875/SRR1562875_28/Exome_28_reads.tab
    wildcards: sample=SRR1562875, length=28
    resources: tmpdir=/var/tmp/pbs.980092.pbsserver

set +o pipefail;orfstats -tab /data/work/I2BC/fadwa.elkhaddar/BIM/ORFMINE/ORFmine/orfmine/orfribo/Test/DATA_PROCESSING/Bam2Reads_Exome/SRR1562875/SRR1562875_28/Exome_28_reads.tab -N 10 -out /data/work/I2BC/fadwa.elkhaddar/BIM/ORFMINE/ORFmine/orfmine/orfribo/Test/DATA_PROCESSING/Bam2Reads_Exome/SRR1562875/SRR1562875_28 2> /data/work/I2BC/fadwa.elkhaddar/BIM/ORFMINE/ORFmine/orfmine/orfribo/Test/SUPPLEMENTARY_DATA/Logs/ORFstat/SRR1562875.28.orfstats.log ;
[Fri Apr 26 13:26:20 2024]
Finished job 32.
32 of 56 steps (57%) done
Select jobs to execute...

[Fri Apr 26 13:26:20 2024]
rule Bam2Reads_Exome:
    input: /data/work/I2BC/fadwa.elkhaddar/BIM/ORFMINE/ORFmine/orfmine/orfribo/Test/DATA_PROCESSING/Exome/Exome_elongated.gff, /data/work/I2BC/fadwa.elkhaddar/BIM/ORFMINE/ORFmine/orfmine/orfribo/Test/RESULTS/BAM/Exome/SRR1562875/SRR1562875.bam, /data/work/I2BC/fadwa.elkhaddar/BIM/ORFMINE/ORFmine/orfmine/orfribo/Test/RESULTS/BAM/Exome/SRR1562875/SRR1562875.bam.bai, /data/work/I2BC/fadwa.elkhaddar/BIM/ORFMINE/ORFmine/orfmine/orfribo/Test/DATA_PROCESSING/RiboWaltz/SRR1562875/psite_offset.csv
    output: /data/work/I2BC/fadwa.elkhaddar/BIM/ORFMINE/ORFmine/orfmine/orfribo/Test/DATA_PROCESSING/Bam2Reads_Exome/SRR1562875/SRR1562875_30/Exome_30_reads.tab
    log: /data/work/I2BC/fadwa.elkhaddar/BIM/ORFMINE/ORFmine/orfmine/orfribo/Test/SUPPLEMENTARY_DATA/Logs/Bam2Reads_Exome/SRR1562875.30.bam2read.log, /data/work/I2BC/fadwa.elkhaddar/BIM/ORFMINE/ORFmine/orfmine/orfribo/Test/SUPPLEMENTARY_DATA/Logs/Bam2Reads_Exome/SRR1562875.30.offset_grep.log
    jobid: 23
    benchmark: /data/work/I2BC/fadwa.elkhaddar/BIM/ORFMINE/ORFmine/orfmine/orfribo/Test/SUPPLEMENTARY_DATA/Benchmarks/Bam2Reads_Exome/SRR1562875.30.bam2read.benchmark.txt
    reason: Missing output files: /data/work/I2BC/fadwa.elkhaddar/BIM/ORFMINE/ORFmine/orfmine/orfribo/Test/DATA_PROCESSING/Bam2Reads_Exome/SRR1562875/SRR1562875_30/Exome_30_reads.tab; Input files updated by another job: /data/work/I2BC/fadwa.elkhaddar/BIM/ORFMINE/ORFmine/orfmine/orfribo/Test/RESULTS/BAM/Exome/SRR1562875/SRR1562875.bam, /data/work/I2BC/fadwa.elkhaddar/BIM/ORFMINE/ORFmine/orfmine/orfribo/Test/DATA_PROCESSING/RiboWaltz/SRR1562875/psite_offset.csv, /data/work/I2BC/fadwa.elkhaddar/BIM/ORFMINE/ORFmine/orfmine/orfribo/Test/DATA_PROCESSING/Exome/Exome_elongated.gff, /data/work/I2BC/fadwa.elkhaddar/BIM/ORFMINE/ORFmine/orfmine/orfribo/Test/RESULTS/BAM/Exome/SRR1562875/SRR1562875.bam.bai
    wildcards: sample=SRR1562875, length=30
    resources: tmpdir=/var/tmp/pbs.980092.pbsserver, mem_mb=1000


        offset=$(grep SRR1562875 /data/work/I2BC/fadwa.elkhaddar/BIM/ORFMINE/ORFmine/orfmine/orfribo/Test/DATA_PROCESSING/RiboWaltz/SRR1562875/psite_offset.csv 2> /data/work/I2BC/fadwa.elkhaddar/BIM/ORFMINE/ORFmine/orfmine/orfribo/Test/SUPPLEMENTARY_DATA/Logs/Bam2Reads_Exome/SRR1562875.30.offset_grep.log | grep ^30 2>> /data/work/I2BC/fadwa.elkhaddar/BIM/ORFMINE/ORFmine/orfmine/orfribo/Test/SUPPLEMENTARY_DATA/Logs/Bam2Reads_Exome/SRR1562875.30.offset_grep.log | cut -f7 2>> /data/work/I2BC/fadwa.elkhaddar/BIM/ORFMINE/ORFmine/orfmine/orfribo/Test/SUPPLEMENTARY_DATA/Logs/Bam2Reads_Exome/SRR1562875.30.offset_grep.log) 2>> /data/work/I2BC/fadwa.elkhaddar/BIM/ORFMINE/ORFmine/orfmine/orfribo/Test/SUPPLEMENTARY_DATA/Logs/Bam2Reads_Exome/SRR1562875.30.offset_grep.log
        echo "$offset"
        if [ "$offset" = "" ]; then offset=12 ; fi
        python3 /data/work/I2BC/fadwa.elkhaddar/BIM/Workflow_Hisat/scripts/Bam2Reads/BAM2Reads.py -shift $offset -kmer 30 -gff /data/work/I2BC/fadwa.elkhaddar/BIM/ORFMINE/ORFmine/orfmine/orfribo/Test/DATA_PROCESSING/Exome/Exome_elongated.gff -bam /data/work/I2BC/fadwa.elkhaddar/BIM/ORFMINE/ORFmine/orfmine/orfribo/Test/RESULTS/BAM/Exome/SRR1562875/SRR1562875.bam -outpath /data/work/I2BC/fadwa.elkhaddar/BIM/ORFMINE/ORFmine/orfmine/orfribo/Test/DATA_PROCESSING/Bam2Reads_Exome/SRR1562875/SRR1562875_30  -outname Exome_30 -features_include CDS 2> /data/work/I2BC/fadwa.elkhaddar/BIM/ORFMINE/ORFmine/orfmine/orfribo/Test/SUPPLEMENTARY_DATA/Logs/Bam2Reads_Exome/SRR1562875.30.bam2read.log 
        
[Fri Apr 26 13:29:27 2024]
Finished job 23.
33 of 56 steps (59%) done
Select jobs to execute...

[Fri Apr 26 13:29:27 2024]
rule ORFstats:
    input: /data/work/I2BC/fadwa.elkhaddar/BIM/ORFMINE/ORFmine/orfmine/orfribo/Test/DATA_PROCESSING/RiboWaltz/SRR1562875/psite_offset.csv, /data/work/I2BC/fadwa.elkhaddar/BIM/ORFMINE/ORFmine/orfmine/orfribo/Test/DATA_PROCESSING/Bam2Reads_Exome/SRR1562875/SRR1562875_30/Exome_30_reads.tab
    output: /data/work/I2BC/fadwa.elkhaddar/BIM/ORFMINE/ORFmine/orfmine/orfribo/Test/DATA_PROCESSING/Bam2Reads_Exome/SRR1562875/SRR1562875_30/Exome_30_reads.stats
    log: /data/work/I2BC/fadwa.elkhaddar/BIM/ORFMINE/ORFmine/orfmine/orfribo/Test/SUPPLEMENTARY_DATA/Logs/ORFstat/SRR1562875.30.orfstats.log
    jobid: 34
    benchmark: /data/work/I2BC/fadwa.elkhaddar/BIM/ORFMINE/ORFmine/orfmine/orfribo/Test/SUPPLEMENTARY_DATA/Benchmarks/ORFstat/SRR1562875.30.orfstats.txt
    reason: Missing output files: /data/work/I2BC/fadwa.elkhaddar/BIM/ORFMINE/ORFmine/orfmine/orfribo/Test/DATA_PROCESSING/Bam2Reads_Exome/SRR1562875/SRR1562875_30/Exome_30_reads.stats; Input files updated by another job: /data/work/I2BC/fadwa.elkhaddar/BIM/ORFMINE/ORFmine/orfmine/orfribo/Test/DATA_PROCESSING/Bam2Reads_Exome/SRR1562875/SRR1562875_30/Exome_30_reads.tab, /data/work/I2BC/fadwa.elkhaddar/BIM/ORFMINE/ORFmine/orfmine/orfribo/Test/DATA_PROCESSING/RiboWaltz/SRR1562875/psite_offset.csv
    wildcards: sample=SRR1562875, length=30
    resources: tmpdir=/var/tmp/pbs.980092.pbsserver

set +o pipefail;orfstats -tab /data/work/I2BC/fadwa.elkhaddar/BIM/ORFMINE/ORFmine/orfmine/orfribo/Test/DATA_PROCESSING/Bam2Reads_Exome/SRR1562875/SRR1562875_30/Exome_30_reads.tab -N 10 -out /data/work/I2BC/fadwa.elkhaddar/BIM/ORFMINE/ORFmine/orfmine/orfribo/Test/DATA_PROCESSING/Bam2Reads_Exome/SRR1562875/SRR1562875_30 2> /data/work/I2BC/fadwa.elkhaddar/BIM/ORFMINE/ORFmine/orfmine/orfribo/Test/SUPPLEMENTARY_DATA/Logs/ORFstat/SRR1562875.30.orfstats.log ;
[Fri Apr 26 13:29:29 2024]
Finished job 34.
34 of 56 steps (61%) done
Select jobs to execute...

[Fri Apr 26 13:29:29 2024]
rule Bam2Reads_Exome:
    input: /data/work/I2BC/fadwa.elkhaddar/BIM/ORFMINE/ORFmine/orfmine/orfribo/Test/DATA_PROCESSING/Exome/Exome_elongated.gff, /data/work/I2BC/fadwa.elkhaddar/BIM/ORFMINE/ORFmine/orfmine/orfribo/Test/RESULTS/BAM/Exome/SRR1562875/SRR1562875.bam, /data/work/I2BC/fadwa.elkhaddar/BIM/ORFMINE/ORFmine/orfmine/orfribo/Test/RESULTS/BAM/Exome/SRR1562875/SRR1562875.bam.bai, /data/work/I2BC/fadwa.elkhaddar/BIM/ORFMINE/ORFmine/orfmine/orfribo/Test/DATA_PROCESSING/RiboWaltz/SRR1562875/psite_offset.csv
    output: /data/work/I2BC/fadwa.elkhaddar/BIM/ORFMINE/ORFmine/orfmine/orfribo/Test/DATA_PROCESSING/Bam2Reads_Exome/SRR1562875/SRR1562875_32/Exome_32_reads.tab
    log: /data/work/I2BC/fadwa.elkhaddar/BIM/ORFMINE/ORFmine/orfmine/orfribo/Test/SUPPLEMENTARY_DATA/Logs/Bam2Reads_Exome/SRR1562875.32.bam2read.log, /data/work/I2BC/fadwa.elkhaddar/BIM/ORFMINE/ORFmine/orfmine/orfribo/Test/SUPPLEMENTARY_DATA/Logs/Bam2Reads_Exome/SRR1562875.32.offset_grep.log
    jobid: 25
    benchmark: /data/work/I2BC/fadwa.elkhaddar/BIM/ORFMINE/ORFmine/orfmine/orfribo/Test/SUPPLEMENTARY_DATA/Benchmarks/Bam2Reads_Exome/SRR1562875.32.bam2read.benchmark.txt
    reason: Missing output files: /data/work/I2BC/fadwa.elkhaddar/BIM/ORFMINE/ORFmine/orfmine/orfribo/Test/DATA_PROCESSING/Bam2Reads_Exome/SRR1562875/SRR1562875_32/Exome_32_reads.tab; Input files updated by another job: /data/work/I2BC/fadwa.elkhaddar/BIM/ORFMINE/ORFmine/orfmine/orfribo/Test/RESULTS/BAM/Exome/SRR1562875/SRR1562875.bam, /data/work/I2BC/fadwa.elkhaddar/BIM/ORFMINE/ORFmine/orfmine/orfribo/Test/DATA_PROCESSING/RiboWaltz/SRR1562875/psite_offset.csv, /data/work/I2BC/fadwa.elkhaddar/BIM/ORFMINE/ORFmine/orfmine/orfribo/Test/DATA_PROCESSING/Exome/Exome_elongated.gff, /data/work/I2BC/fadwa.elkhaddar/BIM/ORFMINE/ORFmine/orfmine/orfribo/Test/RESULTS/BAM/Exome/SRR1562875/SRR1562875.bam.bai
    wildcards: sample=SRR1562875, length=32
    resources: tmpdir=/var/tmp/pbs.980092.pbsserver, mem_mb=1000


        offset=$(grep SRR1562875 /data/work/I2BC/fadwa.elkhaddar/BIM/ORFMINE/ORFmine/orfmine/orfribo/Test/DATA_PROCESSING/RiboWaltz/SRR1562875/psite_offset.csv 2> /data/work/I2BC/fadwa.elkhaddar/BIM/ORFMINE/ORFmine/orfmine/orfribo/Test/SUPPLEMENTARY_DATA/Logs/Bam2Reads_Exome/SRR1562875.32.offset_grep.log | grep ^32 2>> /data/work/I2BC/fadwa.elkhaddar/BIM/ORFMINE/ORFmine/orfmine/orfribo/Test/SUPPLEMENTARY_DATA/Logs/Bam2Reads_Exome/SRR1562875.32.offset_grep.log | cut -f7 2>> /data/work/I2BC/fadwa.elkhaddar/BIM/ORFMINE/ORFmine/orfmine/orfribo/Test/SUPPLEMENTARY_DATA/Logs/Bam2Reads_Exome/SRR1562875.32.offset_grep.log) 2>> /data/work/I2BC/fadwa.elkhaddar/BIM/ORFMINE/ORFmine/orfmine/orfribo/Test/SUPPLEMENTARY_DATA/Logs/Bam2Reads_Exome/SRR1562875.32.offset_grep.log
        echo "$offset"
        if [ "$offset" = "" ]; then offset=12 ; fi
        python3 /data/work/I2BC/fadwa.elkhaddar/BIM/Workflow_Hisat/scripts/Bam2Reads/BAM2Reads.py -shift $offset -kmer 32 -gff /data/work/I2BC/fadwa.elkhaddar/BIM/ORFMINE/ORFmine/orfmine/orfribo/Test/DATA_PROCESSING/Exome/Exome_elongated.gff -bam /data/work/I2BC/fadwa.elkhaddar/BIM/ORFMINE/ORFmine/orfmine/orfribo/Test/RESULTS/BAM/Exome/SRR1562875/SRR1562875.bam -outpath /data/work/I2BC/fadwa.elkhaddar/BIM/ORFMINE/ORFmine/orfmine/orfribo/Test/DATA_PROCESSING/Bam2Reads_Exome/SRR1562875/SRR1562875_32  -outname Exome_32 -features_include CDS 2> /data/work/I2BC/fadwa.elkhaddar/BIM/ORFMINE/ORFmine/orfmine/orfribo/Test/SUPPLEMENTARY_DATA/Logs/Bam2Reads_Exome/SRR1562875.32.bam2read.log 
        
[Fri Apr 26 13:32:32 2024]
Finished job 25.
35 of 56 steps (62%) done
Select jobs to execute...

[Fri Apr 26 13:32:32 2024]
rule ORFstats:
    input: /data/work/I2BC/fadwa.elkhaddar/BIM/ORFMINE/ORFmine/orfmine/orfribo/Test/DATA_PROCESSING/RiboWaltz/SRR1562875/psite_offset.csv, /data/work/I2BC/fadwa.elkhaddar/BIM/ORFMINE/ORFmine/orfmine/orfribo/Test/DATA_PROCESSING/Bam2Reads_Exome/SRR1562875/SRR1562875_32/Exome_32_reads.tab
    output: /data/work/I2BC/fadwa.elkhaddar/BIM/ORFMINE/ORFmine/orfmine/orfribo/Test/DATA_PROCESSING/Bam2Reads_Exome/SRR1562875/SRR1562875_32/Exome_32_reads.stats
    log: /data/work/I2BC/fadwa.elkhaddar/BIM/ORFMINE/ORFmine/orfmine/orfribo/Test/SUPPLEMENTARY_DATA/Logs/ORFstat/SRR1562875.32.orfstats.log
    jobid: 36
    benchmark: /data/work/I2BC/fadwa.elkhaddar/BIM/ORFMINE/ORFmine/orfmine/orfribo/Test/SUPPLEMENTARY_DATA/Benchmarks/ORFstat/SRR1562875.32.orfstats.txt
    reason: Missing output files: /data/work/I2BC/fadwa.elkhaddar/BIM/ORFMINE/ORFmine/orfmine/orfribo/Test/DATA_PROCESSING/Bam2Reads_Exome/SRR1562875/SRR1562875_32/Exome_32_reads.stats; Input files updated by another job: /data/work/I2BC/fadwa.elkhaddar/BIM/ORFMINE/ORFmine/orfmine/orfribo/Test/DATA_PROCESSING/Bam2Reads_Exome/SRR1562875/SRR1562875_32/Exome_32_reads.tab, /data/work/I2BC/fadwa.elkhaddar/BIM/ORFMINE/ORFmine/orfmine/orfribo/Test/DATA_PROCESSING/RiboWaltz/SRR1562875/psite_offset.csv
    wildcards: sample=SRR1562875, length=32
    resources: tmpdir=/var/tmp/pbs.980092.pbsserver

set +o pipefail;orfstats -tab /data/work/I2BC/fadwa.elkhaddar/BIM/ORFMINE/ORFmine/orfmine/orfribo/Test/DATA_PROCESSING/Bam2Reads_Exome/SRR1562875/SRR1562875_32/Exome_32_reads.tab -N 10 -out /data/work/I2BC/fadwa.elkhaddar/BIM/ORFMINE/ORFmine/orfmine/orfribo/Test/DATA_PROCESSING/Bam2Reads_Exome/SRR1562875/SRR1562875_32 2> /data/work/I2BC/fadwa.elkhaddar/BIM/ORFMINE/ORFmine/orfmine/orfribo/Test/SUPPLEMENTARY_DATA/Logs/ORFstat/SRR1562875.32.orfstats.log ;
[Fri Apr 26 13:32:33 2024]
Finished job 36.
36 of 56 steps (64%) done
Select jobs to execute...

[Fri Apr 26 13:32:33 2024]
rule Bam2Reads_Exome:
    input: /data/work/I2BC/fadwa.elkhaddar/BIM/ORFMINE/ORFmine/orfmine/orfribo/Test/DATA_PROCESSING/Exome/Exome_elongated.gff, /data/work/I2BC/fadwa.elkhaddar/BIM/ORFMINE/ORFmine/orfmine/orfribo/Test/RESULTS/BAM/Exome/SRR1562875/SRR1562875.bam, /data/work/I2BC/fadwa.elkhaddar/BIM/ORFMINE/ORFmine/orfmine/orfribo/Test/RESULTS/BAM/Exome/SRR1562875/SRR1562875.bam.bai, /data/work/I2BC/fadwa.elkhaddar/BIM/ORFMINE/ORFmine/orfmine/orfribo/Test/DATA_PROCESSING/RiboWaltz/SRR1562875/psite_offset.csv
    output: /data/work/I2BC/fadwa.elkhaddar/BIM/ORFMINE/ORFmine/orfmine/orfribo/Test/DATA_PROCESSING/Bam2Reads_Exome/SRR1562875/SRR1562875_25/Exome_25_reads.tab
    log: /data/work/I2BC/fadwa.elkhaddar/BIM/ORFMINE/ORFmine/orfmine/orfribo/Test/SUPPLEMENTARY_DATA/Logs/Bam2Reads_Exome/SRR1562875.25.bam2read.log, /data/work/I2BC/fadwa.elkhaddar/BIM/ORFMINE/ORFmine/orfmine/orfribo/Test/SUPPLEMENTARY_DATA/Logs/Bam2Reads_Exome/SRR1562875.25.offset_grep.log
    jobid: 18
    benchmark: /data/work/I2BC/fadwa.elkhaddar/BIM/ORFMINE/ORFmine/orfmine/orfribo/Test/SUPPLEMENTARY_DATA/Benchmarks/Bam2Reads_Exome/SRR1562875.25.bam2read.benchmark.txt
    reason: Missing output files: /data/work/I2BC/fadwa.elkhaddar/BIM/ORFMINE/ORFmine/orfmine/orfribo/Test/DATA_PROCESSING/Bam2Reads_Exome/SRR1562875/SRR1562875_25/Exome_25_reads.tab; Input files updated by another job: /data/work/I2BC/fadwa.elkhaddar/BIM/ORFMINE/ORFmine/orfmine/orfribo/Test/RESULTS/BAM/Exome/SRR1562875/SRR1562875.bam, /data/work/I2BC/fadwa.elkhaddar/BIM/ORFMINE/ORFmine/orfmine/orfribo/Test/DATA_PROCESSING/RiboWaltz/SRR1562875/psite_offset.csv, /data/work/I2BC/fadwa.elkhaddar/BIM/ORFMINE/ORFmine/orfmine/orfribo/Test/DATA_PROCESSING/Exome/Exome_elongated.gff, /data/work/I2BC/fadwa.elkhaddar/BIM/ORFMINE/ORFmine/orfmine/orfribo/Test/RESULTS/BAM/Exome/SRR1562875/SRR1562875.bam.bai
    wildcards: sample=SRR1562875, length=25
    resources: tmpdir=/var/tmp/pbs.980092.pbsserver, mem_mb=1000


        offset=$(grep SRR1562875 /data/work/I2BC/fadwa.elkhaddar/BIM/ORFMINE/ORFmine/orfmine/orfribo/Test/DATA_PROCESSING/RiboWaltz/SRR1562875/psite_offset.csv 2> /data/work/I2BC/fadwa.elkhaddar/BIM/ORFMINE/ORFmine/orfmine/orfribo/Test/SUPPLEMENTARY_DATA/Logs/Bam2Reads_Exome/SRR1562875.25.offset_grep.log | grep ^25 2>> /data/work/I2BC/fadwa.elkhaddar/BIM/ORFMINE/ORFmine/orfmine/orfribo/Test/SUPPLEMENTARY_DATA/Logs/Bam2Reads_Exome/SRR1562875.25.offset_grep.log | cut -f7 2>> /data/work/I2BC/fadwa.elkhaddar/BIM/ORFMINE/ORFmine/orfmine/orfribo/Test/SUPPLEMENTARY_DATA/Logs/Bam2Reads_Exome/SRR1562875.25.offset_grep.log) 2>> /data/work/I2BC/fadwa.elkhaddar/BIM/ORFMINE/ORFmine/orfmine/orfribo/Test/SUPPLEMENTARY_DATA/Logs/Bam2Reads_Exome/SRR1562875.25.offset_grep.log
        echo "$offset"
        if [ "$offset" = "" ]; then offset=12 ; fi
        python3 /data/work/I2BC/fadwa.elkhaddar/BIM/Workflow_Hisat/scripts/Bam2Reads/BAM2Reads.py -shift $offset -kmer 25 -gff /data/work/I2BC/fadwa.elkhaddar/BIM/ORFMINE/ORFmine/orfmine/orfribo/Test/DATA_PROCESSING/Exome/Exome_elongated.gff -bam /data/work/I2BC/fadwa.elkhaddar/BIM/ORFMINE/ORFmine/orfmine/orfribo/Test/RESULTS/BAM/Exome/SRR1562875/SRR1562875.bam -outpath /data/work/I2BC/fadwa.elkhaddar/BIM/ORFMINE/ORFmine/orfmine/orfribo/Test/DATA_PROCESSING/Bam2Reads_Exome/SRR1562875/SRR1562875_25  -outname Exome_25 -features_include CDS 2> /data/work/I2BC/fadwa.elkhaddar/BIM/ORFMINE/ORFmine/orfmine/orfribo/Test/SUPPLEMENTARY_DATA/Logs/Bam2Reads_Exome/SRR1562875.25.bam2read.log 
        
[Fri Apr 26 13:35:55 2024]
Finished job 18.
37 of 56 steps (66%) done
Select jobs to execute...

[Fri Apr 26 13:35:55 2024]
rule ORFstats:
    input: /data/work/I2BC/fadwa.elkhaddar/BIM/ORFMINE/ORFmine/orfmine/orfribo/Test/DATA_PROCESSING/RiboWaltz/SRR1562875/psite_offset.csv, /data/work/I2BC/fadwa.elkhaddar/BIM/ORFMINE/ORFmine/orfmine/orfribo/Test/DATA_PROCESSING/Bam2Reads_Exome/SRR1562875/SRR1562875_25/Exome_25_reads.tab
    output: /data/work/I2BC/fadwa.elkhaddar/BIM/ORFMINE/ORFmine/orfmine/orfribo/Test/DATA_PROCESSING/Bam2Reads_Exome/SRR1562875/SRR1562875_25/Exome_25_reads.stats
    log: /data/work/I2BC/fadwa.elkhaddar/BIM/ORFMINE/ORFmine/orfmine/orfribo/Test/SUPPLEMENTARY_DATA/Logs/ORFstat/SRR1562875.25.orfstats.log
    jobid: 29
    benchmark: /data/work/I2BC/fadwa.elkhaddar/BIM/ORFMINE/ORFmine/orfmine/orfribo/Test/SUPPLEMENTARY_DATA/Benchmarks/ORFstat/SRR1562875.25.orfstats.txt
    reason: Missing output files: /data/work/I2BC/fadwa.elkhaddar/BIM/ORFMINE/ORFmine/orfmine/orfribo/Test/DATA_PROCESSING/Bam2Reads_Exome/SRR1562875/SRR1562875_25/Exome_25_reads.stats; Input files updated by another job: /data/work/I2BC/fadwa.elkhaddar/BIM/ORFMINE/ORFmine/orfmine/orfribo/Test/DATA_PROCESSING/RiboWaltz/SRR1562875/psite_offset.csv, /data/work/I2BC/fadwa.elkhaddar/BIM/ORFMINE/ORFmine/orfmine/orfribo/Test/DATA_PROCESSING/Bam2Reads_Exome/SRR1562875/SRR1562875_25/Exome_25_reads.tab
    wildcards: sample=SRR1562875, length=25
    resources: tmpdir=/var/tmp/pbs.980092.pbsserver

set +o pipefail;orfstats -tab /data/work/I2BC/fadwa.elkhaddar/BIM/ORFMINE/ORFmine/orfmine/orfribo/Test/DATA_PROCESSING/Bam2Reads_Exome/SRR1562875/SRR1562875_25/Exome_25_reads.tab -N 10 -out /data/work/I2BC/fadwa.elkhaddar/BIM/ORFMINE/ORFmine/orfmine/orfribo/Test/DATA_PROCESSING/Bam2Reads_Exome/SRR1562875/SRR1562875_25 2> /data/work/I2BC/fadwa.elkhaddar/BIM/ORFMINE/ORFmine/orfmine/orfribo/Test/SUPPLEMENTARY_DATA/Logs/ORFstat/SRR1562875.25.orfstats.log ;
[Fri Apr 26 13:35:56 2024]
Finished job 29.
38 of 56 steps (68%) done
Select jobs to execute...

[Fri Apr 26 13:35:56 2024]
rule Bam2Reads_Exome:
    input: /data/work/I2BC/fadwa.elkhaddar/BIM/ORFMINE/ORFmine/orfmine/orfribo/Test/DATA_PROCESSING/Exome/Exome_elongated.gff, /data/work/I2BC/fadwa.elkhaddar/BIM/ORFMINE/ORFmine/orfmine/orfribo/Test/RESULTS/BAM/Exome/SRR1562875/SRR1562875.bam, /data/work/I2BC/fadwa.elkhaddar/BIM/ORFMINE/ORFmine/orfmine/orfribo/Test/RESULTS/BAM/Exome/SRR1562875/SRR1562875.bam.bai, /data/work/I2BC/fadwa.elkhaddar/BIM/ORFMINE/ORFmine/orfmine/orfribo/Test/DATA_PROCESSING/RiboWaltz/SRR1562875/psite_offset.csv
    output: /data/work/I2BC/fadwa.elkhaddar/BIM/ORFMINE/ORFmine/orfmine/orfribo/Test/DATA_PROCESSING/Bam2Reads_Exome/SRR1562875/SRR1562875_26/Exome_26_reads.tab
    log: /data/work/I2BC/fadwa.elkhaddar/BIM/ORFMINE/ORFmine/orfmine/orfribo/Test/SUPPLEMENTARY_DATA/Logs/Bam2Reads_Exome/SRR1562875.26.bam2read.log, /data/work/I2BC/fadwa.elkhaddar/BIM/ORFMINE/ORFmine/orfmine/orfribo/Test/SUPPLEMENTARY_DATA/Logs/Bam2Reads_Exome/SRR1562875.26.offset_grep.log
    jobid: 19
    benchmark: /data/work/I2BC/fadwa.elkhaddar/BIM/ORFMINE/ORFmine/orfmine/orfribo/Test/SUPPLEMENTARY_DATA/Benchmarks/Bam2Reads_Exome/SRR1562875.26.bam2read.benchmark.txt
    reason: Missing output files: /data/work/I2BC/fadwa.elkhaddar/BIM/ORFMINE/ORFmine/orfmine/orfribo/Test/DATA_PROCESSING/Bam2Reads_Exome/SRR1562875/SRR1562875_26/Exome_26_reads.tab; Input files updated by another job: /data/work/I2BC/fadwa.elkhaddar/BIM/ORFMINE/ORFmine/orfmine/orfribo/Test/RESULTS/BAM/Exome/SRR1562875/SRR1562875.bam, /data/work/I2BC/fadwa.elkhaddar/BIM/ORFMINE/ORFmine/orfmine/orfribo/Test/DATA_PROCESSING/RiboWaltz/SRR1562875/psite_offset.csv, /data/work/I2BC/fadwa.elkhaddar/BIM/ORFMINE/ORFmine/orfmine/orfribo/Test/DATA_PROCESSING/Exome/Exome_elongated.gff, /data/work/I2BC/fadwa.elkhaddar/BIM/ORFMINE/ORFmine/orfmine/orfribo/Test/RESULTS/BAM/Exome/SRR1562875/SRR1562875.bam.bai
    wildcards: sample=SRR1562875, length=26
    resources: tmpdir=/var/tmp/pbs.980092.pbsserver, mem_mb=1000


        offset=$(grep SRR1562875 /data/work/I2BC/fadwa.elkhaddar/BIM/ORFMINE/ORFmine/orfmine/orfribo/Test/DATA_PROCESSING/RiboWaltz/SRR1562875/psite_offset.csv 2> /data/work/I2BC/fadwa.elkhaddar/BIM/ORFMINE/ORFmine/orfmine/orfribo/Test/SUPPLEMENTARY_DATA/Logs/Bam2Reads_Exome/SRR1562875.26.offset_grep.log | grep ^26 2>> /data/work/I2BC/fadwa.elkhaddar/BIM/ORFMINE/ORFmine/orfmine/orfribo/Test/SUPPLEMENTARY_DATA/Logs/Bam2Reads_Exome/SRR1562875.26.offset_grep.log | cut -f7 2>> /data/work/I2BC/fadwa.elkhaddar/BIM/ORFMINE/ORFmine/orfmine/orfribo/Test/SUPPLEMENTARY_DATA/Logs/Bam2Reads_Exome/SRR1562875.26.offset_grep.log) 2>> /data/work/I2BC/fadwa.elkhaddar/BIM/ORFMINE/ORFmine/orfmine/orfribo/Test/SUPPLEMENTARY_DATA/Logs/Bam2Reads_Exome/SRR1562875.26.offset_grep.log
        echo "$offset"
        if [ "$offset" = "" ]; then offset=12 ; fi
        python3 /data/work/I2BC/fadwa.elkhaddar/BIM/Workflow_Hisat/scripts/Bam2Reads/BAM2Reads.py -shift $offset -kmer 26 -gff /data/work/I2BC/fadwa.elkhaddar/BIM/ORFMINE/ORFmine/orfmine/orfribo/Test/DATA_PROCESSING/Exome/Exome_elongated.gff -bam /data/work/I2BC/fadwa.elkhaddar/BIM/ORFMINE/ORFmine/orfmine/orfribo/Test/RESULTS/BAM/Exome/SRR1562875/SRR1562875.bam -outpath /data/work/I2BC/fadwa.elkhaddar/BIM/ORFMINE/ORFmine/orfmine/orfribo/Test/DATA_PROCESSING/Bam2Reads_Exome/SRR1562875/SRR1562875_26  -outname Exome_26 -features_include CDS 2> /data/work/I2BC/fadwa.elkhaddar/BIM/ORFMINE/ORFmine/orfmine/orfribo/Test/SUPPLEMENTARY_DATA/Logs/Bam2Reads_Exome/SRR1562875.26.bam2read.log 
        
[Fri Apr 26 13:39:22 2024]
Finished job 19.
39 of 56 steps (70%) done
Select jobs to execute...

[Fri Apr 26 13:39:22 2024]
rule Bam2Reads_Exome:
    input: /data/work/I2BC/fadwa.elkhaddar/BIM/ORFMINE/ORFmine/orfmine/orfribo/Test/DATA_PROCESSING/Exome/Exome_elongated.gff, /data/work/I2BC/fadwa.elkhaddar/BIM/ORFMINE/ORFmine/orfmine/orfribo/Test/RESULTS/BAM/Exome/SRR1562875/SRR1562875.bam, /data/work/I2BC/fadwa.elkhaddar/BIM/ORFMINE/ORFmine/orfmine/orfribo/Test/RESULTS/BAM/Exome/SRR1562875/SRR1562875.bam.bai, /data/work/I2BC/fadwa.elkhaddar/BIM/ORFMINE/ORFmine/orfmine/orfribo/Test/DATA_PROCESSING/RiboWaltz/SRR1562875/psite_offset.csv
    output: /data/work/I2BC/fadwa.elkhaddar/BIM/ORFMINE/ORFmine/orfmine/orfribo/Test/DATA_PROCESSING/Bam2Reads_Exome/SRR1562875/SRR1562875_33/Exome_33_reads.tab
    log: /data/work/I2BC/fadwa.elkhaddar/BIM/ORFMINE/ORFmine/orfmine/orfribo/Test/SUPPLEMENTARY_DATA/Logs/Bam2Reads_Exome/SRR1562875.33.bam2read.log, /data/work/I2BC/fadwa.elkhaddar/BIM/ORFMINE/ORFmine/orfmine/orfribo/Test/SUPPLEMENTARY_DATA/Logs/Bam2Reads_Exome/SRR1562875.33.offset_grep.log
    jobid: 26
    benchmark: /data/work/I2BC/fadwa.elkhaddar/BIM/ORFMINE/ORFmine/orfmine/orfribo/Test/SUPPLEMENTARY_DATA/Benchmarks/Bam2Reads_Exome/SRR1562875.33.bam2read.benchmark.txt
    reason: Missing output files: /data/work/I2BC/fadwa.elkhaddar/BIM/ORFMINE/ORFmine/orfmine/orfribo/Test/DATA_PROCESSING/Bam2Reads_Exome/SRR1562875/SRR1562875_33/Exome_33_reads.tab; Input files updated by another job: /data/work/I2BC/fadwa.elkhaddar/BIM/ORFMINE/ORFmine/orfmine/orfribo/Test/RESULTS/BAM/Exome/SRR1562875/SRR1562875.bam, /data/work/I2BC/fadwa.elkhaddar/BIM/ORFMINE/ORFmine/orfmine/orfribo/Test/DATA_PROCESSING/RiboWaltz/SRR1562875/psite_offset.csv, /data/work/I2BC/fadwa.elkhaddar/BIM/ORFMINE/ORFmine/orfmine/orfribo/Test/DATA_PROCESSING/Exome/Exome_elongated.gff, /data/work/I2BC/fadwa.elkhaddar/BIM/ORFMINE/ORFmine/orfmine/orfribo/Test/RESULTS/BAM/Exome/SRR1562875/SRR1562875.bam.bai
    wildcards: sample=SRR1562875, length=33
    resources: tmpdir=/var/tmp/pbs.980092.pbsserver, mem_mb=1000


        offset=$(grep SRR1562875 /data/work/I2BC/fadwa.elkhaddar/BIM/ORFMINE/ORFmine/orfmine/orfribo/Test/DATA_PROCESSING/RiboWaltz/SRR1562875/psite_offset.csv 2> /data/work/I2BC/fadwa.elkhaddar/BIM/ORFMINE/ORFmine/orfmine/orfribo/Test/SUPPLEMENTARY_DATA/Logs/Bam2Reads_Exome/SRR1562875.33.offset_grep.log | grep ^33 2>> /data/work/I2BC/fadwa.elkhaddar/BIM/ORFMINE/ORFmine/orfmine/orfribo/Test/SUPPLEMENTARY_DATA/Logs/Bam2Reads_Exome/SRR1562875.33.offset_grep.log | cut -f7 2>> /data/work/I2BC/fadwa.elkhaddar/BIM/ORFMINE/ORFmine/orfmine/orfribo/Test/SUPPLEMENTARY_DATA/Logs/Bam2Reads_Exome/SRR1562875.33.offset_grep.log) 2>> /data/work/I2BC/fadwa.elkhaddar/BIM/ORFMINE/ORFmine/orfmine/orfribo/Test/SUPPLEMENTARY_DATA/Logs/Bam2Reads_Exome/SRR1562875.33.offset_grep.log
        echo "$offset"
        if [ "$offset" = "" ]; then offset=12 ; fi
        python3 /data/work/I2BC/fadwa.elkhaddar/BIM/Workflow_Hisat/scripts/Bam2Reads/BAM2Reads.py -shift $offset -kmer 33 -gff /data/work/I2BC/fadwa.elkhaddar/BIM/ORFMINE/ORFmine/orfmine/orfribo/Test/DATA_PROCESSING/Exome/Exome_elongated.gff -bam /data/work/I2BC/fadwa.elkhaddar/BIM/ORFMINE/ORFmine/orfmine/orfribo/Test/RESULTS/BAM/Exome/SRR1562875/SRR1562875.bam -outpath /data/work/I2BC/fadwa.elkhaddar/BIM/ORFMINE/ORFmine/orfmine/orfribo/Test/DATA_PROCESSING/Bam2Reads_Exome/SRR1562875/SRR1562875_33  -outname Exome_33 -features_include CDS 2> /data/work/I2BC/fadwa.elkhaddar/BIM/ORFMINE/ORFmine/orfmine/orfribo/Test/SUPPLEMENTARY_DATA/Logs/Bam2Reads_Exome/SRR1562875.33.bam2read.log 
        
[Fri Apr 26 13:42:27 2024]
Finished job 26.
40 of 56 steps (71%) done
Select jobs to execute...

[Fri Apr 26 13:42:27 2024]
rule ORFstats:
    input: /data/work/I2BC/fadwa.elkhaddar/BIM/ORFMINE/ORFmine/orfmine/orfribo/Test/DATA_PROCESSING/RiboWaltz/SRR1562875/psite_offset.csv, /data/work/I2BC/fadwa.elkhaddar/BIM/ORFMINE/ORFmine/orfmine/orfribo/Test/DATA_PROCESSING/Bam2Reads_Exome/SRR1562875/SRR1562875_26/Exome_26_reads.tab
    output: /data/work/I2BC/fadwa.elkhaddar/BIM/ORFMINE/ORFmine/orfmine/orfribo/Test/DATA_PROCESSING/Bam2Reads_Exome/SRR1562875/SRR1562875_26/Exome_26_reads.stats
    log: /data/work/I2BC/fadwa.elkhaddar/BIM/ORFMINE/ORFmine/orfmine/orfribo/Test/SUPPLEMENTARY_DATA/Logs/ORFstat/SRR1562875.26.orfstats.log
    jobid: 30
    benchmark: /data/work/I2BC/fadwa.elkhaddar/BIM/ORFMINE/ORFmine/orfmine/orfribo/Test/SUPPLEMENTARY_DATA/Benchmarks/ORFstat/SRR1562875.26.orfstats.txt
    reason: Missing output files: /data/work/I2BC/fadwa.elkhaddar/BIM/ORFMINE/ORFmine/orfmine/orfribo/Test/DATA_PROCESSING/Bam2Reads_Exome/SRR1562875/SRR1562875_26/Exome_26_reads.stats; Input files updated by another job: /data/work/I2BC/fadwa.elkhaddar/BIM/ORFMINE/ORFmine/orfmine/orfribo/Test/DATA_PROCESSING/RiboWaltz/SRR1562875/psite_offset.csv, /data/work/I2BC/fadwa.elkhaddar/BIM/ORFMINE/ORFmine/orfmine/orfribo/Test/DATA_PROCESSING/Bam2Reads_Exome/SRR1562875/SRR1562875_26/Exome_26_reads.tab
    wildcards: sample=SRR1562875, length=26
    resources: tmpdir=/var/tmp/pbs.980092.pbsserver

set +o pipefail;orfstats -tab /data/work/I2BC/fadwa.elkhaddar/BIM/ORFMINE/ORFmine/orfmine/orfribo/Test/DATA_PROCESSING/Bam2Reads_Exome/SRR1562875/SRR1562875_26/Exome_26_reads.tab -N 10 -out /data/work/I2BC/fadwa.elkhaddar/BIM/ORFMINE/ORFmine/orfmine/orfribo/Test/DATA_PROCESSING/Bam2Reads_Exome/SRR1562875/SRR1562875_26 2> /data/work/I2BC/fadwa.elkhaddar/BIM/ORFMINE/ORFmine/orfmine/orfribo/Test/SUPPLEMENTARY_DATA/Logs/ORFstat/SRR1562875.26.orfstats.log ;
[Fri Apr 26 13:42:28 2024]
Finished job 30.
41 of 56 steps (73%) done
Select jobs to execute...

[Fri Apr 26 13:42:28 2024]
rule ORFstats:
    input: /data/work/I2BC/fadwa.elkhaddar/BIM/ORFMINE/ORFmine/orfmine/orfribo/Test/DATA_PROCESSING/RiboWaltz/SRR1562875/psite_offset.csv, /data/work/I2BC/fadwa.elkhaddar/BIM/ORFMINE/ORFmine/orfmine/orfribo/Test/DATA_PROCESSING/Bam2Reads_Exome/SRR1562875/SRR1562875_33/Exome_33_reads.tab
    output: /data/work/I2BC/fadwa.elkhaddar/BIM/ORFMINE/ORFmine/orfmine/orfribo/Test/DATA_PROCESSING/Bam2Reads_Exome/SRR1562875/SRR1562875_33/Exome_33_reads.stats
    log: /data/work/I2BC/fadwa.elkhaddar/BIM/ORFMINE/ORFmine/orfmine/orfribo/Test/SUPPLEMENTARY_DATA/Logs/ORFstat/SRR1562875.33.orfstats.log
    jobid: 37
    benchmark: /data/work/I2BC/fadwa.elkhaddar/BIM/ORFMINE/ORFmine/orfmine/orfribo/Test/SUPPLEMENTARY_DATA/Benchmarks/ORFstat/SRR1562875.33.orfstats.txt
    reason: Missing output files: /data/work/I2BC/fadwa.elkhaddar/BIM/ORFMINE/ORFmine/orfmine/orfribo/Test/DATA_PROCESSING/Bam2Reads_Exome/SRR1562875/SRR1562875_33/Exome_33_reads.stats; Input files updated by another job: /data/work/I2BC/fadwa.elkhaddar/BIM/ORFMINE/ORFmine/orfmine/orfribo/Test/DATA_PROCESSING/Bam2Reads_Exome/SRR1562875/SRR1562875_33/Exome_33_reads.tab, /data/work/I2BC/fadwa.elkhaddar/BIM/ORFMINE/ORFmine/orfmine/orfribo/Test/DATA_PROCESSING/RiboWaltz/SRR1562875/psite_offset.csv
    wildcards: sample=SRR1562875, length=33
    resources: tmpdir=/var/tmp/pbs.980092.pbsserver

set +o pipefail;orfstats -tab /data/work/I2BC/fadwa.elkhaddar/BIM/ORFMINE/ORFmine/orfmine/orfribo/Test/DATA_PROCESSING/Bam2Reads_Exome/SRR1562875/SRR1562875_33/Exome_33_reads.tab -N 10 -out /data/work/I2BC/fadwa.elkhaddar/BIM/ORFMINE/ORFmine/orfmine/orfribo/Test/DATA_PROCESSING/Bam2Reads_Exome/SRR1562875/SRR1562875_33 2> /data/work/I2BC/fadwa.elkhaddar/BIM/ORFMINE/ORFmine/orfmine/orfribo/Test/SUPPLEMENTARY_DATA/Logs/ORFstat/SRR1562875.33.orfstats.log ;
[Fri Apr 26 13:42:29 2024]
Finished job 37.
42 of 56 steps (75%) done
Select jobs to execute...

[Fri Apr 26 13:42:29 2024]
rule Bam2Reads_ORFeome:
    input: /data/work/I2BC/fadwa.elkhaddar/BIM/orfmine_tutorial/ORFmine/examples/database/mapping_orf_Scer.gff, /data/work/I2BC/fadwa.elkhaddar/BIM/ORFMINE/ORFmine/orfmine/orfribo/Test/RESULTS/BAM/ORFeome/SRR1562875/SRR1562875.bam, /data/work/I2BC/fadwa.elkhaddar/BIM/ORFMINE/ORFmine/orfmine/orfribo/Test/RESULTS/BAM/ORFeome/SRR1562875/SRR1562875.bam.bai, /data/work/I2BC/fadwa.elkhaddar/BIM/ORFMINE/ORFmine/orfmine/orfribo/Test/DATA_PROCESSING/RiboWaltz/SRR1562875/psite_offset.csv, /data/work/I2BC/fadwa.elkhaddar/BIM/ORFMINE/ORFmine/orfmine/orfribo/Test/DATA_PROCESSING/Selected_length/SRR1562875/Selected_length.txt
    output: /data/work/I2BC/fadwa.elkhaddar/BIM/ORFMINE/ORFmine/orfmine/orfribo/Test/DATA_PROCESSING/Bam2Reads_ORFeome/SRR1562875/SRR1562875_25/ORFeome_25_reads.tab
    log: /data/work/I2BC/fadwa.elkhaddar/BIM/ORFMINE/ORFmine/orfmine/orfribo/Test/SUPPLEMENTARY_DATA/Logs/Bam2Reads_ORFeome/SRR1562875.25.bam2read.log, /data/work/I2BC/fadwa.elkhaddar/BIM/ORFMINE/ORFmine/orfmine/orfribo/Test/SUPPLEMENTARY_DATA/Logs/Bam2Reads_ORFeome/SRR1562875.25.offset_grep.log
    jobid: 41
    benchmark: /data/work/I2BC/fadwa.elkhaddar/BIM/ORFMINE/ORFmine/orfmine/orfribo/Test/SUPPLEMENTARY_DATA/Benchmarks/Bam2Reads_ORFeome/SRR1562875.25.bam2read.benchmark.txt
    reason: Missing output files: /data/work/I2BC/fadwa.elkhaddar/BIM/ORFMINE/ORFmine/orfmine/orfribo/Test/DATA_PROCESSING/Bam2Reads_ORFeome/SRR1562875/SRR1562875_25/ORFeome_25_reads.tab; Input files updated by another job: /data/work/I2BC/fadwa.elkhaddar/BIM/ORFMINE/ORFmine/orfmine/orfribo/Test/DATA_PROCESSING/Selected_length/SRR1562875/Selected_length.txt, /data/work/I2BC/fadwa.elkhaddar/BIM/ORFMINE/ORFmine/orfmine/orfribo/Test/DATA_PROCESSING/RiboWaltz/SRR1562875/psite_offset.csv, /data/work/I2BC/fadwa.elkhaddar/BIM/ORFMINE/ORFmine/orfmine/orfribo/Test/RESULTS/BAM/ORFeome/SRR1562875/SRR1562875.bam, /data/work/I2BC/fadwa.elkhaddar/BIM/ORFMINE/ORFmine/orfmine/orfribo/Test/RESULTS/BAM/ORFeome/SRR1562875/SRR1562875.bam.bai
    wildcards: sample=SRR1562875, length=25
    resources: tmpdir=/var/tmp/pbs.980092.pbsserver, mem_mb=2000


        lengths_list=$(cat /data/work/I2BC/fadwa.elkhaddar/BIM/ORFMINE/ORFmine/orfmine/orfribo/Test/DATA_PROCESSING/Selected_length/SRR1562875/Selected_length.txt)
        in_lengths_list=""

        for length in $lengths_list; do
            if [ "$length" == "25" ]; then
                offset=$(grep 'SRR1562875' /data/work/I2BC/fadwa.elkhaddar/BIM/ORFMINE/ORFmine/orfmine/orfribo/Test/DATA_PROCESSING/RiboWaltz/SRR1562875/psite_offset.csv 2> /data/work/I2BC/fadwa.elkhaddar/BIM/ORFMINE/ORFmine/orfmine/orfribo/Test/SUPPLEMENTARY_DATA/Logs/Bam2Reads_ORFeome/SRR1562875.25.offset_grep.log | grep '^25' 2>> /data/work/I2BC/fadwa.elkhaddar/BIM/ORFMINE/ORFmine/orfmine/orfribo/Test/SUPPLEMENTARY_DATA/Logs/Bam2Reads_ORFeome/SRR1562875.25.offset_grep.log | cut -f7 2>> /data/work/I2BC/fadwa.elkhaddar/BIM/ORFMINE/ORFmine/orfmine/orfribo/Test/SUPPLEMENTARY_DATA/Logs/Bam2Reads_ORFeome/SRR1562875.25.offset_grep.log) 2>> /data/work/I2BC/fadwa.elkhaddar/BIM/ORFMINE/ORFmine/orfmine/orfribo/Test/SUPPLEMENTARY_DATA/Logs/Bam2Reads_ORFeome/SRR1562875.25.offset_grep.log;
                python3 /data/work/I2BC/fadwa.elkhaddar/BIM/ORFMINE/ORFmine/orfmine/orfribo/scripts/BAM2Reads.py -shift ${offset} -kmer 25 -gff /data/work/I2BC/fadwa.elkhaddar/BIM/orfmine_tutorial/ORFmine/examples/database/mapping_orf_Scer.gff -bam /data/work/I2BC/fadwa.elkhaddar/BIM/ORFMINE/ORFmine/orfmine/orfribo/Test/RESULTS/BAM/ORFeome/SRR1562875/SRR1562875.bam -outpath /data/work/I2BC/fadwa.elkhaddar/BIM/ORFMINE/ORFmine/orfmine/orfribo/Test/DATA_PROCESSING/Bam2Reads_ORFeome/SRR1562875/SRR1562875_25 -outname ORFeome_25 -features_include nc_intergenic 2> /data/work/I2BC/fadwa.elkhaddar/BIM/ORFMINE/ORFmine/orfmine/orfribo/Test/SUPPLEMENTARY_DATA/Logs/Bam2Reads_ORFeome/SRR1562875.25.bam2read.log;
                in_lengths_list="True"
                break
            fi
        done

        if [ -z "$in_lengths_list" ]; then
            touch /data/work/I2BC/fadwa.elkhaddar/BIM/ORFMINE/ORFmine/orfmine/orfribo/Test/DATA_PROCESSING/Bam2Reads_ORFeome/SRR1562875/SRR1562875_25/ORFeome_25_reads.tab
        fi
        
[Fri Apr 26 13:42:30 2024]
Finished job 41.
43 of 56 steps (77%) done
Select jobs to execute...

[Fri Apr 26 13:42:30 2024]
rule Bam2Reads_ORFeome:
    input: /data/work/I2BC/fadwa.elkhaddar/BIM/orfmine_tutorial/ORFmine/examples/database/mapping_orf_Scer.gff, /data/work/I2BC/fadwa.elkhaddar/BIM/ORFMINE/ORFmine/orfmine/orfribo/Test/RESULTS/BAM/ORFeome/SRR1562875/SRR1562875.bam, /data/work/I2BC/fadwa.elkhaddar/BIM/ORFMINE/ORFmine/orfmine/orfribo/Test/RESULTS/BAM/ORFeome/SRR1562875/SRR1562875.bam.bai, /data/work/I2BC/fadwa.elkhaddar/BIM/ORFMINE/ORFmine/orfmine/orfribo/Test/DATA_PROCESSING/RiboWaltz/SRR1562875/psite_offset.csv, /data/work/I2BC/fadwa.elkhaddar/BIM/ORFMINE/ORFmine/orfmine/orfribo/Test/DATA_PROCESSING/Selected_length/SRR1562875/Selected_length.txt
    output: /data/work/I2BC/fadwa.elkhaddar/BIM/ORFMINE/ORFmine/orfmine/orfribo/Test/DATA_PROCESSING/Bam2Reads_ORFeome/SRR1562875/SRR1562875_27/ORFeome_27_reads.tab
    log: /data/work/I2BC/fadwa.elkhaddar/BIM/ORFMINE/ORFmine/orfmine/orfribo/Test/SUPPLEMENTARY_DATA/Logs/Bam2Reads_ORFeome/SRR1562875.27.bam2read.log, /data/work/I2BC/fadwa.elkhaddar/BIM/ORFMINE/ORFmine/orfmine/orfribo/Test/SUPPLEMENTARY_DATA/Logs/Bam2Reads_ORFeome/SRR1562875.27.offset_grep.log
    jobid: 45
    benchmark: /data/work/I2BC/fadwa.elkhaddar/BIM/ORFMINE/ORFmine/orfmine/orfribo/Test/SUPPLEMENTARY_DATA/Benchmarks/Bam2Reads_ORFeome/SRR1562875.27.bam2read.benchmark.txt
    reason: Missing output files: /data/work/I2BC/fadwa.elkhaddar/BIM/ORFMINE/ORFmine/orfmine/orfribo/Test/DATA_PROCESSING/Bam2Reads_ORFeome/SRR1562875/SRR1562875_27/ORFeome_27_reads.tab; Input files updated by another job: /data/work/I2BC/fadwa.elkhaddar/BIM/ORFMINE/ORFmine/orfmine/orfribo/Test/DATA_PROCESSING/Selected_length/SRR1562875/Selected_length.txt, /data/work/I2BC/fadwa.elkhaddar/BIM/ORFMINE/ORFmine/orfmine/orfribo/Test/DATA_PROCESSING/RiboWaltz/SRR1562875/psite_offset.csv, /data/work/I2BC/fadwa.elkhaddar/BIM/ORFMINE/ORFmine/orfmine/orfribo/Test/RESULTS/BAM/ORFeome/SRR1562875/SRR1562875.bam, /data/work/I2BC/fadwa.elkhaddar/BIM/ORFMINE/ORFmine/orfmine/orfribo/Test/RESULTS/BAM/ORFeome/SRR1562875/SRR1562875.bam.bai
    wildcards: sample=SRR1562875, length=27
    resources: tmpdir=/var/tmp/pbs.980092.pbsserver, mem_mb=2000


        lengths_list=$(cat /data/work/I2BC/fadwa.elkhaddar/BIM/ORFMINE/ORFmine/orfmine/orfribo/Test/DATA_PROCESSING/Selected_length/SRR1562875/Selected_length.txt)
        in_lengths_list=""

        for length in $lengths_list; do
            if [ "$length" == "27" ]; then
                offset=$(grep 'SRR1562875' /data/work/I2BC/fadwa.elkhaddar/BIM/ORFMINE/ORFmine/orfmine/orfribo/Test/DATA_PROCESSING/RiboWaltz/SRR1562875/psite_offset.csv 2> /data/work/I2BC/fadwa.elkhaddar/BIM/ORFMINE/ORFmine/orfmine/orfribo/Test/SUPPLEMENTARY_DATA/Logs/Bam2Reads_ORFeome/SRR1562875.27.offset_grep.log | grep '^27' 2>> /data/work/I2BC/fadwa.elkhaddar/BIM/ORFMINE/ORFmine/orfmine/orfribo/Test/SUPPLEMENTARY_DATA/Logs/Bam2Reads_ORFeome/SRR1562875.27.offset_grep.log | cut -f7 2>> /data/work/I2BC/fadwa.elkhaddar/BIM/ORFMINE/ORFmine/orfmine/orfribo/Test/SUPPLEMENTARY_DATA/Logs/Bam2Reads_ORFeome/SRR1562875.27.offset_grep.log) 2>> /data/work/I2BC/fadwa.elkhaddar/BIM/ORFMINE/ORFmine/orfmine/orfribo/Test/SUPPLEMENTARY_DATA/Logs/Bam2Reads_ORFeome/SRR1562875.27.offset_grep.log;
                python3 /data/work/I2BC/fadwa.elkhaddar/BIM/ORFMINE/ORFmine/orfmine/orfribo/scripts/BAM2Reads.py -shift ${offset} -kmer 27 -gff /data/work/I2BC/fadwa.elkhaddar/BIM/orfmine_tutorial/ORFmine/examples/database/mapping_orf_Scer.gff -bam /data/work/I2BC/fadwa.elkhaddar/BIM/ORFMINE/ORFmine/orfmine/orfribo/Test/RESULTS/BAM/ORFeome/SRR1562875/SRR1562875.bam -outpath /data/work/I2BC/fadwa.elkhaddar/BIM/ORFMINE/ORFmine/orfmine/orfribo/Test/DATA_PROCESSING/Bam2Reads_ORFeome/SRR1562875/SRR1562875_27 -outname ORFeome_27 -features_include nc_intergenic 2> /data/work/I2BC/fadwa.elkhaddar/BIM/ORFMINE/ORFmine/orfmine/orfribo/Test/SUPPLEMENTARY_DATA/Logs/Bam2Reads_ORFeome/SRR1562875.27.bam2read.log;
                in_lengths_list="True"
                break
            fi
        done

        if [ -z "$in_lengths_list" ]; then
            touch /data/work/I2BC/fadwa.elkhaddar/BIM/ORFMINE/ORFmine/orfmine/orfribo/Test/DATA_PROCESSING/Bam2Reads_ORFeome/SRR1562875/SRR1562875_27/ORFeome_27_reads.tab
        fi
        
[Fri Apr 26 13:42:30 2024]
Finished job 45.
44 of 56 steps (79%) done
Select jobs to execute...

[Fri Apr 26 13:42:30 2024]
rule Bam2Reads_ORFeome:
    input: /data/work/I2BC/fadwa.elkhaddar/BIM/orfmine_tutorial/ORFmine/examples/database/mapping_orf_Scer.gff, /data/work/I2BC/fadwa.elkhaddar/BIM/ORFMINE/ORFmine/orfmine/orfribo/Test/RESULTS/BAM/ORFeome/SRR1562875/SRR1562875.bam, /data/work/I2BC/fadwa.elkhaddar/BIM/ORFMINE/ORFmine/orfmine/orfribo/Test/RESULTS/BAM/ORFeome/SRR1562875/SRR1562875.bam.bai, /data/work/I2BC/fadwa.elkhaddar/BIM/ORFMINE/ORFmine/orfmine/orfribo/Test/DATA_PROCESSING/RiboWaltz/SRR1562875/psite_offset.csv, /data/work/I2BC/fadwa.elkhaddar/BIM/ORFMINE/ORFmine/orfmine/orfribo/Test/DATA_PROCESSING/Selected_length/SRR1562875/Selected_length.txt
    output: /data/work/I2BC/fadwa.elkhaddar/BIM/ORFMINE/ORFmine/orfmine/orfribo/Test/DATA_PROCESSING/Bam2Reads_ORFeome/SRR1562875/SRR1562875_35/ORFeome_35_reads.tab
    log: /data/work/I2BC/fadwa.elkhaddar/BIM/ORFMINE/ORFmine/orfmine/orfribo/Test/SUPPLEMENTARY_DATA/Logs/Bam2Reads_ORFeome/SRR1562875.35.bam2read.log, /data/work/I2BC/fadwa.elkhaddar/BIM/ORFMINE/ORFmine/orfmine/orfribo/Test/SUPPLEMENTARY_DATA/Logs/Bam2Reads_ORFeome/SRR1562875.35.offset_grep.log
    jobid: 53
    benchmark: /data/work/I2BC/fadwa.elkhaddar/BIM/ORFMINE/ORFmine/orfmine/orfribo/Test/SUPPLEMENTARY_DATA/Benchmarks/Bam2Reads_ORFeome/SRR1562875.35.bam2read.benchmark.txt
    reason: Missing output files: /data/work/I2BC/fadwa.elkhaddar/BIM/ORFMINE/ORFmine/orfmine/orfribo/Test/DATA_PROCESSING/Bam2Reads_ORFeome/SRR1562875/SRR1562875_35/ORFeome_35_reads.tab; Input files updated by another job: /data/work/I2BC/fadwa.elkhaddar/BIM/ORFMINE/ORFmine/orfmine/orfribo/Test/DATA_PROCESSING/Selected_length/SRR1562875/Selected_length.txt, /data/work/I2BC/fadwa.elkhaddar/BIM/ORFMINE/ORFmine/orfmine/orfribo/Test/DATA_PROCESSING/RiboWaltz/SRR1562875/psite_offset.csv, /data/work/I2BC/fadwa.elkhaddar/BIM/ORFMINE/ORFmine/orfmine/orfribo/Test/RESULTS/BAM/ORFeome/SRR1562875/SRR1562875.bam, /data/work/I2BC/fadwa.elkhaddar/BIM/ORFMINE/ORFmine/orfmine/orfribo/Test/RESULTS/BAM/ORFeome/SRR1562875/SRR1562875.bam.bai
    wildcards: sample=SRR1562875, length=35
    resources: tmpdir=/var/tmp/pbs.980092.pbsserver, mem_mb=2000


        lengths_list=$(cat /data/work/I2BC/fadwa.elkhaddar/BIM/ORFMINE/ORFmine/orfmine/orfribo/Test/DATA_PROCESSING/Selected_length/SRR1562875/Selected_length.txt)
        in_lengths_list=""

        for length in $lengths_list; do
            if [ "$length" == "35" ]; then
                offset=$(grep 'SRR1562875' /data/work/I2BC/fadwa.elkhaddar/BIM/ORFMINE/ORFmine/orfmine/orfribo/Test/DATA_PROCESSING/RiboWaltz/SRR1562875/psite_offset.csv 2> /data/work/I2BC/fadwa.elkhaddar/BIM/ORFMINE/ORFmine/orfmine/orfribo/Test/SUPPLEMENTARY_DATA/Logs/Bam2Reads_ORFeome/SRR1562875.35.offset_grep.log | grep '^35' 2>> /data/work/I2BC/fadwa.elkhaddar/BIM/ORFMINE/ORFmine/orfmine/orfribo/Test/SUPPLEMENTARY_DATA/Logs/Bam2Reads_ORFeome/SRR1562875.35.offset_grep.log | cut -f7 2>> /data/work/I2BC/fadwa.elkhaddar/BIM/ORFMINE/ORFmine/orfmine/orfribo/Test/SUPPLEMENTARY_DATA/Logs/Bam2Reads_ORFeome/SRR1562875.35.offset_grep.log) 2>> /data/work/I2BC/fadwa.elkhaddar/BIM/ORFMINE/ORFmine/orfmine/orfribo/Test/SUPPLEMENTARY_DATA/Logs/Bam2Reads_ORFeome/SRR1562875.35.offset_grep.log;
                python3 /data/work/I2BC/fadwa.elkhaddar/BIM/ORFMINE/ORFmine/orfmine/orfribo/scripts/BAM2Reads.py -shift ${offset} -kmer 35 -gff /data/work/I2BC/fadwa.elkhaddar/BIM/orfmine_tutorial/ORFmine/examples/database/mapping_orf_Scer.gff -bam /data/work/I2BC/fadwa.elkhaddar/BIM/ORFMINE/ORFmine/orfmine/orfribo/Test/RESULTS/BAM/ORFeome/SRR1562875/SRR1562875.bam -outpath /data/work/I2BC/fadwa.elkhaddar/BIM/ORFMINE/ORFmine/orfmine/orfribo/Test/DATA_PROCESSING/Bam2Reads_ORFeome/SRR1562875/SRR1562875_35 -outname ORFeome_35 -features_include nc_intergenic 2> /data/work/I2BC/fadwa.elkhaddar/BIM/ORFMINE/ORFmine/orfmine/orfribo/Test/SUPPLEMENTARY_DATA/Logs/Bam2Reads_ORFeome/SRR1562875.35.bam2read.log;
                in_lengths_list="True"
                break
            fi
        done

        if [ -z "$in_lengths_list" ]; then
            touch /data/work/I2BC/fadwa.elkhaddar/BIM/ORFMINE/ORFmine/orfmine/orfribo/Test/DATA_PROCESSING/Bam2Reads_ORFeome/SRR1562875/SRR1562875_35/ORFeome_35_reads.tab
        fi
        
[Fri Apr 26 13:42:30 2024]
Finished job 53.
45 of 56 steps (80%) done
Select jobs to execute...

[Fri Apr 26 13:42:30 2024]
rule Bam2Reads_ORFeome:
    input: /data/work/I2BC/fadwa.elkhaddar/BIM/orfmine_tutorial/ORFmine/examples/database/mapping_orf_Scer.gff, /data/work/I2BC/fadwa.elkhaddar/BIM/ORFMINE/ORFmine/orfmine/orfribo/Test/RESULTS/BAM/ORFeome/SRR1562875/SRR1562875.bam, /data/work/I2BC/fadwa.elkhaddar/BIM/ORFMINE/ORFmine/orfmine/orfribo/Test/RESULTS/BAM/ORFeome/SRR1562875/SRR1562875.bam.bai, /data/work/I2BC/fadwa.elkhaddar/BIM/ORFMINE/ORFmine/orfmine/orfribo/Test/DATA_PROCESSING/RiboWaltz/SRR1562875/psite_offset.csv, /data/work/I2BC/fadwa.elkhaddar/BIM/ORFMINE/ORFmine/orfmine/orfribo/Test/DATA_PROCESSING/Selected_length/SRR1562875/Selected_length.txt
    output: /data/work/I2BC/fadwa.elkhaddar/BIM/ORFMINE/ORFmine/orfmine/orfribo/Test/DATA_PROCESSING/Bam2Reads_ORFeome/SRR1562875/SRR1562875_33/ORFeome_33_reads.tab
    log: /data/work/I2BC/fadwa.elkhaddar/BIM/ORFMINE/ORFmine/orfmine/orfribo/Test/SUPPLEMENTARY_DATA/Logs/Bam2Reads_ORFeome/SRR1562875.33.bam2read.log, /data/work/I2BC/fadwa.elkhaddar/BIM/ORFMINE/ORFmine/orfmine/orfribo/Test/SUPPLEMENTARY_DATA/Logs/Bam2Reads_ORFeome/SRR1562875.33.offset_grep.log
    jobid: 51
    benchmark: /data/work/I2BC/fadwa.elkhaddar/BIM/ORFMINE/ORFmine/orfmine/orfribo/Test/SUPPLEMENTARY_DATA/Benchmarks/Bam2Reads_ORFeome/SRR1562875.33.bam2read.benchmark.txt
    reason: Missing output files: /data/work/I2BC/fadwa.elkhaddar/BIM/ORFMINE/ORFmine/orfmine/orfribo/Test/DATA_PROCESSING/Bam2Reads_ORFeome/SRR1562875/SRR1562875_33/ORFeome_33_reads.tab; Input files updated by another job: /data/work/I2BC/fadwa.elkhaddar/BIM/ORFMINE/ORFmine/orfmine/orfribo/Test/DATA_PROCESSING/Selected_length/SRR1562875/Selected_length.txt, /data/work/I2BC/fadwa.elkhaddar/BIM/ORFMINE/ORFmine/orfmine/orfribo/Test/DATA_PROCESSING/RiboWaltz/SRR1562875/psite_offset.csv, /data/work/I2BC/fadwa.elkhaddar/BIM/ORFMINE/ORFmine/orfmine/orfribo/Test/RESULTS/BAM/ORFeome/SRR1562875/SRR1562875.bam, /data/work/I2BC/fadwa.elkhaddar/BIM/ORFMINE/ORFmine/orfmine/orfribo/Test/RESULTS/BAM/ORFeome/SRR1562875/SRR1562875.bam.bai
    wildcards: sample=SRR1562875, length=33
    resources: tmpdir=/var/tmp/pbs.980092.pbsserver, mem_mb=2000


        lengths_list=$(cat /data/work/I2BC/fadwa.elkhaddar/BIM/ORFMINE/ORFmine/orfmine/orfribo/Test/DATA_PROCESSING/Selected_length/SRR1562875/Selected_length.txt)
        in_lengths_list=""

        for length in $lengths_list; do
            if [ "$length" == "33" ]; then
                offset=$(grep 'SRR1562875' /data/work/I2BC/fadwa.elkhaddar/BIM/ORFMINE/ORFmine/orfmine/orfribo/Test/DATA_PROCESSING/RiboWaltz/SRR1562875/psite_offset.csv 2> /data/work/I2BC/fadwa.elkhaddar/BIM/ORFMINE/ORFmine/orfmine/orfribo/Test/SUPPLEMENTARY_DATA/Logs/Bam2Reads_ORFeome/SRR1562875.33.offset_grep.log | grep '^33' 2>> /data/work/I2BC/fadwa.elkhaddar/BIM/ORFMINE/ORFmine/orfmine/orfribo/Test/SUPPLEMENTARY_DATA/Logs/Bam2Reads_ORFeome/SRR1562875.33.offset_grep.log | cut -f7 2>> /data/work/I2BC/fadwa.elkhaddar/BIM/ORFMINE/ORFmine/orfmine/orfribo/Test/SUPPLEMENTARY_DATA/Logs/Bam2Reads_ORFeome/SRR1562875.33.offset_grep.log) 2>> /data/work/I2BC/fadwa.elkhaddar/BIM/ORFMINE/ORFmine/orfmine/orfribo/Test/SUPPLEMENTARY_DATA/Logs/Bam2Reads_ORFeome/SRR1562875.33.offset_grep.log;
                python3 /data/work/I2BC/fadwa.elkhaddar/BIM/ORFMINE/ORFmine/orfmine/orfribo/scripts/BAM2Reads.py -shift ${offset} -kmer 33 -gff /data/work/I2BC/fadwa.elkhaddar/BIM/orfmine_tutorial/ORFmine/examples/database/mapping_orf_Scer.gff -bam /data/work/I2BC/fadwa.elkhaddar/BIM/ORFMINE/ORFmine/orfmine/orfribo/Test/RESULTS/BAM/ORFeome/SRR1562875/SRR1562875.bam -outpath /data/work/I2BC/fadwa.elkhaddar/BIM/ORFMINE/ORFmine/orfmine/orfribo/Test/DATA_PROCESSING/Bam2Reads_ORFeome/SRR1562875/SRR1562875_33 -outname ORFeome_33 -features_include nc_intergenic 2> /data/work/I2BC/fadwa.elkhaddar/BIM/ORFMINE/ORFmine/orfmine/orfribo/Test/SUPPLEMENTARY_DATA/Logs/Bam2Reads_ORFeome/SRR1562875.33.bam2read.log;
                in_lengths_list="True"
                break
            fi
        done

        if [ -z "$in_lengths_list" ]; then
            touch /data/work/I2BC/fadwa.elkhaddar/BIM/ORFMINE/ORFmine/orfmine/orfribo/Test/DATA_PROCESSING/Bam2Reads_ORFeome/SRR1562875/SRR1562875_33/ORFeome_33_reads.tab
        fi
        
[Fri Apr 26 13:42:30 2024]
Finished job 51.
46 of 56 steps (82%) done
Select jobs to execute...

[Fri Apr 26 13:42:30 2024]
rule Bam2Reads_ORFeome:
    input: /data/work/I2BC/fadwa.elkhaddar/BIM/orfmine_tutorial/ORFmine/examples/database/mapping_orf_Scer.gff, /data/work/I2BC/fadwa.elkhaddar/BIM/ORFMINE/ORFmine/orfmine/orfribo/Test/RESULTS/BAM/ORFeome/SRR1562875/SRR1562875.bam, /data/work/I2BC/fadwa.elkhaddar/BIM/ORFMINE/ORFmine/orfmine/orfribo/Test/RESULTS/BAM/ORFeome/SRR1562875/SRR1562875.bam.bai, /data/work/I2BC/fadwa.elkhaddar/BIM/ORFMINE/ORFmine/orfmine/orfribo/Test/DATA_PROCESSING/RiboWaltz/SRR1562875/psite_offset.csv, /data/work/I2BC/fadwa.elkhaddar/BIM/ORFMINE/ORFmine/orfmine/orfribo/Test/DATA_PROCESSING/Selected_length/SRR1562875/Selected_length.txt
    output: /data/work/I2BC/fadwa.elkhaddar/BIM/ORFMINE/ORFmine/orfmine/orfribo/Test/DATA_PROCESSING/Bam2Reads_ORFeome/SRR1562875/SRR1562875_31/ORFeome_31_reads.tab
    log: /data/work/I2BC/fadwa.elkhaddar/BIM/ORFMINE/ORFmine/orfmine/orfribo/Test/SUPPLEMENTARY_DATA/Logs/Bam2Reads_ORFeome/SRR1562875.31.bam2read.log, /data/work/I2BC/fadwa.elkhaddar/BIM/ORFMINE/ORFmine/orfmine/orfribo/Test/SUPPLEMENTARY_DATA/Logs/Bam2Reads_ORFeome/SRR1562875.31.offset_grep.log
    jobid: 49
    benchmark: /data/work/I2BC/fadwa.elkhaddar/BIM/ORFMINE/ORFmine/orfmine/orfribo/Test/SUPPLEMENTARY_DATA/Benchmarks/Bam2Reads_ORFeome/SRR1562875.31.bam2read.benchmark.txt
    reason: Missing output files: /data/work/I2BC/fadwa.elkhaddar/BIM/ORFMINE/ORFmine/orfmine/orfribo/Test/DATA_PROCESSING/Bam2Reads_ORFeome/SRR1562875/SRR1562875_31/ORFeome_31_reads.tab; Input files updated by another job: /data/work/I2BC/fadwa.elkhaddar/BIM/ORFMINE/ORFmine/orfmine/orfribo/Test/DATA_PROCESSING/Selected_length/SRR1562875/Selected_length.txt, /data/work/I2BC/fadwa.elkhaddar/BIM/ORFMINE/ORFmine/orfmine/orfribo/Test/DATA_PROCESSING/RiboWaltz/SRR1562875/psite_offset.csv, /data/work/I2BC/fadwa.elkhaddar/BIM/ORFMINE/ORFmine/orfmine/orfribo/Test/RESULTS/BAM/ORFeome/SRR1562875/SRR1562875.bam, /data/work/I2BC/fadwa.elkhaddar/BIM/ORFMINE/ORFmine/orfmine/orfribo/Test/RESULTS/BAM/ORFeome/SRR1562875/SRR1562875.bam.bai
    wildcards: sample=SRR1562875, length=31
    resources: tmpdir=/var/tmp/pbs.980092.pbsserver, mem_mb=2000


        lengths_list=$(cat /data/work/I2BC/fadwa.elkhaddar/BIM/ORFMINE/ORFmine/orfmine/orfribo/Test/DATA_PROCESSING/Selected_length/SRR1562875/Selected_length.txt)
        in_lengths_list=""

        for length in $lengths_list; do
            if [ "$length" == "31" ]; then
                offset=$(grep 'SRR1562875' /data/work/I2BC/fadwa.elkhaddar/BIM/ORFMINE/ORFmine/orfmine/orfribo/Test/DATA_PROCESSING/RiboWaltz/SRR1562875/psite_offset.csv 2> /data/work/I2BC/fadwa.elkhaddar/BIM/ORFMINE/ORFmine/orfmine/orfribo/Test/SUPPLEMENTARY_DATA/Logs/Bam2Reads_ORFeome/SRR1562875.31.offset_grep.log | grep '^31' 2>> /data/work/I2BC/fadwa.elkhaddar/BIM/ORFMINE/ORFmine/orfmine/orfribo/Test/SUPPLEMENTARY_DATA/Logs/Bam2Reads_ORFeome/SRR1562875.31.offset_grep.log | cut -f7 2>> /data/work/I2BC/fadwa.elkhaddar/BIM/ORFMINE/ORFmine/orfmine/orfribo/Test/SUPPLEMENTARY_DATA/Logs/Bam2Reads_ORFeome/SRR1562875.31.offset_grep.log) 2>> /data/work/I2BC/fadwa.elkhaddar/BIM/ORFMINE/ORFmine/orfmine/orfribo/Test/SUPPLEMENTARY_DATA/Logs/Bam2Reads_ORFeome/SRR1562875.31.offset_grep.log;
                python3 /data/work/I2BC/fadwa.elkhaddar/BIM/ORFMINE/ORFmine/orfmine/orfribo/scripts/BAM2Reads.py -shift ${offset} -kmer 31 -gff /data/work/I2BC/fadwa.elkhaddar/BIM/orfmine_tutorial/ORFmine/examples/database/mapping_orf_Scer.gff -bam /data/work/I2BC/fadwa.elkhaddar/BIM/ORFMINE/ORFmine/orfmine/orfribo/Test/RESULTS/BAM/ORFeome/SRR1562875/SRR1562875.bam -outpath /data/work/I2BC/fadwa.elkhaddar/BIM/ORFMINE/ORFmine/orfmine/orfribo/Test/DATA_PROCESSING/Bam2Reads_ORFeome/SRR1562875/SRR1562875_31 -outname ORFeome_31 -features_include nc_intergenic 2> /data/work/I2BC/fadwa.elkhaddar/BIM/ORFMINE/ORFmine/orfmine/orfribo/Test/SUPPLEMENTARY_DATA/Logs/Bam2Reads_ORFeome/SRR1562875.31.bam2read.log;
                in_lengths_list="True"
                break
            fi
        done

        if [ -z "$in_lengths_list" ]; then
            touch /data/work/I2BC/fadwa.elkhaddar/BIM/ORFMINE/ORFmine/orfmine/orfribo/Test/DATA_PROCESSING/Bam2Reads_ORFeome/SRR1562875/SRR1562875_31/ORFeome_31_reads.tab
        fi
        
[Fri Apr 26 13:42:30 2024]
Finished job 49.
47 of 56 steps (84%) done
Select jobs to execute...

[Fri Apr 26 13:42:30 2024]
rule Bam2Reads_ORFeome:
    input: /data/work/I2BC/fadwa.elkhaddar/BIM/orfmine_tutorial/ORFmine/examples/database/mapping_orf_Scer.gff, /data/work/I2BC/fadwa.elkhaddar/BIM/ORFMINE/ORFmine/orfmine/orfribo/Test/RESULTS/BAM/ORFeome/SRR1562875/SRR1562875.bam, /data/work/I2BC/fadwa.elkhaddar/BIM/ORFMINE/ORFmine/orfmine/orfribo/Test/RESULTS/BAM/ORFeome/SRR1562875/SRR1562875.bam.bai, /data/work/I2BC/fadwa.elkhaddar/BIM/ORFMINE/ORFmine/orfmine/orfribo/Test/DATA_PROCESSING/RiboWaltz/SRR1562875/psite_offset.csv, /data/work/I2BC/fadwa.elkhaddar/BIM/ORFMINE/ORFmine/orfmine/orfribo/Test/DATA_PROCESSING/Selected_length/SRR1562875/Selected_length.txt
    output: /data/work/I2BC/fadwa.elkhaddar/BIM/ORFMINE/ORFmine/orfmine/orfribo/Test/DATA_PROCESSING/Bam2Reads_ORFeome/SRR1562875/SRR1562875_28/ORFeome_28_reads.tab
    log: /data/work/I2BC/fadwa.elkhaddar/BIM/ORFMINE/ORFmine/orfmine/orfribo/Test/SUPPLEMENTARY_DATA/Logs/Bam2Reads_ORFeome/SRR1562875.28.bam2read.log, /data/work/I2BC/fadwa.elkhaddar/BIM/ORFMINE/ORFmine/orfmine/orfribo/Test/SUPPLEMENTARY_DATA/Logs/Bam2Reads_ORFeome/SRR1562875.28.offset_grep.log
    jobid: 46
    benchmark: /data/work/I2BC/fadwa.elkhaddar/BIM/ORFMINE/ORFmine/orfmine/orfribo/Test/SUPPLEMENTARY_DATA/Benchmarks/Bam2Reads_ORFeome/SRR1562875.28.bam2read.benchmark.txt
    reason: Missing output files: /data/work/I2BC/fadwa.elkhaddar/BIM/ORFMINE/ORFmine/orfmine/orfribo/Test/DATA_PROCESSING/Bam2Reads_ORFeome/SRR1562875/SRR1562875_28/ORFeome_28_reads.tab; Input files updated by another job: /data/work/I2BC/fadwa.elkhaddar/BIM/ORFMINE/ORFmine/orfmine/orfribo/Test/DATA_PROCESSING/Selected_length/SRR1562875/Selected_length.txt, /data/work/I2BC/fadwa.elkhaddar/BIM/ORFMINE/ORFmine/orfmine/orfribo/Test/DATA_PROCESSING/RiboWaltz/SRR1562875/psite_offset.csv, /data/work/I2BC/fadwa.elkhaddar/BIM/ORFMINE/ORFmine/orfmine/orfribo/Test/RESULTS/BAM/ORFeome/SRR1562875/SRR1562875.bam, /data/work/I2BC/fadwa.elkhaddar/BIM/ORFMINE/ORFmine/orfmine/orfribo/Test/RESULTS/BAM/ORFeome/SRR1562875/SRR1562875.bam.bai
    wildcards: sample=SRR1562875, length=28
    resources: tmpdir=/var/tmp/pbs.980092.pbsserver, mem_mb=2000


        lengths_list=$(cat /data/work/I2BC/fadwa.elkhaddar/BIM/ORFMINE/ORFmine/orfmine/orfribo/Test/DATA_PROCESSING/Selected_length/SRR1562875/Selected_length.txt)
        in_lengths_list=""

        for length in $lengths_list; do
            if [ "$length" == "28" ]; then
                offset=$(grep 'SRR1562875' /data/work/I2BC/fadwa.elkhaddar/BIM/ORFMINE/ORFmine/orfmine/orfribo/Test/DATA_PROCESSING/RiboWaltz/SRR1562875/psite_offset.csv 2> /data/work/I2BC/fadwa.elkhaddar/BIM/ORFMINE/ORFmine/orfmine/orfribo/Test/SUPPLEMENTARY_DATA/Logs/Bam2Reads_ORFeome/SRR1562875.28.offset_grep.log | grep '^28' 2>> /data/work/I2BC/fadwa.elkhaddar/BIM/ORFMINE/ORFmine/orfmine/orfribo/Test/SUPPLEMENTARY_DATA/Logs/Bam2Reads_ORFeome/SRR1562875.28.offset_grep.log | cut -f7 2>> /data/work/I2BC/fadwa.elkhaddar/BIM/ORFMINE/ORFmine/orfmine/orfribo/Test/SUPPLEMENTARY_DATA/Logs/Bam2Reads_ORFeome/SRR1562875.28.offset_grep.log) 2>> /data/work/I2BC/fadwa.elkhaddar/BIM/ORFMINE/ORFmine/orfmine/orfribo/Test/SUPPLEMENTARY_DATA/Logs/Bam2Reads_ORFeome/SRR1562875.28.offset_grep.log;
                python3 /data/work/I2BC/fadwa.elkhaddar/BIM/ORFMINE/ORFmine/orfmine/orfribo/scripts/BAM2Reads.py -shift ${offset} -kmer 28 -gff /data/work/I2BC/fadwa.elkhaddar/BIM/orfmine_tutorial/ORFmine/examples/database/mapping_orf_Scer.gff -bam /data/work/I2BC/fadwa.elkhaddar/BIM/ORFMINE/ORFmine/orfmine/orfribo/Test/RESULTS/BAM/ORFeome/SRR1562875/SRR1562875.bam -outpath /data/work/I2BC/fadwa.elkhaddar/BIM/ORFMINE/ORFmine/orfmine/orfribo/Test/DATA_PROCESSING/Bam2Reads_ORFeome/SRR1562875/SRR1562875_28 -outname ORFeome_28 -features_include nc_intergenic 2> /data/work/I2BC/fadwa.elkhaddar/BIM/ORFMINE/ORFmine/orfmine/orfribo/Test/SUPPLEMENTARY_DATA/Logs/Bam2Reads_ORFeome/SRR1562875.28.bam2read.log;
                in_lengths_list="True"
                break
            fi
        done

        if [ -z "$in_lengths_list" ]; then
            touch /data/work/I2BC/fadwa.elkhaddar/BIM/ORFMINE/ORFmine/orfmine/orfribo/Test/DATA_PROCESSING/Bam2Reads_ORFeome/SRR1562875/SRR1562875_28/ORFeome_28_reads.tab
        fi
        
[Fri Apr 26 13:42:30 2024]
Finished job 46.
48 of 56 steps (86%) done
Select jobs to execute...

[Fri Apr 26 13:42:30 2024]
rule Bam2Reads_ORFeome:
    input: /data/work/I2BC/fadwa.elkhaddar/BIM/orfmine_tutorial/ORFmine/examples/database/mapping_orf_Scer.gff, /data/work/I2BC/fadwa.elkhaddar/BIM/ORFMINE/ORFmine/orfmine/orfribo/Test/RESULTS/BAM/ORFeome/SRR1562875/SRR1562875.bam, /data/work/I2BC/fadwa.elkhaddar/BIM/ORFMINE/ORFmine/orfmine/orfribo/Test/RESULTS/BAM/ORFeome/SRR1562875/SRR1562875.bam.bai, /data/work/I2BC/fadwa.elkhaddar/BIM/ORFMINE/ORFmine/orfmine/orfribo/Test/DATA_PROCESSING/RiboWaltz/SRR1562875/psite_offset.csv, /data/work/I2BC/fadwa.elkhaddar/BIM/ORFMINE/ORFmine/orfmine/orfribo/Test/DATA_PROCESSING/Selected_length/SRR1562875/Selected_length.txt
    output: /data/work/I2BC/fadwa.elkhaddar/BIM/ORFMINE/ORFmine/orfmine/orfribo/Test/DATA_PROCESSING/Bam2Reads_ORFeome/SRR1562875/SRR1562875_26/ORFeome_26_reads.tab
    log: /data/work/I2BC/fadwa.elkhaddar/BIM/ORFMINE/ORFmine/orfmine/orfribo/Test/SUPPLEMENTARY_DATA/Logs/Bam2Reads_ORFeome/SRR1562875.26.bam2read.log, /data/work/I2BC/fadwa.elkhaddar/BIM/ORFMINE/ORFmine/orfmine/orfribo/Test/SUPPLEMENTARY_DATA/Logs/Bam2Reads_ORFeome/SRR1562875.26.offset_grep.log
    jobid: 44
    benchmark: /data/work/I2BC/fadwa.elkhaddar/BIM/ORFMINE/ORFmine/orfmine/orfribo/Test/SUPPLEMENTARY_DATA/Benchmarks/Bam2Reads_ORFeome/SRR1562875.26.bam2read.benchmark.txt
    reason: Missing output files: /data/work/I2BC/fadwa.elkhaddar/BIM/ORFMINE/ORFmine/orfmine/orfribo/Test/DATA_PROCESSING/Bam2Reads_ORFeome/SRR1562875/SRR1562875_26/ORFeome_26_reads.tab; Input files updated by another job: /data/work/I2BC/fadwa.elkhaddar/BIM/ORFMINE/ORFmine/orfmine/orfribo/Test/DATA_PROCESSING/Selected_length/SRR1562875/Selected_length.txt, /data/work/I2BC/fadwa.elkhaddar/BIM/ORFMINE/ORFmine/orfmine/orfribo/Test/DATA_PROCESSING/RiboWaltz/SRR1562875/psite_offset.csv, /data/work/I2BC/fadwa.elkhaddar/BIM/ORFMINE/ORFmine/orfmine/orfribo/Test/RESULTS/BAM/ORFeome/SRR1562875/SRR1562875.bam, /data/work/I2BC/fadwa.elkhaddar/BIM/ORFMINE/ORFmine/orfmine/orfribo/Test/RESULTS/BAM/ORFeome/SRR1562875/SRR1562875.bam.bai
    wildcards: sample=SRR1562875, length=26
    resources: tmpdir=/var/tmp/pbs.980092.pbsserver, mem_mb=2000


        lengths_list=$(cat /data/work/I2BC/fadwa.elkhaddar/BIM/ORFMINE/ORFmine/orfmine/orfribo/Test/DATA_PROCESSING/Selected_length/SRR1562875/Selected_length.txt)
        in_lengths_list=""

        for length in $lengths_list; do
            if [ "$length" == "26" ]; then
                offset=$(grep 'SRR1562875' /data/work/I2BC/fadwa.elkhaddar/BIM/ORFMINE/ORFmine/orfmine/orfribo/Test/DATA_PROCESSING/RiboWaltz/SRR1562875/psite_offset.csv 2> /data/work/I2BC/fadwa.elkhaddar/BIM/ORFMINE/ORFmine/orfmine/orfribo/Test/SUPPLEMENTARY_DATA/Logs/Bam2Reads_ORFeome/SRR1562875.26.offset_grep.log | grep '^26' 2>> /data/work/I2BC/fadwa.elkhaddar/BIM/ORFMINE/ORFmine/orfmine/orfribo/Test/SUPPLEMENTARY_DATA/Logs/Bam2Reads_ORFeome/SRR1562875.26.offset_grep.log | cut -f7 2>> /data/work/I2BC/fadwa.elkhaddar/BIM/ORFMINE/ORFmine/orfmine/orfribo/Test/SUPPLEMENTARY_DATA/Logs/Bam2Reads_ORFeome/SRR1562875.26.offset_grep.log) 2>> /data/work/I2BC/fadwa.elkhaddar/BIM/ORFMINE/ORFmine/orfmine/orfribo/Test/SUPPLEMENTARY_DATA/Logs/Bam2Reads_ORFeome/SRR1562875.26.offset_grep.log;
                python3 /data/work/I2BC/fadwa.elkhaddar/BIM/ORFMINE/ORFmine/orfmine/orfribo/scripts/BAM2Reads.py -shift ${offset} -kmer 26 -gff /data/work/I2BC/fadwa.elkhaddar/BIM/orfmine_tutorial/ORFmine/examples/database/mapping_orf_Scer.gff -bam /data/work/I2BC/fadwa.elkhaddar/BIM/ORFMINE/ORFmine/orfmine/orfribo/Test/RESULTS/BAM/ORFeome/SRR1562875/SRR1562875.bam -outpath /data/work/I2BC/fadwa.elkhaddar/BIM/ORFMINE/ORFmine/orfmine/orfribo/Test/DATA_PROCESSING/Bam2Reads_ORFeome/SRR1562875/SRR1562875_26 -outname ORFeome_26 -features_include nc_intergenic 2> /data/work/I2BC/fadwa.elkhaddar/BIM/ORFMINE/ORFmine/orfmine/orfribo/Test/SUPPLEMENTARY_DATA/Logs/Bam2Reads_ORFeome/SRR1562875.26.bam2read.log;
                in_lengths_list="True"
                break
            fi
        done

        if [ -z "$in_lengths_list" ]; then
            touch /data/work/I2BC/fadwa.elkhaddar/BIM/ORFMINE/ORFmine/orfmine/orfribo/Test/DATA_PROCESSING/Bam2Reads_ORFeome/SRR1562875/SRR1562875_26/ORFeome_26_reads.tab
        fi
        
[Fri Apr 26 13:42:30 2024]
Finished job 44.
49 of 56 steps (88%) done
Select jobs to execute...

[Fri Apr 26 13:42:30 2024]
rule Bam2Reads_ORFeome:
    input: /data/work/I2BC/fadwa.elkhaddar/BIM/orfmine_tutorial/ORFmine/examples/database/mapping_orf_Scer.gff, /data/work/I2BC/fadwa.elkhaddar/BIM/ORFMINE/ORFmine/orfmine/orfribo/Test/RESULTS/BAM/ORFeome/SRR1562875/SRR1562875.bam, /data/work/I2BC/fadwa.elkhaddar/BIM/ORFMINE/ORFmine/orfmine/orfribo/Test/RESULTS/BAM/ORFeome/SRR1562875/SRR1562875.bam.bai, /data/work/I2BC/fadwa.elkhaddar/BIM/ORFMINE/ORFmine/orfmine/orfribo/Test/DATA_PROCESSING/RiboWaltz/SRR1562875/psite_offset.csv, /data/work/I2BC/fadwa.elkhaddar/BIM/ORFMINE/ORFmine/orfmine/orfribo/Test/DATA_PROCESSING/Selected_length/SRR1562875/Selected_length.txt
    output: /data/work/I2BC/fadwa.elkhaddar/BIM/ORFMINE/ORFmine/orfmine/orfribo/Test/DATA_PROCESSING/Bam2Reads_ORFeome/SRR1562875/SRR1562875_32/ORFeome_32_reads.tab
    log: /data/work/I2BC/fadwa.elkhaddar/BIM/ORFMINE/ORFmine/orfmine/orfribo/Test/SUPPLEMENTARY_DATA/Logs/Bam2Reads_ORFeome/SRR1562875.32.bam2read.log, /data/work/I2BC/fadwa.elkhaddar/BIM/ORFMINE/ORFmine/orfmine/orfribo/Test/SUPPLEMENTARY_DATA/Logs/Bam2Reads_ORFeome/SRR1562875.32.offset_grep.log
    jobid: 50
    benchmark: /data/work/I2BC/fadwa.elkhaddar/BIM/ORFMINE/ORFmine/orfmine/orfribo/Test/SUPPLEMENTARY_DATA/Benchmarks/Bam2Reads_ORFeome/SRR1562875.32.bam2read.benchmark.txt
    reason: Missing output files: /data/work/I2BC/fadwa.elkhaddar/BIM/ORFMINE/ORFmine/orfmine/orfribo/Test/DATA_PROCESSING/Bam2Reads_ORFeome/SRR1562875/SRR1562875_32/ORFeome_32_reads.tab; Input files updated by another job: /data/work/I2BC/fadwa.elkhaddar/BIM/ORFMINE/ORFmine/orfmine/orfribo/Test/DATA_PROCESSING/Selected_length/SRR1562875/Selected_length.txt, /data/work/I2BC/fadwa.elkhaddar/BIM/ORFMINE/ORFmine/orfmine/orfribo/Test/DATA_PROCESSING/RiboWaltz/SRR1562875/psite_offset.csv, /data/work/I2BC/fadwa.elkhaddar/BIM/ORFMINE/ORFmine/orfmine/orfribo/Test/RESULTS/BAM/ORFeome/SRR1562875/SRR1562875.bam, /data/work/I2BC/fadwa.elkhaddar/BIM/ORFMINE/ORFmine/orfmine/orfribo/Test/RESULTS/BAM/ORFeome/SRR1562875/SRR1562875.bam.bai
    wildcards: sample=SRR1562875, length=32
    resources: tmpdir=/var/tmp/pbs.980092.pbsserver, mem_mb=2000


        lengths_list=$(cat /data/work/I2BC/fadwa.elkhaddar/BIM/ORFMINE/ORFmine/orfmine/orfribo/Test/DATA_PROCESSING/Selected_length/SRR1562875/Selected_length.txt)
        in_lengths_list=""

        for length in $lengths_list; do
            if [ "$length" == "32" ]; then
                offset=$(grep 'SRR1562875' /data/work/I2BC/fadwa.elkhaddar/BIM/ORFMINE/ORFmine/orfmine/orfribo/Test/DATA_PROCESSING/RiboWaltz/SRR1562875/psite_offset.csv 2> /data/work/I2BC/fadwa.elkhaddar/BIM/ORFMINE/ORFmine/orfmine/orfribo/Test/SUPPLEMENTARY_DATA/Logs/Bam2Reads_ORFeome/SRR1562875.32.offset_grep.log | grep '^32' 2>> /data/work/I2BC/fadwa.elkhaddar/BIM/ORFMINE/ORFmine/orfmine/orfribo/Test/SUPPLEMENTARY_DATA/Logs/Bam2Reads_ORFeome/SRR1562875.32.offset_grep.log | cut -f7 2>> /data/work/I2BC/fadwa.elkhaddar/BIM/ORFMINE/ORFmine/orfmine/orfribo/Test/SUPPLEMENTARY_DATA/Logs/Bam2Reads_ORFeome/SRR1562875.32.offset_grep.log) 2>> /data/work/I2BC/fadwa.elkhaddar/BIM/ORFMINE/ORFmine/orfmine/orfribo/Test/SUPPLEMENTARY_DATA/Logs/Bam2Reads_ORFeome/SRR1562875.32.offset_grep.log;
                python3 /data/work/I2BC/fadwa.elkhaddar/BIM/ORFMINE/ORFmine/orfmine/orfribo/scripts/BAM2Reads.py -shift ${offset} -kmer 32 -gff /data/work/I2BC/fadwa.elkhaddar/BIM/orfmine_tutorial/ORFmine/examples/database/mapping_orf_Scer.gff -bam /data/work/I2BC/fadwa.elkhaddar/BIM/ORFMINE/ORFmine/orfmine/orfribo/Test/RESULTS/BAM/ORFeome/SRR1562875/SRR1562875.bam -outpath /data/work/I2BC/fadwa.elkhaddar/BIM/ORFMINE/ORFmine/orfmine/orfribo/Test/DATA_PROCESSING/Bam2Reads_ORFeome/SRR1562875/SRR1562875_32 -outname ORFeome_32 -features_include nc_intergenic 2> /data/work/I2BC/fadwa.elkhaddar/BIM/ORFMINE/ORFmine/orfmine/orfribo/Test/SUPPLEMENTARY_DATA/Logs/Bam2Reads_ORFeome/SRR1562875.32.bam2read.log;
                in_lengths_list="True"
                break
            fi
        done

        if [ -z "$in_lengths_list" ]; then
            touch /data/work/I2BC/fadwa.elkhaddar/BIM/ORFMINE/ORFmine/orfmine/orfribo/Test/DATA_PROCESSING/Bam2Reads_ORFeome/SRR1562875/SRR1562875_32/ORFeome_32_reads.tab
        fi
        
[Fri Apr 26 13:42:30 2024]
Finished job 50.
50 of 56 steps (89%) done
Select jobs to execute...

[Fri Apr 26 13:42:30 2024]
rule Bam2Reads_ORFeome:
    input: /data/work/I2BC/fadwa.elkhaddar/BIM/orfmine_tutorial/ORFmine/examples/database/mapping_orf_Scer.gff, /data/work/I2BC/fadwa.elkhaddar/BIM/ORFMINE/ORFmine/orfmine/orfribo/Test/RESULTS/BAM/ORFeome/SRR1562875/SRR1562875.bam, /data/work/I2BC/fadwa.elkhaddar/BIM/ORFMINE/ORFmine/orfmine/orfribo/Test/RESULTS/BAM/ORFeome/SRR1562875/SRR1562875.bam.bai, /data/work/I2BC/fadwa.elkhaddar/BIM/ORFMINE/ORFmine/orfmine/orfribo/Test/DATA_PROCESSING/RiboWaltz/SRR1562875/psite_offset.csv, /data/work/I2BC/fadwa.elkhaddar/BIM/ORFMINE/ORFmine/orfmine/orfribo/Test/DATA_PROCESSING/Selected_length/SRR1562875/Selected_length.txt
    output: /data/work/I2BC/fadwa.elkhaddar/BIM/ORFMINE/ORFmine/orfmine/orfribo/Test/DATA_PROCESSING/Bam2Reads_ORFeome/SRR1562875/SRR1562875_30/ORFeome_30_reads.tab
    log: /data/work/I2BC/fadwa.elkhaddar/BIM/ORFMINE/ORFmine/orfmine/orfribo/Test/SUPPLEMENTARY_DATA/Logs/Bam2Reads_ORFeome/SRR1562875.30.bam2read.log, /data/work/I2BC/fadwa.elkhaddar/BIM/ORFMINE/ORFmine/orfmine/orfribo/Test/SUPPLEMENTARY_DATA/Logs/Bam2Reads_ORFeome/SRR1562875.30.offset_grep.log
    jobid: 48
    benchmark: /data/work/I2BC/fadwa.elkhaddar/BIM/ORFMINE/ORFmine/orfmine/orfribo/Test/SUPPLEMENTARY_DATA/Benchmarks/Bam2Reads_ORFeome/SRR1562875.30.bam2read.benchmark.txt
    reason: Missing output files: /data/work/I2BC/fadwa.elkhaddar/BIM/ORFMINE/ORFmine/orfmine/orfribo/Test/DATA_PROCESSING/Bam2Reads_ORFeome/SRR1562875/SRR1562875_30/ORFeome_30_reads.tab; Input files updated by another job: /data/work/I2BC/fadwa.elkhaddar/BIM/ORFMINE/ORFmine/orfmine/orfribo/Test/DATA_PROCESSING/Selected_length/SRR1562875/Selected_length.txt, /data/work/I2BC/fadwa.elkhaddar/BIM/ORFMINE/ORFmine/orfmine/orfribo/Test/DATA_PROCESSING/RiboWaltz/SRR1562875/psite_offset.csv, /data/work/I2BC/fadwa.elkhaddar/BIM/ORFMINE/ORFmine/orfmine/orfribo/Test/RESULTS/BAM/ORFeome/SRR1562875/SRR1562875.bam, /data/work/I2BC/fadwa.elkhaddar/BIM/ORFMINE/ORFmine/orfmine/orfribo/Test/RESULTS/BAM/ORFeome/SRR1562875/SRR1562875.bam.bai
    wildcards: sample=SRR1562875, length=30
    resources: tmpdir=/var/tmp/pbs.980092.pbsserver, mem_mb=2000


        lengths_list=$(cat /data/work/I2BC/fadwa.elkhaddar/BIM/ORFMINE/ORFmine/orfmine/orfribo/Test/DATA_PROCESSING/Selected_length/SRR1562875/Selected_length.txt)
        in_lengths_list=""

        for length in $lengths_list; do
            if [ "$length" == "30" ]; then
                offset=$(grep 'SRR1562875' /data/work/I2BC/fadwa.elkhaddar/BIM/ORFMINE/ORFmine/orfmine/orfribo/Test/DATA_PROCESSING/RiboWaltz/SRR1562875/psite_offset.csv 2> /data/work/I2BC/fadwa.elkhaddar/BIM/ORFMINE/ORFmine/orfmine/orfribo/Test/SUPPLEMENTARY_DATA/Logs/Bam2Reads_ORFeome/SRR1562875.30.offset_grep.log | grep '^30' 2>> /data/work/I2BC/fadwa.elkhaddar/BIM/ORFMINE/ORFmine/orfmine/orfribo/Test/SUPPLEMENTARY_DATA/Logs/Bam2Reads_ORFeome/SRR1562875.30.offset_grep.log | cut -f7 2>> /data/work/I2BC/fadwa.elkhaddar/BIM/ORFMINE/ORFmine/orfmine/orfribo/Test/SUPPLEMENTARY_DATA/Logs/Bam2Reads_ORFeome/SRR1562875.30.offset_grep.log) 2>> /data/work/I2BC/fadwa.elkhaddar/BIM/ORFMINE/ORFmine/orfmine/orfribo/Test/SUPPLEMENTARY_DATA/Logs/Bam2Reads_ORFeome/SRR1562875.30.offset_grep.log;
                python3 /data/work/I2BC/fadwa.elkhaddar/BIM/ORFMINE/ORFmine/orfmine/orfribo/scripts/BAM2Reads.py -shift ${offset} -kmer 30 -gff /data/work/I2BC/fadwa.elkhaddar/BIM/orfmine_tutorial/ORFmine/examples/database/mapping_orf_Scer.gff -bam /data/work/I2BC/fadwa.elkhaddar/BIM/ORFMINE/ORFmine/orfmine/orfribo/Test/RESULTS/BAM/ORFeome/SRR1562875/SRR1562875.bam -outpath /data/work/I2BC/fadwa.elkhaddar/BIM/ORFMINE/ORFmine/orfmine/orfribo/Test/DATA_PROCESSING/Bam2Reads_ORFeome/SRR1562875/SRR1562875_30 -outname ORFeome_30 -features_include nc_intergenic 2> /data/work/I2BC/fadwa.elkhaddar/BIM/ORFMINE/ORFmine/orfmine/orfribo/Test/SUPPLEMENTARY_DATA/Logs/Bam2Reads_ORFeome/SRR1562875.30.bam2read.log;
                in_lengths_list="True"
                break
            fi
        done

        if [ -z "$in_lengths_list" ]; then
            touch /data/work/I2BC/fadwa.elkhaddar/BIM/ORFMINE/ORFmine/orfmine/orfribo/Test/DATA_PROCESSING/Bam2Reads_ORFeome/SRR1562875/SRR1562875_30/ORFeome_30_reads.tab
        fi
        
[Fri Apr 26 13:42:30 2024]
Finished job 48.
51 of 56 steps (91%) done
Select jobs to execute...

[Fri Apr 26 13:42:30 2024]
rule Bam2Reads_ORFeome:
    input: /data/work/I2BC/fadwa.elkhaddar/BIM/orfmine_tutorial/ORFmine/examples/database/mapping_orf_Scer.gff, /data/work/I2BC/fadwa.elkhaddar/BIM/ORFMINE/ORFmine/orfmine/orfribo/Test/RESULTS/BAM/ORFeome/SRR1562875/SRR1562875.bam, /data/work/I2BC/fadwa.elkhaddar/BIM/ORFMINE/ORFmine/orfmine/orfribo/Test/RESULTS/BAM/ORFeome/SRR1562875/SRR1562875.bam.bai, /data/work/I2BC/fadwa.elkhaddar/BIM/ORFMINE/ORFmine/orfmine/orfribo/Test/DATA_PROCESSING/RiboWaltz/SRR1562875/psite_offset.csv, /data/work/I2BC/fadwa.elkhaddar/BIM/ORFMINE/ORFmine/orfmine/orfribo/Test/DATA_PROCESSING/Selected_length/SRR1562875/Selected_length.txt
    output: /data/work/I2BC/fadwa.elkhaddar/BIM/ORFMINE/ORFmine/orfmine/orfribo/Test/DATA_PROCESSING/Bam2Reads_ORFeome/SRR1562875/SRR1562875_34/ORFeome_34_reads.tab
    log: /data/work/I2BC/fadwa.elkhaddar/BIM/ORFMINE/ORFmine/orfmine/orfribo/Test/SUPPLEMENTARY_DATA/Logs/Bam2Reads_ORFeome/SRR1562875.34.bam2read.log, /data/work/I2BC/fadwa.elkhaddar/BIM/ORFMINE/ORFmine/orfmine/orfribo/Test/SUPPLEMENTARY_DATA/Logs/Bam2Reads_ORFeome/SRR1562875.34.offset_grep.log
    jobid: 52
    benchmark: /data/work/I2BC/fadwa.elkhaddar/BIM/ORFMINE/ORFmine/orfmine/orfribo/Test/SUPPLEMENTARY_DATA/Benchmarks/Bam2Reads_ORFeome/SRR1562875.34.bam2read.benchmark.txt
    reason: Missing output files: /data/work/I2BC/fadwa.elkhaddar/BIM/ORFMINE/ORFmine/orfmine/orfribo/Test/DATA_PROCESSING/Bam2Reads_ORFeome/SRR1562875/SRR1562875_34/ORFeome_34_reads.tab; Input files updated by another job: /data/work/I2BC/fadwa.elkhaddar/BIM/ORFMINE/ORFmine/orfmine/orfribo/Test/DATA_PROCESSING/Selected_length/SRR1562875/Selected_length.txt, /data/work/I2BC/fadwa.elkhaddar/BIM/ORFMINE/ORFmine/orfmine/orfribo/Test/DATA_PROCESSING/RiboWaltz/SRR1562875/psite_offset.csv, /data/work/I2BC/fadwa.elkhaddar/BIM/ORFMINE/ORFmine/orfmine/orfribo/Test/RESULTS/BAM/ORFeome/SRR1562875/SRR1562875.bam, /data/work/I2BC/fadwa.elkhaddar/BIM/ORFMINE/ORFmine/orfmine/orfribo/Test/RESULTS/BAM/ORFeome/SRR1562875/SRR1562875.bam.bai
    wildcards: sample=SRR1562875, length=34
    resources: tmpdir=/var/tmp/pbs.980092.pbsserver, mem_mb=2000


        lengths_list=$(cat /data/work/I2BC/fadwa.elkhaddar/BIM/ORFMINE/ORFmine/orfmine/orfribo/Test/DATA_PROCESSING/Selected_length/SRR1562875/Selected_length.txt)
        in_lengths_list=""

        for length in $lengths_list; do
            if [ "$length" == "34" ]; then
                offset=$(grep 'SRR1562875' /data/work/I2BC/fadwa.elkhaddar/BIM/ORFMINE/ORFmine/orfmine/orfribo/Test/DATA_PROCESSING/RiboWaltz/SRR1562875/psite_offset.csv 2> /data/work/I2BC/fadwa.elkhaddar/BIM/ORFMINE/ORFmine/orfmine/orfribo/Test/SUPPLEMENTARY_DATA/Logs/Bam2Reads_ORFeome/SRR1562875.34.offset_grep.log | grep '^34' 2>> /data/work/I2BC/fadwa.elkhaddar/BIM/ORFMINE/ORFmine/orfmine/orfribo/Test/SUPPLEMENTARY_DATA/Logs/Bam2Reads_ORFeome/SRR1562875.34.offset_grep.log | cut -f7 2>> /data/work/I2BC/fadwa.elkhaddar/BIM/ORFMINE/ORFmine/orfmine/orfribo/Test/SUPPLEMENTARY_DATA/Logs/Bam2Reads_ORFeome/SRR1562875.34.offset_grep.log) 2>> /data/work/I2BC/fadwa.elkhaddar/BIM/ORFMINE/ORFmine/orfmine/orfribo/Test/SUPPLEMENTARY_DATA/Logs/Bam2Reads_ORFeome/SRR1562875.34.offset_grep.log;
                python3 /data/work/I2BC/fadwa.elkhaddar/BIM/ORFMINE/ORFmine/orfmine/orfribo/scripts/BAM2Reads.py -shift ${offset} -kmer 34 -gff /data/work/I2BC/fadwa.elkhaddar/BIM/orfmine_tutorial/ORFmine/examples/database/mapping_orf_Scer.gff -bam /data/work/I2BC/fadwa.elkhaddar/BIM/ORFMINE/ORFmine/orfmine/orfribo/Test/RESULTS/BAM/ORFeome/SRR1562875/SRR1562875.bam -outpath /data/work/I2BC/fadwa.elkhaddar/BIM/ORFMINE/ORFmine/orfmine/orfribo/Test/DATA_PROCESSING/Bam2Reads_ORFeome/SRR1562875/SRR1562875_34 -outname ORFeome_34 -features_include nc_intergenic 2> /data/work/I2BC/fadwa.elkhaddar/BIM/ORFMINE/ORFmine/orfmine/orfribo/Test/SUPPLEMENTARY_DATA/Logs/Bam2Reads_ORFeome/SRR1562875.34.bam2read.log;
                in_lengths_list="True"
                break
            fi
        done

        if [ -z "$in_lengths_list" ]; then
            touch /data/work/I2BC/fadwa.elkhaddar/BIM/ORFMINE/ORFmine/orfmine/orfribo/Test/DATA_PROCESSING/Bam2Reads_ORFeome/SRR1562875/SRR1562875_34/ORFeome_34_reads.tab
        fi
        
[Fri Apr 26 13:42:30 2024]
Finished job 52.
52 of 56 steps (93%) done
Select jobs to execute...

[Fri Apr 26 13:42:30 2024]
rule Bam2Reads_ORFeome:
    input: /data/work/I2BC/fadwa.elkhaddar/BIM/orfmine_tutorial/ORFmine/examples/database/mapping_orf_Scer.gff, /data/work/I2BC/fadwa.elkhaddar/BIM/ORFMINE/ORFmine/orfmine/orfribo/Test/RESULTS/BAM/ORFeome/SRR1562875/SRR1562875.bam, /data/work/I2BC/fadwa.elkhaddar/BIM/ORFMINE/ORFmine/orfmine/orfribo/Test/RESULTS/BAM/ORFeome/SRR1562875/SRR1562875.bam.bai, /data/work/I2BC/fadwa.elkhaddar/BIM/ORFMINE/ORFmine/orfmine/orfribo/Test/DATA_PROCESSING/RiboWaltz/SRR1562875/psite_offset.csv, /data/work/I2BC/fadwa.elkhaddar/BIM/ORFMINE/ORFmine/orfmine/orfribo/Test/DATA_PROCESSING/Selected_length/SRR1562875/Selected_length.txt
    output: /data/work/I2BC/fadwa.elkhaddar/BIM/ORFMINE/ORFmine/orfmine/orfribo/Test/DATA_PROCESSING/Bam2Reads_ORFeome/SRR1562875/SRR1562875_29/ORFeome_29_reads.tab
    log: /data/work/I2BC/fadwa.elkhaddar/BIM/ORFMINE/ORFmine/orfmine/orfribo/Test/SUPPLEMENTARY_DATA/Logs/Bam2Reads_ORFeome/SRR1562875.29.bam2read.log, /data/work/I2BC/fadwa.elkhaddar/BIM/ORFMINE/ORFmine/orfmine/orfribo/Test/SUPPLEMENTARY_DATA/Logs/Bam2Reads_ORFeome/SRR1562875.29.offset_grep.log
    jobid: 47
    benchmark: /data/work/I2BC/fadwa.elkhaddar/BIM/ORFMINE/ORFmine/orfmine/orfribo/Test/SUPPLEMENTARY_DATA/Benchmarks/Bam2Reads_ORFeome/SRR1562875.29.bam2read.benchmark.txt
    reason: Missing output files: /data/work/I2BC/fadwa.elkhaddar/BIM/ORFMINE/ORFmine/orfmine/orfribo/Test/DATA_PROCESSING/Bam2Reads_ORFeome/SRR1562875/SRR1562875_29/ORFeome_29_reads.tab; Input files updated by another job: /data/work/I2BC/fadwa.elkhaddar/BIM/ORFMINE/ORFmine/orfmine/orfribo/Test/DATA_PROCESSING/Selected_length/SRR1562875/Selected_length.txt, /data/work/I2BC/fadwa.elkhaddar/BIM/ORFMINE/ORFmine/orfmine/orfribo/Test/DATA_PROCESSING/RiboWaltz/SRR1562875/psite_offset.csv, /data/work/I2BC/fadwa.elkhaddar/BIM/ORFMINE/ORFmine/orfmine/orfribo/Test/RESULTS/BAM/ORFeome/SRR1562875/SRR1562875.bam, /data/work/I2BC/fadwa.elkhaddar/BIM/ORFMINE/ORFmine/orfmine/orfribo/Test/RESULTS/BAM/ORFeome/SRR1562875/SRR1562875.bam.bai
    wildcards: sample=SRR1562875, length=29
    resources: tmpdir=/var/tmp/pbs.980092.pbsserver, mem_mb=2000


        lengths_list=$(cat /data/work/I2BC/fadwa.elkhaddar/BIM/ORFMINE/ORFmine/orfmine/orfribo/Test/DATA_PROCESSING/Selected_length/SRR1562875/Selected_length.txt)
        in_lengths_list=""

        for length in $lengths_list; do
            if [ "$length" == "29" ]; then
                offset=$(grep 'SRR1562875' /data/work/I2BC/fadwa.elkhaddar/BIM/ORFMINE/ORFmine/orfmine/orfribo/Test/DATA_PROCESSING/RiboWaltz/SRR1562875/psite_offset.csv 2> /data/work/I2BC/fadwa.elkhaddar/BIM/ORFMINE/ORFmine/orfmine/orfribo/Test/SUPPLEMENTARY_DATA/Logs/Bam2Reads_ORFeome/SRR1562875.29.offset_grep.log | grep '^29' 2>> /data/work/I2BC/fadwa.elkhaddar/BIM/ORFMINE/ORFmine/orfmine/orfribo/Test/SUPPLEMENTARY_DATA/Logs/Bam2Reads_ORFeome/SRR1562875.29.offset_grep.log | cut -f7 2>> /data/work/I2BC/fadwa.elkhaddar/BIM/ORFMINE/ORFmine/orfmine/orfribo/Test/SUPPLEMENTARY_DATA/Logs/Bam2Reads_ORFeome/SRR1562875.29.offset_grep.log) 2>> /data/work/I2BC/fadwa.elkhaddar/BIM/ORFMINE/ORFmine/orfmine/orfribo/Test/SUPPLEMENTARY_DATA/Logs/Bam2Reads_ORFeome/SRR1562875.29.offset_grep.log;
                python3 /data/work/I2BC/fadwa.elkhaddar/BIM/ORFMINE/ORFmine/orfmine/orfribo/scripts/BAM2Reads.py -shift ${offset} -kmer 29 -gff /data/work/I2BC/fadwa.elkhaddar/BIM/orfmine_tutorial/ORFmine/examples/database/mapping_orf_Scer.gff -bam /data/work/I2BC/fadwa.elkhaddar/BIM/ORFMINE/ORFmine/orfmine/orfribo/Test/RESULTS/BAM/ORFeome/SRR1562875/SRR1562875.bam -outpath /data/work/I2BC/fadwa.elkhaddar/BIM/ORFMINE/ORFmine/orfmine/orfribo/Test/DATA_PROCESSING/Bam2Reads_ORFeome/SRR1562875/SRR1562875_29 -outname ORFeome_29 -features_include nc_intergenic 2> /data/work/I2BC/fadwa.elkhaddar/BIM/ORFMINE/ORFmine/orfmine/orfribo/Test/SUPPLEMENTARY_DATA/Logs/Bam2Reads_ORFeome/SRR1562875.29.bam2read.log;
                in_lengths_list="True"
                break
            fi
        done

        if [ -z "$in_lengths_list" ]; then
            touch /data/work/I2BC/fadwa.elkhaddar/BIM/ORFMINE/ORFmine/orfmine/orfribo/Test/DATA_PROCESSING/Bam2Reads_ORFeome/SRR1562875/SRR1562875_29/ORFeome_29_reads.tab
        fi
        
[Fri Apr 26 13:42:30 2024]
Finished job 47.
53 of 56 steps (95%) done
Select jobs to execute...

[Fri Apr 26 13:42:30 2024]
rule concatenate_count_tables_genome:
    input: /data/work/I2BC/fadwa.elkhaddar/BIM/ORFMINE/ORFmine/orfmine/orfribo/Test/DATA_PROCESSING/Bam2Reads_ORFeome/SRR1562875/SRR1562875_25/ORFeome_25_reads.tab, /data/work/I2BC/fadwa.elkhaddar/BIM/ORFMINE/ORFmine/orfmine/orfribo/Test/DATA_PROCESSING/Bam2Reads_ORFeome/SRR1562875/SRR1562875_26/ORFeome_26_reads.tab, /data/work/I2BC/fadwa.elkhaddar/BIM/ORFMINE/ORFmine/orfmine/orfribo/Test/DATA_PROCESSING/Bam2Reads_ORFeome/SRR1562875/SRR1562875_27/ORFeome_27_reads.tab, /data/work/I2BC/fadwa.elkhaddar/BIM/ORFMINE/ORFmine/orfmine/orfribo/Test/DATA_PROCESSING/Bam2Reads_ORFeome/SRR1562875/SRR1562875_28/ORFeome_28_reads.tab, /data/work/I2BC/fadwa.elkhaddar/BIM/ORFMINE/ORFmine/orfmine/orfribo/Test/DATA_PROCESSING/Bam2Reads_ORFeome/SRR1562875/SRR1562875_29/ORFeome_29_reads.tab, /data/work/I2BC/fadwa.elkhaddar/BIM/ORFMINE/ORFmine/orfmine/orfribo/Test/DATA_PROCESSING/Bam2Reads_ORFeome/SRR1562875/SRR1562875_30/ORFeome_30_reads.tab, /data/work/I2BC/fadwa.elkhaddar/BIM/ORFMINE/ORFmine/orfmine/orfribo/Test/DATA_PROCESSING/Bam2Reads_ORFeome/SRR1562875/SRR1562875_31/ORFeome_31_reads.tab, /data/work/I2BC/fadwa.elkhaddar/BIM/ORFMINE/ORFmine/orfmine/orfribo/Test/DATA_PROCESSING/Bam2Reads_ORFeome/SRR1562875/SRR1562875_32/ORFeome_32_reads.tab, /data/work/I2BC/fadwa.elkhaddar/BIM/ORFMINE/ORFmine/orfmine/orfribo/Test/DATA_PROCESSING/Bam2Reads_ORFeome/SRR1562875/SRR1562875_33/ORFeome_33_reads.tab, /data/work/I2BC/fadwa.elkhaddar/BIM/ORFMINE/ORFmine/orfmine/orfribo/Test/DATA_PROCESSING/Bam2Reads_ORFeome/SRR1562875/SRR1562875_34/ORFeome_34_reads.tab, /data/work/I2BC/fadwa.elkhaddar/BIM/ORFMINE/ORFmine/orfmine/orfribo/Test/DATA_PROCESSING/Bam2Reads_ORFeome/SRR1562875/SRR1562875_35/ORFeome_35_reads.tab
    output: /data/work/I2BC/fadwa.elkhaddar/BIM/ORFMINE/ORFmine/orfmine/orfribo/Test/RESULTS/ORFeome/SRR1562875/ORFeome.25-35.mean_median70_reads_concatenated.tab
    log: /data/work/I2BC/fadwa.elkhaddar/BIM/ORFMINE/ORFmine/orfmine/orfribo/Test/SUPPLEMENTARY_DATA/Logs/Bam2Reads_ORFeome/ concatenate_count_tables_genome /SRR1562875.concatenate_mean_median70.log
    jobid: 55
    benchmark: /data/work/I2BC/fadwa.elkhaddar/BIM/ORFMINE/ORFmine/orfmine/orfribo/Test/SUPPLEMENTARY_DATA/Benchmarks/Bam2Reads_ORFeome/concatenate_count_tables_genome/SRR1562875.concatenate.benchmark_mean_median70.txt
    reason: Missing output files: /data/work/I2BC/fadwa.elkhaddar/BIM/ORFMINE/ORFmine/orfmine/orfribo/Test/RESULTS/ORFeome/SRR1562875/ORFeome.25-35.mean_median70_reads_concatenated.tab; Input files updated by another job: /data/work/I2BC/fadwa.elkhaddar/BIM/ORFMINE/ORFmine/orfmine/orfribo/Test/DATA_PROCESSING/Bam2Reads_ORFeome/SRR1562875/SRR1562875_33/ORFeome_33_reads.tab, /data/work/I2BC/fadwa.elkhaddar/BIM/ORFMINE/ORFmine/orfmine/orfribo/Test/DATA_PROCESSING/Bam2Reads_ORFeome/SRR1562875/SRR1562875_31/ORFeome_31_reads.tab, /data/work/I2BC/fadwa.elkhaddar/BIM/ORFMINE/ORFmine/orfmine/orfribo/Test/DATA_PROCESSING/Bam2Reads_ORFeome/SRR1562875/SRR1562875_35/ORFeome_35_reads.tab, /data/work/I2BC/fadwa.elkhaddar/BIM/ORFMINE/ORFmine/orfmine/orfribo/Test/DATA_PROCESSING/Bam2Reads_ORFeome/SRR1562875/SRR1562875_29/ORFeome_29_reads.tab, /data/work/I2BC/fadwa.elkhaddar/BIM/ORFMINE/ORFmine/orfmine/orfribo/Test/DATA_PROCESSING/Bam2Reads_ORFeome/SRR1562875/SRR1562875_30/ORFeome_30_reads.tab, /data/work/I2BC/fadwa.elkhaddar/BIM/ORFMINE/ORFmine/orfmine/orfribo/Test/DATA_PROCESSING/Bam2Reads_ORFeome/SRR1562875/SRR1562875_28/ORFeome_28_reads.tab, /data/work/I2BC/fadwa.elkhaddar/BIM/ORFMINE/ORFmine/orfmine/orfribo/Test/DATA_PROCESSING/Bam2Reads_ORFeome/SRR1562875/SRR1562875_34/ORFeome_34_reads.tab, /data/work/I2BC/fadwa.elkhaddar/BIM/ORFMINE/ORFmine/orfmine/orfribo/Test/DATA_PROCESSING/Bam2Reads_ORFeome/SRR1562875/SRR1562875_25/ORFeome_25_reads.tab, /data/work/I2BC/fadwa.elkhaddar/BIM/ORFMINE/ORFmine/orfmine/orfribo/Test/DATA_PROCESSING/Bam2Reads_ORFeome/SRR1562875/SRR1562875_32/ORFeome_32_reads.tab, /data/work/I2BC/fadwa.elkhaddar/BIM/ORFMINE/ORFmine/orfmine/orfribo/Test/DATA_PROCESSING/Bam2Reads_ORFeome/SRR1562875/SRR1562875_27/ORFeome_27_reads.tab, /data/work/I2BC/fadwa.elkhaddar/BIM/ORFMINE/ORFmine/orfmine/orfribo/Test/DATA_PROCESSING/Bam2Reads_ORFeome/SRR1562875/SRR1562875_26/ORFeome_26_reads.tab
    wildcards: sample=SRR1562875
    resources: tmpdir=/var/tmp/pbs.980092.pbsserver

[Fri Apr 26 13:42:33 2024]
Finished job 55.
54 of 56 steps (96%) done
Select jobs to execute...

[Fri Apr 26 13:42:33 2024]
rule concatenate_all_tables:
    input: /data/work/I2BC/fadwa.elkhaddar/BIM/ORFMINE/ORFmine/orfmine/orfribo/Test/RESULTS/ORFeome/SRR1562875/ORFeome.25-35.mean_median70_reads_concatenated.tab
    output: /data/work/I2BC/fadwa.elkhaddar/BIM/ORFMINE/ORFmine/orfmine/orfribo/Test/RESULTS/ORFeome/all_samples_ORFeome.25-35.mean_median70_reads_concatenated.tab
    log: /data/work/I2BC/fadwa.elkhaddar/BIM/ORFMINE/ORFmine/orfmine/orfribo/Test/SUPPLEMENTARY_DATA/Logs/ORFeome/concatenate_all_tables/concatenate_mean_median70.log
    jobid: 54
    benchmark: /data/work/I2BC/fadwa.elkhaddar/BIM/ORFMINE/ORFmine/orfmine/orfribo/Test/SUPPLEMENTARY_DATA/Benchmarks/ORFeome/concatenate_all_tables/concatenate.benchmark_mean_median70.txt
    reason: Missing output files: /data/work/I2BC/fadwa.elkhaddar/BIM/ORFMINE/ORFmine/orfmine/orfribo/Test/RESULTS/ORFeome/all_samples_ORFeome.25-35.mean_median70_reads_concatenated.tab; Input files updated by another job: /data/work/I2BC/fadwa.elkhaddar/BIM/ORFMINE/ORFmine/orfmine/orfribo/Test/RESULTS/ORFeome/SRR1562875/ORFeome.25-35.mean_median70_reads_concatenated.tab
    resources: tmpdir=/var/tmp/pbs.980092.pbsserver

[Fri Apr 26 13:42:36 2024]
Finished job 54.
55 of 56 steps (98%) done
Select jobs to execute...

[Fri Apr 26 13:42:36 2024]
localrule all:
    input: /data/work/I2BC/fadwa.elkhaddar/BIM/ORFMINE/ORFmine/orfmine/orfribo/Test/DATA_PROCESSING/Quality_control/SRR1562875/SRR1562875_fastqc.html, /data/work/I2BC/fadwa.elkhaddar/BIM/ORFMINE/ORFmine/orfmine/orfribo/Test/DATA_PROCESSING/Edited_Gff/Named.CDS_Scer.gff, /data/work/I2BC/fadwa.elkhaddar/BIM/ORFMINE/ORFmine/orfmine/orfribo/Test/DATA_PROCESSING/Trimming/Trimmed_fastq/SRR1562875/SRR1562875.cutadapt.25-35.fastq.gz, /data/work/I2BC/fadwa.elkhaddar/BIM/ORFMINE/ORFmine/orfmine/orfribo/Test/DATA_PROCESSING/Mapping/ORFeome/Bowtie2/Results/SRR1562875/SRR1562875.sam, /data/work/I2BC/fadwa.elkhaddar/BIM/ORFMINE/ORFmine/orfmine/orfribo/Test/DATA_PROCESSING/Exome_Fastq/SRR1562875/SRR1562875_Unmapped.fastq.gz, /data/work/I2BC/fadwa.elkhaddar/BIM/ORFMINE/ORFmine/orfmine/orfribo/Test/DATA_PROCESSING/Mapping/Exome/Bowtie2/Results/SRR1562875/SRR1562875.sam, /data/work/I2BC/fadwa.elkhaddar/BIM/ORFMINE/ORFmine/orfmine/orfribo/Test/RESULTS/BAM/Exome/SRR1562875/SRR1562875.bam, /data/work/I2BC/fadwa.elkhaddar/BIM/ORFMINE/ORFmine/orfmine/orfribo/Test/RESULTS/BAM/Exome/SRR1562875/SRR1562875.bam.bai, /data/work/I2BC/fadwa.elkhaddar/BIM/ORFMINE/ORFmine/orfmine/orfribo/Test/DATA_PROCESSING/Exome/Exome_elongated.nfasta, /data/work/I2BC/fadwa.elkhaddar/BIM/ORFMINE/ORFmine/orfmine/orfribo/Test/DATA_PROCESSING/Exome/Exome_elongated.gff, /data/work/I2BC/fadwa.elkhaddar/BIM/ORFMINE/ORFmine/orfmine/orfribo/Test/DATA_PROCESSING/Exome/Exome_elongated_with_gene_features.gff, /data/work/I2BC/fadwa.elkhaddar/BIM/ORFMINE/ORFmine/orfmine/orfribo/Test/DATA_PROCESSING/RiboWaltz/SRR1562875/psite_offset.csv, /data/work/I2BC/fadwa.elkhaddar/BIM/ORFMINE/ORFmine/orfmine/orfribo/Test/DATA_PROCESSING/Bam2Reads_Exome/SRR1562875/SRR1562875_25/Exome_25_reads.tab, /data/work/I2BC/fadwa.elkhaddar/BIM/ORFMINE/ORFmine/orfmine/orfribo/Test/DATA_PROCESSING/Bam2Reads_Exome/SRR1562875/SRR1562875_26/Exome_26_reads.tab, /data/work/I2BC/fadwa.elkhaddar/BIM/ORFMINE/ORFmine/orfmine/orfribo/Test/DATA_PROCESSING/Bam2Reads_Exome/SRR1562875/SRR1562875_27/Exome_27_reads.tab, /data/work/I2BC/fadwa.elkhaddar/BIM/ORFMINE/ORFmine/orfmine/orfribo/Test/DATA_PROCESSING/Bam2Reads_Exome/SRR1562875/SRR1562875_28/Exome_28_reads.tab, /data/work/I2BC/fadwa.elkhaddar/BIM/ORFMINE/ORFmine/orfmine/orfribo/Test/DATA_PROCESSING/Bam2Reads_Exome/SRR1562875/SRR1562875_29/Exome_29_reads.tab, /data/work/I2BC/fadwa.elkhaddar/BIM/ORFMINE/ORFmine/orfmine/orfribo/Test/DATA_PROCESSING/Bam2Reads_Exome/SRR1562875/SRR1562875_30/Exome_30_reads.tab, /data/work/I2BC/fadwa.elkhaddar/BIM/ORFMINE/ORFmine/orfmine/orfribo/Test/DATA_PROCESSING/Bam2Reads_Exome/SRR1562875/SRR1562875_31/Exome_31_reads.tab, /data/work/I2BC/fadwa.elkhaddar/BIM/ORFMINE/ORFmine/orfmine/orfribo/Test/DATA_PROCESSING/Bam2Reads_Exome/SRR1562875/SRR1562875_32/Exome_32_reads.tab, /data/work/I2BC/fadwa.elkhaddar/BIM/ORFMINE/ORFmine/orfmine/orfribo/Test/DATA_PROCESSING/Bam2Reads_Exome/SRR1562875/SRR1562875_33/Exome_33_reads.tab, /data/work/I2BC/fadwa.elkhaddar/BIM/ORFMINE/ORFmine/orfmine/orfribo/Test/DATA_PROCESSING/Bam2Reads_Exome/SRR1562875/SRR1562875_34/Exome_34_reads.tab, /data/work/I2BC/fadwa.elkhaddar/BIM/ORFMINE/ORFmine/orfmine/orfribo/Test/DATA_PROCESSING/Bam2Reads_Exome/SRR1562875/SRR1562875_35/Exome_35_reads.tab, /data/work/I2BC/fadwa.elkhaddar/BIM/ORFMINE/ORFmine/orfmine/orfribo/Test/DATA_PROCESSING/Bam2Reads_Exome/SRR1562875/SRR1562875_25/Exome_25_reads.stats, /data/work/I2BC/fadwa.elkhaddar/BIM/ORFMINE/ORFmine/orfmine/orfribo/Test/DATA_PROCESSING/Bam2Reads_Exome/SRR1562875/SRR1562875_26/Exome_26_reads.stats, /data/work/I2BC/fadwa.elkhaddar/BIM/ORFMINE/ORFmine/orfmine/orfribo/Test/DATA_PROCESSING/Bam2Reads_Exome/SRR1562875/SRR1562875_27/Exome_27_reads.stats, /data/work/I2BC/fadwa.elkhaddar/BIM/ORFMINE/ORFmine/orfmine/orfribo/Test/DATA_PROCESSING/Bam2Reads_Exome/SRR1562875/SRR1562875_28/Exome_28_reads.stats, /data/work/I2BC/fadwa.elkhaddar/BIM/ORFMINE/ORFmine/orfmine/orfribo/Test/DATA_PROCESSING/Bam2Reads_Exome/SRR1562875/SRR1562875_29/Exome_29_reads.stats, /data/work/I2BC/fadwa.elkhaddar/BIM/ORFMINE/ORFmine/orfmine/orfribo/Test/DATA_PROCESSING/Bam2Reads_Exome/SRR1562875/SRR1562875_30/Exome_30_reads.stats, /data/work/I2BC/fadwa.elkhaddar/BIM/ORFMINE/ORFmine/orfmine/orfribo/Test/DATA_PROCESSING/Bam2Reads_Exome/SRR1562875/SRR1562875_31/Exome_31_reads.stats, /data/work/I2BC/fadwa.elkhaddar/BIM/ORFMINE/ORFmine/orfmine/orfribo/Test/DATA_PROCESSING/Bam2Reads_Exome/SRR1562875/SRR1562875_32/Exome_32_reads.stats, /data/work/I2BC/fadwa.elkhaddar/BIM/ORFMINE/ORFmine/orfmine/orfribo/Test/DATA_PROCESSING/Bam2Reads_Exome/SRR1562875/SRR1562875_33/Exome_33_reads.stats, /data/work/I2BC/fadwa.elkhaddar/BIM/ORFMINE/ORFmine/orfmine/orfribo/Test/DATA_PROCESSING/Bam2Reads_Exome/SRR1562875/SRR1562875_34/Exome_34_reads.stats, /data/work/I2BC/fadwa.elkhaddar/BIM/ORFMINE/ORFmine/orfmine/orfribo/Test/DATA_PROCESSING/Bam2Reads_Exome/SRR1562875/SRR1562875_35/Exome_35_reads.stats, /data/work/I2BC/fadwa.elkhaddar/BIM/ORFMINE/ORFmine/orfmine/orfribo/Test/DATA_PROCESSING/Selected_length/SRR1562875/Selected_length.txt, /data/work/I2BC/fadwa.elkhaddar/BIM/ORFMINE/ORFmine/orfmine/orfribo/Test/DATA_PROCESSING/Bam2Reads_ORFeome/SRR1562875/SRR1562875_25/ORFeome_25_reads.tab, /data/work/I2BC/fadwa.elkhaddar/BIM/ORFMINE/ORFmine/orfmine/orfribo/Test/DATA_PROCESSING/Bam2Reads_ORFeome/SRR1562875/SRR1562875_26/ORFeome_26_reads.tab, /data/work/I2BC/fadwa.elkhaddar/BIM/ORFMINE/ORFmine/orfmine/orfribo/Test/DATA_PROCESSING/Bam2Reads_ORFeome/SRR1562875/SRR1562875_27/ORFeome_27_reads.tab, /data/work/I2BC/fadwa.elkhaddar/BIM/ORFMINE/ORFmine/orfmine/orfribo/Test/DATA_PROCESSING/Bam2Reads_ORFeome/SRR1562875/SRR1562875_28/ORFeome_28_reads.tab, /data/work/I2BC/fadwa.elkhaddar/BIM/ORFMINE/ORFmine/orfmine/orfribo/Test/DATA_PROCESSING/Bam2Reads_ORFeome/SRR1562875/SRR1562875_29/ORFeome_29_reads.tab, /data/work/I2BC/fadwa.elkhaddar/BIM/ORFMINE/ORFmine/orfmine/orfribo/Test/DATA_PROCESSING/Bam2Reads_ORFeome/SRR1562875/SRR1562875_30/ORFeome_30_reads.tab, /data/work/I2BC/fadwa.elkhaddar/BIM/ORFMINE/ORFmine/orfmine/orfribo/Test/DATA_PROCESSING/Bam2Reads_ORFeome/SRR1562875/SRR1562875_31/ORFeome_31_reads.tab, /data/work/I2BC/fadwa.elkhaddar/BIM/ORFMINE/ORFmine/orfmine/orfribo/Test/DATA_PROCESSING/Bam2Reads_ORFeome/SRR1562875/SRR1562875_32/ORFeome_32_reads.tab, /data/work/I2BC/fadwa.elkhaddar/BIM/ORFMINE/ORFmine/orfmine/orfribo/Test/DATA_PROCESSING/Bam2Reads_ORFeome/SRR1562875/SRR1562875_33/ORFeome_33_reads.tab, /data/work/I2BC/fadwa.elkhaddar/BIM/ORFMINE/ORFmine/orfmine/orfribo/Test/DATA_PROCESSING/Bam2Reads_ORFeome/SRR1562875/SRR1562875_34/ORFeome_34_reads.tab, /data/work/I2BC/fadwa.elkhaddar/BIM/ORFMINE/ORFmine/orfmine/orfribo/Test/DATA_PROCESSING/Bam2Reads_ORFeome/SRR1562875/SRR1562875_35/ORFeome_35_reads.tab, /data/work/I2BC/fadwa.elkhaddar/BIM/ORFMINE/ORFmine/orfmine/orfribo/Test/RESULTS/ORFeome/all_samples_ORFeome.25-35.mean_median70_reads_concatenated.tab
    jobid: 0
    reason: Input files updated by another job: /data/work/I2BC/fadwa.elkhaddar/BIM/ORFMINE/ORFmine/orfmine/orfribo/Test/DATA_PROCESSING/Selected_length/SRR1562875/Selected_length.txt, /data/work/I2BC/fadwa.elkhaddar/BIM/ORFMINE/ORFmine/orfmine/orfribo/Test/DATA_PROCESSING/Trimming/Trimmed_fastq/SRR1562875/SRR1562875.cutadapt.25-35.fastq.gz, /data/work/I2BC/fadwa.elkhaddar/BIM/ORFMINE/ORFmine/orfmine/orfribo/Test/DATA_PROCESSING/Bam2Reads_Exome/SRR1562875/SRR1562875_33/Exome_33_reads.tab, /data/work/I2BC/fadwa.elkhaddar/BIM/ORFMINE/ORFmine/orfmine/orfribo/Test/DATA_PROCESSING/Mapping/Exome/Bowtie2/Results/SRR1562875/SRR1562875.sam, /data/work/I2BC/fadwa.elkhaddar/BIM/ORFMINE/ORFmine/orfmine/orfribo/Test/DATA_PROCESSING/Bam2Reads_ORFeome/SRR1562875/SRR1562875_25/ORFeome_25_reads.tab, /data/work/I2BC/fadwa.elkhaddar/BIM/ORFMINE/ORFmine/orfmine/orfribo/Test/DATA_PROCESSING/Bam2Reads_ORFeome/SRR1562875/SRR1562875_32/ORFeome_32_reads.tab, /data/work/I2BC/fadwa.elkhaddar/BIM/ORFMINE/ORFmine/orfmine/orfribo/Test/DATA_PROCESSING/Bam2Reads_Exome/SRR1562875/SRR1562875_35/Exome_35_reads.stats, /data/work/I2BC/fadwa.elkhaddar/BIM/ORFMINE/ORFmine/orfmine/orfribo/Test/RESULTS/ORFeome/all_samples_ORFeome.25-35.mean_median70_reads_concatenated.tab, /data/work/I2BC/fadwa.elkhaddar/BIM/ORFMINE/ORFmine/orfmine/orfribo/Test/DATA_PROCESSING/Bam2Reads_Exome/SRR1562875/SRR1562875_33/Exome_33_reads.stats, /data/work/I2BC/fadwa.elkhaddar/BIM/ORFMINE/ORFmine/orfmine/orfribo/Test/DATA_PROCESSING/Bam2Reads_Exome/SRR1562875/SRR1562875_34/Exome_34_reads.tab, /data/work/I2BC/fadwa.elkhaddar/BIM/ORFMINE/ORFmine/orfmine/orfribo/Test/DATA_PROCESSING/Bam2Reads_ORFeome/SRR1562875/SRR1562875_31/ORFeome_31_reads.tab, /data/work/I2BC/fadwa.elkhaddar/BIM/ORFMINE/ORFmine/orfmine/orfribo/Test/DATA_PROCESSING/Bam2Reads_Exome/SRR1562875/SRR1562875_35/Exome_35_reads.tab, /data/work/I2BC/fadwa.elkhaddar/BIM/ORFMINE/ORFmine/orfmine/orfribo/Test/DATA_PROCESSING/Bam2Reads_Exome/SRR1562875/SRR1562875_25/Exome_25_reads.stats, /data/work/I2BC/fadwa.elkhaddar/BIM/ORFMINE/ORFmine/orfmine/orfribo/Test/RESULTS/BAM/Exome/SRR1562875/SRR1562875.bam.bai, /data/work/I2BC/fadwa.elkhaddar/BIM/ORFMINE/ORFmine/orfmine/orfribo/Test/DATA_PROCESSING/Bam2Reads_Exome/SRR1562875/SRR1562875_31/Exome_31_reads.stats, /data/work/I2BC/fadwa.elkhaddar/BIM/ORFMINE/ORFmine/orfmine/orfribo/Test/DATA_PROCESSING/Edited_Gff/Named.CDS_Scer.gff, /data/work/I2BC/fadwa.elkhaddar/BIM/ORFMINE/ORFmine/orfmine/orfribo/Test/DATA_PROCESSING/Exome/Exome_elongated.nfasta, /data/work/I2BC/fadwa.elkhaddar/BIM/ORFMINE/ORFmine/orfmine/orfribo/Test/DATA_PROCESSING/Bam2Reads_ORFeome/SRR1562875/SRR1562875_26/ORFeome_26_reads.tab, /data/work/I2BC/fadwa.elkhaddar/BIM/ORFMINE/ORFmine/orfmine/orfribo/Test/DATA_PROCESSING/Bam2Reads_Exome/SRR1562875/SRR1562875_28/Exome_28_reads.tab, /data/work/I2BC/fadwa.elkhaddar/BIM/ORFMINE/ORFmine/orfmine/orfribo/Test/DATA_PROCESSING/Bam2Reads_ORFeome/SRR1562875/SRR1562875_33/ORFeome_33_reads.tab, /data/work/I2BC/fadwa.elkhaddar/BIM/ORFMINE/ORFmine/orfmine/orfribo/Test/DATA_PROCESSING/Quality_control/SRR1562875/SRR1562875_fastqc.html, /data/work/I2BC/fadwa.elkhaddar/BIM/ORFMINE/ORFmine/orfmine/orfribo/Test/DATA_PROCESSING/Bam2Reads_ORFeome/SRR1562875/SRR1562875_35/ORFeome_35_reads.tab, /data/work/I2BC/fadwa.elkhaddar/BIM/ORFMINE/ORFmine/orfmine/orfribo/Test/DATA_PROCESSING/Bam2Reads_ORFeome/SRR1562875/SRR1562875_30/ORFeome_30_reads.tab, /data/work/I2BC/fadwa.elkhaddar/BIM/ORFMINE/ORFmine/orfmine/orfribo/Test/DATA_PROCESSING/Bam2Reads_Exome/SRR1562875/SRR1562875_32/Exome_32_reads.tab, /data/work/I2BC/fadwa.elkhaddar/BIM/ORFMINE/ORFmine/orfmine/orfribo/Test/DATA_PROCESSING/Bam2Reads_ORFeome/SRR1562875/SRR1562875_28/ORFeome_28_reads.tab, /data/work/I2BC/fadwa.elkhaddar/BIM/ORFMINE/ORFmine/orfmine/orfribo/Test/DATA_PROCESSING/Bam2Reads_Exome/SRR1562875/SRR1562875_26/Exome_26_reads.tab, /data/work/I2BC/fadwa.elkhaddar/BIM/ORFMINE/ORFmine/orfmine/orfribo/Test/DATA_PROCESSING/Bam2Reads_Exome/SRR1562875/SRR1562875_34/Exome_34_reads.stats, /data/work/I2BC/fadwa.elkhaddar/BIM/ORFMINE/ORFmine/orfmine/orfribo/Test/DATA_PROCESSING/Bam2Reads_Exome/SRR1562875/SRR1562875_32/Exome_32_reads.stats, /data/work/I2BC/fadwa.elkhaddar/BIM/ORFMINE/ORFmine/orfmine/orfribo/Test/DATA_PROCESSING/Exome_Fastq/SRR1562875/SRR1562875_Unmapped.fastq.gz, /data/work/I2BC/fadwa.elkhaddar/BIM/ORFMINE/ORFmine/orfmine/orfribo/Test/DATA_PROCESSING/Exome/Exome_elongated_with_gene_features.gff, /data/work/I2BC/fadwa.elkhaddar/BIM/ORFMINE/ORFmine/orfmine/orfribo/Test/DATA_PROCESSING/Bam2Reads_Exome/SRR1562875/SRR1562875_27/Exome_27_reads.tab, /data/work/I2BC/fadwa.elkhaddar/BIM/ORFMINE/ORFmine/orfmine/orfribo/Test/DATA_PROCESSING/Bam2Reads_Exome/SRR1562875/SRR1562875_27/Exome_27_reads.stats, /data/work/I2BC/fadwa.elkhaddar/BIM/ORFMINE/ORFmine/orfmine/orfribo/Test/DATA_PROCESSING/Bam2Reads_Exome/SRR1562875/SRR1562875_25/Exome_25_reads.tab, /data/work/I2BC/fadwa.elkhaddar/BIM/ORFMINE/ORFmine/orfmine/orfribo/Test/DATA_PROCESSING/Bam2Reads_Exome/SRR1562875/SRR1562875_31/Exome_31_reads.tab, /data/work/I2BC/fadwa.elkhaddar/BIM/ORFMINE/ORFmine/orfmine/orfribo/Test/DATA_PROCESSING/Bam2Reads_ORFeome/SRR1562875/SRR1562875_27/ORFeome_27_reads.tab, /data/work/I2BC/fadwa.elkhaddar/BIM/ORFMINE/ORFmine/orfmine/orfribo/Test/DATA_PROCESSING/Bam2Reads_Exome/SRR1562875/SRR1562875_28/Exome_28_reads.stats, /data/work/I2BC/fadwa.elkhaddar/BIM/ORFMINE/ORFmine/orfmine/orfribo/Test/DATA_PROCESSING/Bam2Reads_ORFeome/SRR1562875/SRR1562875_29/ORFeome_29_reads.tab, /data/work/I2BC/fadwa.elkhaddar/BIM/ORFMINE/ORFmine/orfmine/orfribo/Test/RESULTS/BAM/Exome/SRR1562875/SRR1562875.bam, /data/work/I2BC/fadwa.elkhaddar/BIM/ORFMINE/ORFmine/orfmine/orfribo/Test/DATA_PROCESSING/Bam2Reads_Exome/SRR1562875/SRR1562875_30/Exome_30_reads.stats, /data/work/I2BC/fadwa.elkhaddar/BIM/ORFMINE/ORFmine/orfmine/orfribo/Test/DATA_PROCESSING/Mapping/ORFeome/Bowtie2/Results/SRR1562875/SRR1562875.sam, /data/work/I2BC/fadwa.elkhaddar/BIM/ORFMINE/ORFmine/orfmine/orfribo/Test/DATA_PROCESSING/Bam2Reads_ORFeome/SRR1562875/SRR1562875_34/ORFeome_34_reads.tab, /data/work/I2BC/fadwa.elkhaddar/BIM/ORFMINE/ORFmine/orfmine/orfribo/Test/DATA_PROCESSING/RiboWaltz/SRR1562875/psite_offset.csv, /data/work/I2BC/fadwa.elkhaddar/BIM/ORFMINE/ORFmine/orfmine/orfribo/Test/DATA_PROCESSING/Bam2Reads_Exome/SRR1562875/SRR1562875_26/Exome_26_reads.stats, /data/work/I2BC/fadwa.elkhaddar/BIM/ORFMINE/ORFmine/orfmine/orfribo/Test/DATA_PROCESSING/Bam2Reads_Exome/SRR1562875/SRR1562875_29/Exome_29_reads.tab, /data/work/I2BC/fadwa.elkhaddar/BIM/ORFMINE/ORFmine/orfmine/orfribo/Test/DATA_PROCESSING/Bam2Reads_Exome/SRR1562875/SRR1562875_30/Exome_30_reads.tab, /data/work/I2BC/fadwa.elkhaddar/BIM/ORFMINE/ORFmine/orfmine/orfribo/Test/DATA_PROCESSING/Exome/Exome_elongated.gff, /data/work/I2BC/fadwa.elkhaddar/BIM/ORFMINE/ORFmine/orfmine/orfribo/Test/DATA_PROCESSING/Bam2Reads_Exome/SRR1562875/SRR1562875_29/Exome_29_reads.stats
    resources: tmpdir=/var/tmp/pbs.980092.pbsserver

[Fri Apr 26 13:42:36 2024]
Finished job 0.
56 of 56 steps (100%) done
Complete log: .snakemake/log/2024-04-26T122716.956903.snakemake.log
