Config file /data/work/I2BC/fadwa.elkhaddar/BIM/ORFMINE/ORFmine/orfmine/orfribo/config.yaml is extended by additional config specified via the command line.
Building DAG of jobs...
Using shell: /usr/bin/bash
Provided cores: 8
Rules claiming more threads will be scaled down.
Provided resources: mem_mb=2000000
Job stats:
job                 count    min threads    max threads
----------------  -------  -------------  -------------
Bam2Reads_Exome        11              1              1
Bam2Reads_Orfium       11              1              1
ORFstats               11              1              1
all                     1              1              1
riboWaltz_Exome         1              1              1
total                  35              1              1

mkdir -p /data/work/I2BC/fadwa.elkhaddar/BIM/ORFMINE/ORFmine/orfmine/orfribo/Test/logs
echo 'RiboDoc version : 0.8.7' > /data/work/I2BC/fadwa.elkhaddar/BIM/ORFMINE/ORFmine/orfmine/orfribo/Test/SUPPLEMENTARY_DATA/Logs/RiboDoc_package_versions.txt
Select jobs to execute...

[Thu Apr 25 16:28:52 2024]
rule riboWaltz_Exome:
    input: /data/work/I2BC/fadwa.elkhaddar/BIM/ORFMINE/ORFmine/orfmine/orfribo/Test/DATA_PROCESSING/Exome/Exome_elongated.exons_Scer.gtf, /data/work/I2BC/fadwa.elkhaddar/BIM/ORFMINE/ORFmine/orfmine/orfribo/config_modif.yaml
    output: /data/work/I2BC/fadwa.elkhaddar/BIM/ORFMINE/ORFmine/orfmine/orfribo/Test/DATA_PROCESSING/RiboWaltz/SRR1562875/psite_offset.csv
    jobid: 16
    reason: Forced execution
    wildcards: sample=SRR1562875
    resources: tmpdir=/var/tmp/pbs.980092.pbsserver, mem_mb=2000

touch /data/work/I2BC/fadwa.elkhaddar/BIM/ORFMINE/ORFmine/orfmine/orfribo/Test/DATA_PROCESSING/RiboWaltz/SRR1562875/psite_offset.csv ; Rscript /data/work/I2BC/fadwa.elkhaddar/BIM/ORFMINE/ORFmine/orfmine/orfribo/Rscripts/periodicity_riboWaltz_exome.R /data/work/I2BC/fadwa.elkhaddar/BIM/ORFMINE/ORFmine/orfmine/orfribo/config_modif.yaml /data/work/I2BC/fadwa.elkhaddar/BIM/ORFMINE/ORFmine/orfmine/orfribo/Test/DATA_PROCESSING/Exome/Exome_elongated.exons_Scer.gtf /data/work/I2BC/fadwa.elkhaddar/BIM/ORFMINE/ORFmine/orfmine/orfribo/Test/RESULTS/BAM/Exome/SRR1562875 /data/work/I2BC/fadwa.elkhaddar/BIM/ORFMINE/ORFmine/orfmine/orfribo/Test/DATA_PROCESSING/RiboWaltz/SRR1562875  ; rm -f /data/work/I2BC/fadwa.elkhaddar/BIM/ORFMINE/ORFmine/orfmine/orfribo/Test/Rplots.pdf ; mkdir -p /data/work/I2BC/fadwa.elkhaddar/BIM/ORFMINE/ORFmine/orfmine/orfribo/Test/RESULTS/Psite  ; cp /data/work/I2BC/fadwa.elkhaddar/BIM/ORFMINE/ORFmine/orfmine/orfribo/Test/DATA_PROCESSING/RiboWaltz/SRR1562875/psite_offset.csv /data/work/I2BC/fadwa.elkhaddar/BIM/ORFMINE/ORFmine/orfmine/orfribo/Test/RESULTS/Psite 
[Thu Apr 25 16:30:13 2024]
Finished job 16.
1 of 35 steps (3%) done
Select jobs to execute...

[Thu Apr 25 16:30:13 2024]
rule Bam2Reads_Orfium:
    input: /data/work/I2BC/fadwa.elkhaddar/BIM/orfmine_tutorial/ORFmine/examples/database/mapping_orf_Scer.gff, /data/work/I2BC/fadwa.elkhaddar/BIM/ORFMINE/ORFmine/orfmine/orfribo/Test/RESULTS/BAM/Orfium/SRR1562875/SRR1562875.bam, /data/work/I2BC/fadwa.elkhaddar/BIM/ORFMINE/ORFmine/orfmine/orfribo/Test/RESULTS/BAM/Orfium/SRR1562875/SRR1562875.bam.bai, /data/work/I2BC/fadwa.elkhaddar/BIM/ORFMINE/ORFmine/orfmine/orfribo/Test/DATA_PROCESSING/RiboWaltz/SRR1562875/psite_offset.csv, /data/work/I2BC/fadwa.elkhaddar/BIM/ORFMINE/ORFmine/orfmine/orfribo/Test/DATA_PROCESSING/Selected_length/SRR1562875/Selected_length.txt
    output: /data/work/I2BC/fadwa.elkhaddar/BIM/ORFMINE/ORFmine/orfmine/orfribo/Test/DATA_PROCESSING/Bam2Reads_Orfium/SRR1562875/SRR1562875_31/Orfium_31_reads.tab
    log: /data/work/I2BC/fadwa.elkhaddar/BIM/ORFMINE/ORFmine/orfmine/orfribo/Test/SUPPLEMENTARY_DATA/Logs/Bam2Reads_Orfium/SRR1562875.31.bam2read.log, /data/work/I2BC/fadwa.elkhaddar/BIM/ORFMINE/ORFmine/orfmine/orfribo/Test/SUPPLEMENTARY_DATA/Logs/Bam2Reads_Orfium/SRR1562875.31.offset_grep.log
    jobid: 49
    benchmark: /data/work/I2BC/fadwa.elkhaddar/BIM/ORFMINE/ORFmine/orfmine/orfribo/Test/SUPPLEMENTARY_DATA/Benchmarks/Bam2Reads_Orfium/SRR1562875.31.bam2read.benchmark.txt
    reason: Missing output files: /data/work/I2BC/fadwa.elkhaddar/BIM/ORFMINE/ORFmine/orfmine/orfribo/Test/DATA_PROCESSING/Bam2Reads_Orfium/SRR1562875/SRR1562875_31/Orfium_31_reads.tab; Input files updated by another job: /data/work/I2BC/fadwa.elkhaddar/BIM/ORFMINE/ORFmine/orfmine/orfribo/Test/DATA_PROCESSING/RiboWaltz/SRR1562875/psite_offset.csv
    wildcards: sample=SRR1562875, length=31
    resources: tmpdir=/var/tmp/pbs.980092.pbsserver, mem_mb=2000


        lengths_list=$(cat /data/work/I2BC/fadwa.elkhaddar/BIM/ORFMINE/ORFmine/orfmine/orfribo/Test/DATA_PROCESSING/Selected_length/SRR1562875/Selected_length.txt)
        in_lengths_list=""

        for length in $lengths_list; do
            if [ "$length" == "31" ]; then
                offset=$(grep 'SRR1562875' /data/work/I2BC/fadwa.elkhaddar/BIM/ORFMINE/ORFmine/orfmine/orfribo/Test/DATA_PROCESSING/RiboWaltz/SRR1562875/psite_offset.csv 2> /data/work/I2BC/fadwa.elkhaddar/BIM/ORFMINE/ORFmine/orfmine/orfribo/Test/SUPPLEMENTARY_DATA/Logs/Bam2Reads_Orfium/SRR1562875.31.offset_grep.log | grep '^31' 2>> /data/work/I2BC/fadwa.elkhaddar/BIM/ORFMINE/ORFmine/orfmine/orfribo/Test/SUPPLEMENTARY_DATA/Logs/Bam2Reads_Orfium/SRR1562875.31.offset_grep.log | cut -f7 2>> /data/work/I2BC/fadwa.elkhaddar/BIM/ORFMINE/ORFmine/orfmine/orfribo/Test/SUPPLEMENTARY_DATA/Logs/Bam2Reads_Orfium/SRR1562875.31.offset_grep.log) 2>> /data/work/I2BC/fadwa.elkhaddar/BIM/ORFMINE/ORFmine/orfmine/orfribo/Test/SUPPLEMENTARY_DATA/Logs/Bam2Reads_Orfium/SRR1562875.31.offset_grep.log;
                python3 /data/work/I2BC/fadwa.elkhaddar/BIM/ORFMINE/ORFmine/orfmine/orfribo/scripts/BAM2Reads.py -shift ${offset} -kmer 31 -gff /data/work/I2BC/fadwa.elkhaddar/BIM/orfmine_tutorial/ORFmine/examples/database/mapping_orf_Scer.gff -bam /data/work/I2BC/fadwa.elkhaddar/BIM/ORFMINE/ORFmine/orfmine/orfribo/Test/RESULTS/BAM/Orfium/SRR1562875/SRR1562875.bam -outpath /data/work/I2BC/fadwa.elkhaddar/BIM/ORFMINE/ORFmine/orfmine/orfribo/Test/DATA_PROCESSING/Bam2Reads_Orfium/SRR1562875/SRR1562875_31 -outname Orfium_31 -features_include nc_intergenic 2> /data/work/I2BC/fadwa.elkhaddar/BIM/ORFMINE/ORFmine/orfmine/orfribo/Test/SUPPLEMENTARY_DATA/Logs/Bam2Reads_Orfium/SRR1562875.31.bam2read.log;
                in_lengths_list="True"
                break
            fi
        done

        if [ -z "$in_lengths_list" ]; then
            touch /data/work/I2BC/fadwa.elkhaddar/BIM/ORFMINE/ORFmine/orfmine/orfribo/Test/DATA_PROCESSING/Bam2Reads_Orfium/SRR1562875/SRR1562875_31/Orfium_31_reads.tab
        fi
        
Benchmark: unable to collect cpu and memory benchmark statistics
[Thu Apr 25 16:30:13 2024]
Finished job 49.
2 of 35 steps (6%) done
Select jobs to execute...

[Thu Apr 25 16:30:13 2024]
rule Bam2Reads_Orfium:
    input: /data/work/I2BC/fadwa.elkhaddar/BIM/orfmine_tutorial/ORFmine/examples/database/mapping_orf_Scer.gff, /data/work/I2BC/fadwa.elkhaddar/BIM/ORFMINE/ORFmine/orfmine/orfribo/Test/RESULTS/BAM/Orfium/SRR1562875/SRR1562875.bam, /data/work/I2BC/fadwa.elkhaddar/BIM/ORFMINE/ORFmine/orfmine/orfribo/Test/RESULTS/BAM/Orfium/SRR1562875/SRR1562875.bam.bai, /data/work/I2BC/fadwa.elkhaddar/BIM/ORFMINE/ORFmine/orfmine/orfribo/Test/DATA_PROCESSING/RiboWaltz/SRR1562875/psite_offset.csv, /data/work/I2BC/fadwa.elkhaddar/BIM/ORFMINE/ORFmine/orfmine/orfribo/Test/DATA_PROCESSING/Selected_length/SRR1562875/Selected_length.txt
    output: /data/work/I2BC/fadwa.elkhaddar/BIM/ORFMINE/ORFmine/orfmine/orfribo/Test/DATA_PROCESSING/Bam2Reads_Orfium/SRR1562875/SRR1562875_32/Orfium_32_reads.tab
    log: /data/work/I2BC/fadwa.elkhaddar/BIM/ORFMINE/ORFmine/orfmine/orfribo/Test/SUPPLEMENTARY_DATA/Logs/Bam2Reads_Orfium/SRR1562875.32.bam2read.log, /data/work/I2BC/fadwa.elkhaddar/BIM/ORFMINE/ORFmine/orfmine/orfribo/Test/SUPPLEMENTARY_DATA/Logs/Bam2Reads_Orfium/SRR1562875.32.offset_grep.log
    jobid: 50
    benchmark: /data/work/I2BC/fadwa.elkhaddar/BIM/ORFMINE/ORFmine/orfmine/orfribo/Test/SUPPLEMENTARY_DATA/Benchmarks/Bam2Reads_Orfium/SRR1562875.32.bam2read.benchmark.txt
    reason: Missing output files: /data/work/I2BC/fadwa.elkhaddar/BIM/ORFMINE/ORFmine/orfmine/orfribo/Test/DATA_PROCESSING/Bam2Reads_Orfium/SRR1562875/SRR1562875_32/Orfium_32_reads.tab; Input files updated by another job: /data/work/I2BC/fadwa.elkhaddar/BIM/ORFMINE/ORFmine/orfmine/orfribo/Test/DATA_PROCESSING/RiboWaltz/SRR1562875/psite_offset.csv
    wildcards: sample=SRR1562875, length=32
    resources: tmpdir=/var/tmp/pbs.980092.pbsserver, mem_mb=2000


        lengths_list=$(cat /data/work/I2BC/fadwa.elkhaddar/BIM/ORFMINE/ORFmine/orfmine/orfribo/Test/DATA_PROCESSING/Selected_length/SRR1562875/Selected_length.txt)
        in_lengths_list=""

        for length in $lengths_list; do
            if [ "$length" == "32" ]; then
                offset=$(grep 'SRR1562875' /data/work/I2BC/fadwa.elkhaddar/BIM/ORFMINE/ORFmine/orfmine/orfribo/Test/DATA_PROCESSING/RiboWaltz/SRR1562875/psite_offset.csv 2> /data/work/I2BC/fadwa.elkhaddar/BIM/ORFMINE/ORFmine/orfmine/orfribo/Test/SUPPLEMENTARY_DATA/Logs/Bam2Reads_Orfium/SRR1562875.32.offset_grep.log | grep '^32' 2>> /data/work/I2BC/fadwa.elkhaddar/BIM/ORFMINE/ORFmine/orfmine/orfribo/Test/SUPPLEMENTARY_DATA/Logs/Bam2Reads_Orfium/SRR1562875.32.offset_grep.log | cut -f7 2>> /data/work/I2BC/fadwa.elkhaddar/BIM/ORFMINE/ORFmine/orfmine/orfribo/Test/SUPPLEMENTARY_DATA/Logs/Bam2Reads_Orfium/SRR1562875.32.offset_grep.log) 2>> /data/work/I2BC/fadwa.elkhaddar/BIM/ORFMINE/ORFmine/orfmine/orfribo/Test/SUPPLEMENTARY_DATA/Logs/Bam2Reads_Orfium/SRR1562875.32.offset_grep.log;
                python3 /data/work/I2BC/fadwa.elkhaddar/BIM/ORFMINE/ORFmine/orfmine/orfribo/scripts/BAM2Reads.py -shift ${offset} -kmer 32 -gff /data/work/I2BC/fadwa.elkhaddar/BIM/orfmine_tutorial/ORFmine/examples/database/mapping_orf_Scer.gff -bam /data/work/I2BC/fadwa.elkhaddar/BIM/ORFMINE/ORFmine/orfmine/orfribo/Test/RESULTS/BAM/Orfium/SRR1562875/SRR1562875.bam -outpath /data/work/I2BC/fadwa.elkhaddar/BIM/ORFMINE/ORFmine/orfmine/orfribo/Test/DATA_PROCESSING/Bam2Reads_Orfium/SRR1562875/SRR1562875_32 -outname Orfium_32 -features_include nc_intergenic 2> /data/work/I2BC/fadwa.elkhaddar/BIM/ORFMINE/ORFmine/orfmine/orfribo/Test/SUPPLEMENTARY_DATA/Logs/Bam2Reads_Orfium/SRR1562875.32.bam2read.log;
                in_lengths_list="True"
                break
            fi
        done

        if [ -z "$in_lengths_list" ]; then
            touch /data/work/I2BC/fadwa.elkhaddar/BIM/ORFMINE/ORFmine/orfmine/orfribo/Test/DATA_PROCESSING/Bam2Reads_Orfium/SRR1562875/SRR1562875_32/Orfium_32_reads.tab
        fi
        
[Thu Apr 25 16:30:13 2024]
Finished job 50.
3 of 35 steps (9%) done
Select jobs to execute...

[Thu Apr 25 16:30:13 2024]
rule Bam2Reads_Orfium:
    input: /data/work/I2BC/fadwa.elkhaddar/BIM/orfmine_tutorial/ORFmine/examples/database/mapping_orf_Scer.gff, /data/work/I2BC/fadwa.elkhaddar/BIM/ORFMINE/ORFmine/orfmine/orfribo/Test/RESULTS/BAM/Orfium/SRR1562875/SRR1562875.bam, /data/work/I2BC/fadwa.elkhaddar/BIM/ORFMINE/ORFmine/orfmine/orfribo/Test/RESULTS/BAM/Orfium/SRR1562875/SRR1562875.bam.bai, /data/work/I2BC/fadwa.elkhaddar/BIM/ORFMINE/ORFmine/orfmine/orfribo/Test/DATA_PROCESSING/RiboWaltz/SRR1562875/psite_offset.csv, /data/work/I2BC/fadwa.elkhaddar/BIM/ORFMINE/ORFmine/orfmine/orfribo/Test/DATA_PROCESSING/Selected_length/SRR1562875/Selected_length.txt
    output: /data/work/I2BC/fadwa.elkhaddar/BIM/ORFMINE/ORFmine/orfmine/orfribo/Test/DATA_PROCESSING/Bam2Reads_Orfium/SRR1562875/SRR1562875_28/Orfium_28_reads.tab
    log: /data/work/I2BC/fadwa.elkhaddar/BIM/ORFMINE/ORFmine/orfmine/orfribo/Test/SUPPLEMENTARY_DATA/Logs/Bam2Reads_Orfium/SRR1562875.28.bam2read.log, /data/work/I2BC/fadwa.elkhaddar/BIM/ORFMINE/ORFmine/orfmine/orfribo/Test/SUPPLEMENTARY_DATA/Logs/Bam2Reads_Orfium/SRR1562875.28.offset_grep.log
    jobid: 46
    benchmark: /data/work/I2BC/fadwa.elkhaddar/BIM/ORFMINE/ORFmine/orfmine/orfribo/Test/SUPPLEMENTARY_DATA/Benchmarks/Bam2Reads_Orfium/SRR1562875.28.bam2read.benchmark.txt
    reason: Missing output files: /data/work/I2BC/fadwa.elkhaddar/BIM/ORFMINE/ORFmine/orfmine/orfribo/Test/DATA_PROCESSING/Bam2Reads_Orfium/SRR1562875/SRR1562875_28/Orfium_28_reads.tab; Input files updated by another job: /data/work/I2BC/fadwa.elkhaddar/BIM/ORFMINE/ORFmine/orfmine/orfribo/Test/DATA_PROCESSING/RiboWaltz/SRR1562875/psite_offset.csv
    wildcards: sample=SRR1562875, length=28
    resources: tmpdir=/var/tmp/pbs.980092.pbsserver, mem_mb=2000


        lengths_list=$(cat /data/work/I2BC/fadwa.elkhaddar/BIM/ORFMINE/ORFmine/orfmine/orfribo/Test/DATA_PROCESSING/Selected_length/SRR1562875/Selected_length.txt)
        in_lengths_list=""

        for length in $lengths_list; do
            if [ "$length" == "28" ]; then
                offset=$(grep 'SRR1562875' /data/work/I2BC/fadwa.elkhaddar/BIM/ORFMINE/ORFmine/orfmine/orfribo/Test/DATA_PROCESSING/RiboWaltz/SRR1562875/psite_offset.csv 2> /data/work/I2BC/fadwa.elkhaddar/BIM/ORFMINE/ORFmine/orfmine/orfribo/Test/SUPPLEMENTARY_DATA/Logs/Bam2Reads_Orfium/SRR1562875.28.offset_grep.log | grep '^28' 2>> /data/work/I2BC/fadwa.elkhaddar/BIM/ORFMINE/ORFmine/orfmine/orfribo/Test/SUPPLEMENTARY_DATA/Logs/Bam2Reads_Orfium/SRR1562875.28.offset_grep.log | cut -f7 2>> /data/work/I2BC/fadwa.elkhaddar/BIM/ORFMINE/ORFmine/orfmine/orfribo/Test/SUPPLEMENTARY_DATA/Logs/Bam2Reads_Orfium/SRR1562875.28.offset_grep.log) 2>> /data/work/I2BC/fadwa.elkhaddar/BIM/ORFMINE/ORFmine/orfmine/orfribo/Test/SUPPLEMENTARY_DATA/Logs/Bam2Reads_Orfium/SRR1562875.28.offset_grep.log;
                python3 /data/work/I2BC/fadwa.elkhaddar/BIM/ORFMINE/ORFmine/orfmine/orfribo/scripts/BAM2Reads.py -shift ${offset} -kmer 28 -gff /data/work/I2BC/fadwa.elkhaddar/BIM/orfmine_tutorial/ORFmine/examples/database/mapping_orf_Scer.gff -bam /data/work/I2BC/fadwa.elkhaddar/BIM/ORFMINE/ORFmine/orfmine/orfribo/Test/RESULTS/BAM/Orfium/SRR1562875/SRR1562875.bam -outpath /data/work/I2BC/fadwa.elkhaddar/BIM/ORFMINE/ORFmine/orfmine/orfribo/Test/DATA_PROCESSING/Bam2Reads_Orfium/SRR1562875/SRR1562875_28 -outname Orfium_28 -features_include nc_intergenic 2> /data/work/I2BC/fadwa.elkhaddar/BIM/ORFMINE/ORFmine/orfmine/orfribo/Test/SUPPLEMENTARY_DATA/Logs/Bam2Reads_Orfium/SRR1562875.28.bam2read.log;
                in_lengths_list="True"
                break
            fi
        done

        if [ -z "$in_lengths_list" ]; then
            touch /data/work/I2BC/fadwa.elkhaddar/BIM/ORFMINE/ORFmine/orfmine/orfribo/Test/DATA_PROCESSING/Bam2Reads_Orfium/SRR1562875/SRR1562875_28/Orfium_28_reads.tab
        fi
        
[Thu Apr 25 17:00:28 2024]
Finished job 46.
4 of 35 steps (11%) done
Select jobs to execute...

[Thu Apr 25 17:00:28 2024]
rule Bam2Reads_Orfium:
    input: /data/work/I2BC/fadwa.elkhaddar/BIM/orfmine_tutorial/ORFmine/examples/database/mapping_orf_Scer.gff, /data/work/I2BC/fadwa.elkhaddar/BIM/ORFMINE/ORFmine/orfmine/orfribo/Test/RESULTS/BAM/Orfium/SRR1562875/SRR1562875.bam, /data/work/I2BC/fadwa.elkhaddar/BIM/ORFMINE/ORFmine/orfmine/orfribo/Test/RESULTS/BAM/Orfium/SRR1562875/SRR1562875.bam.bai, /data/work/I2BC/fadwa.elkhaddar/BIM/ORFMINE/ORFmine/orfmine/orfribo/Test/DATA_PROCESSING/RiboWaltz/SRR1562875/psite_offset.csv, /data/work/I2BC/fadwa.elkhaddar/BIM/ORFMINE/ORFmine/orfmine/orfribo/Test/DATA_PROCESSING/Selected_length/SRR1562875/Selected_length.txt
    output: /data/work/I2BC/fadwa.elkhaddar/BIM/ORFMINE/ORFmine/orfmine/orfribo/Test/DATA_PROCESSING/Bam2Reads_Orfium/SRR1562875/SRR1562875_35/Orfium_35_reads.tab
    log: /data/work/I2BC/fadwa.elkhaddar/BIM/ORFMINE/ORFmine/orfmine/orfribo/Test/SUPPLEMENTARY_DATA/Logs/Bam2Reads_Orfium/SRR1562875.35.bam2read.log, /data/work/I2BC/fadwa.elkhaddar/BIM/ORFMINE/ORFmine/orfmine/orfribo/Test/SUPPLEMENTARY_DATA/Logs/Bam2Reads_Orfium/SRR1562875.35.offset_grep.log
    jobid: 53
    benchmark: /data/work/I2BC/fadwa.elkhaddar/BIM/ORFMINE/ORFmine/orfmine/orfribo/Test/SUPPLEMENTARY_DATA/Benchmarks/Bam2Reads_Orfium/SRR1562875.35.bam2read.benchmark.txt
    reason: Missing output files: /data/work/I2BC/fadwa.elkhaddar/BIM/ORFMINE/ORFmine/orfmine/orfribo/Test/DATA_PROCESSING/Bam2Reads_Orfium/SRR1562875/SRR1562875_35/Orfium_35_reads.tab; Input files updated by another job: /data/work/I2BC/fadwa.elkhaddar/BIM/ORFMINE/ORFmine/orfmine/orfribo/Test/DATA_PROCESSING/RiboWaltz/SRR1562875/psite_offset.csv
    wildcards: sample=SRR1562875, length=35
    resources: tmpdir=/var/tmp/pbs.980092.pbsserver, mem_mb=2000


        lengths_list=$(cat /data/work/I2BC/fadwa.elkhaddar/BIM/ORFMINE/ORFmine/orfmine/orfribo/Test/DATA_PROCESSING/Selected_length/SRR1562875/Selected_length.txt)
        in_lengths_list=""

        for length in $lengths_list; do
            if [ "$length" == "35" ]; then
                offset=$(grep 'SRR1562875' /data/work/I2BC/fadwa.elkhaddar/BIM/ORFMINE/ORFmine/orfmine/orfribo/Test/DATA_PROCESSING/RiboWaltz/SRR1562875/psite_offset.csv 2> /data/work/I2BC/fadwa.elkhaddar/BIM/ORFMINE/ORFmine/orfmine/orfribo/Test/SUPPLEMENTARY_DATA/Logs/Bam2Reads_Orfium/SRR1562875.35.offset_grep.log | grep '^35' 2>> /data/work/I2BC/fadwa.elkhaddar/BIM/ORFMINE/ORFmine/orfmine/orfribo/Test/SUPPLEMENTARY_DATA/Logs/Bam2Reads_Orfium/SRR1562875.35.offset_grep.log | cut -f7 2>> /data/work/I2BC/fadwa.elkhaddar/BIM/ORFMINE/ORFmine/orfmine/orfribo/Test/SUPPLEMENTARY_DATA/Logs/Bam2Reads_Orfium/SRR1562875.35.offset_grep.log) 2>> /data/work/I2BC/fadwa.elkhaddar/BIM/ORFMINE/ORFmine/orfmine/orfribo/Test/SUPPLEMENTARY_DATA/Logs/Bam2Reads_Orfium/SRR1562875.35.offset_grep.log;
                python3 /data/work/I2BC/fadwa.elkhaddar/BIM/ORFMINE/ORFmine/orfmine/orfribo/scripts/BAM2Reads.py -shift ${offset} -kmer 35 -gff /data/work/I2BC/fadwa.elkhaddar/BIM/orfmine_tutorial/ORFmine/examples/database/mapping_orf_Scer.gff -bam /data/work/I2BC/fadwa.elkhaddar/BIM/ORFMINE/ORFmine/orfmine/orfribo/Test/RESULTS/BAM/Orfium/SRR1562875/SRR1562875.bam -outpath /data/work/I2BC/fadwa.elkhaddar/BIM/ORFMINE/ORFmine/orfmine/orfribo/Test/DATA_PROCESSING/Bam2Reads_Orfium/SRR1562875/SRR1562875_35 -outname Orfium_35 -features_include nc_intergenic 2> /data/work/I2BC/fadwa.elkhaddar/BIM/ORFMINE/ORFmine/orfmine/orfribo/Test/SUPPLEMENTARY_DATA/Logs/Bam2Reads_Orfium/SRR1562875.35.bam2read.log;
                in_lengths_list="True"
                break
            fi
        done

        if [ -z "$in_lengths_list" ]; then
            touch /data/work/I2BC/fadwa.elkhaddar/BIM/ORFMINE/ORFmine/orfmine/orfribo/Test/DATA_PROCESSING/Bam2Reads_Orfium/SRR1562875/SRR1562875_35/Orfium_35_reads.tab
        fi
        
[Thu Apr 25 17:00:28 2024]
Finished job 53.
5 of 35 steps (14%) done
Select jobs to execute...

[Thu Apr 25 17:00:28 2024]
rule Bam2Reads_Orfium:
    input: /data/work/I2BC/fadwa.elkhaddar/BIM/orfmine_tutorial/ORFmine/examples/database/mapping_orf_Scer.gff, /data/work/I2BC/fadwa.elkhaddar/BIM/ORFMINE/ORFmine/orfmine/orfribo/Test/RESULTS/BAM/Orfium/SRR1562875/SRR1562875.bam, /data/work/I2BC/fadwa.elkhaddar/BIM/ORFMINE/ORFmine/orfmine/orfribo/Test/RESULTS/BAM/Orfium/SRR1562875/SRR1562875.bam.bai, /data/work/I2BC/fadwa.elkhaddar/BIM/ORFMINE/ORFmine/orfmine/orfribo/Test/DATA_PROCESSING/RiboWaltz/SRR1562875/psite_offset.csv, /data/work/I2BC/fadwa.elkhaddar/BIM/ORFMINE/ORFmine/orfmine/orfribo/Test/DATA_PROCESSING/Selected_length/SRR1562875/Selected_length.txt
    output: /data/work/I2BC/fadwa.elkhaddar/BIM/ORFMINE/ORFmine/orfmine/orfribo/Test/DATA_PROCESSING/Bam2Reads_Orfium/SRR1562875/SRR1562875_30/Orfium_30_reads.tab
    log: /data/work/I2BC/fadwa.elkhaddar/BIM/ORFMINE/ORFmine/orfmine/orfribo/Test/SUPPLEMENTARY_DATA/Logs/Bam2Reads_Orfium/SRR1562875.30.bam2read.log, /data/work/I2BC/fadwa.elkhaddar/BIM/ORFMINE/ORFmine/orfmine/orfribo/Test/SUPPLEMENTARY_DATA/Logs/Bam2Reads_Orfium/SRR1562875.30.offset_grep.log
    jobid: 48
    benchmark: /data/work/I2BC/fadwa.elkhaddar/BIM/ORFMINE/ORFmine/orfmine/orfribo/Test/SUPPLEMENTARY_DATA/Benchmarks/Bam2Reads_Orfium/SRR1562875.30.bam2read.benchmark.txt
    reason: Missing output files: /data/work/I2BC/fadwa.elkhaddar/BIM/ORFMINE/ORFmine/orfmine/orfribo/Test/DATA_PROCESSING/Bam2Reads_Orfium/SRR1562875/SRR1562875_30/Orfium_30_reads.tab; Input files updated by another job: /data/work/I2BC/fadwa.elkhaddar/BIM/ORFMINE/ORFmine/orfmine/orfribo/Test/DATA_PROCESSING/RiboWaltz/SRR1562875/psite_offset.csv
    wildcards: sample=SRR1562875, length=30
    resources: tmpdir=/var/tmp/pbs.980092.pbsserver, mem_mb=2000


        lengths_list=$(cat /data/work/I2BC/fadwa.elkhaddar/BIM/ORFMINE/ORFmine/orfmine/orfribo/Test/DATA_PROCESSING/Selected_length/SRR1562875/Selected_length.txt)
        in_lengths_list=""

        for length in $lengths_list; do
            if [ "$length" == "30" ]; then
                offset=$(grep 'SRR1562875' /data/work/I2BC/fadwa.elkhaddar/BIM/ORFMINE/ORFmine/orfmine/orfribo/Test/DATA_PROCESSING/RiboWaltz/SRR1562875/psite_offset.csv 2> /data/work/I2BC/fadwa.elkhaddar/BIM/ORFMINE/ORFmine/orfmine/orfribo/Test/SUPPLEMENTARY_DATA/Logs/Bam2Reads_Orfium/SRR1562875.30.offset_grep.log | grep '^30' 2>> /data/work/I2BC/fadwa.elkhaddar/BIM/ORFMINE/ORFmine/orfmine/orfribo/Test/SUPPLEMENTARY_DATA/Logs/Bam2Reads_Orfium/SRR1562875.30.offset_grep.log | cut -f7 2>> /data/work/I2BC/fadwa.elkhaddar/BIM/ORFMINE/ORFmine/orfmine/orfribo/Test/SUPPLEMENTARY_DATA/Logs/Bam2Reads_Orfium/SRR1562875.30.offset_grep.log) 2>> /data/work/I2BC/fadwa.elkhaddar/BIM/ORFMINE/ORFmine/orfmine/orfribo/Test/SUPPLEMENTARY_DATA/Logs/Bam2Reads_Orfium/SRR1562875.30.offset_grep.log;
                python3 /data/work/I2BC/fadwa.elkhaddar/BIM/ORFMINE/ORFmine/orfmine/orfribo/scripts/BAM2Reads.py -shift ${offset} -kmer 30 -gff /data/work/I2BC/fadwa.elkhaddar/BIM/orfmine_tutorial/ORFmine/examples/database/mapping_orf_Scer.gff -bam /data/work/I2BC/fadwa.elkhaddar/BIM/ORFMINE/ORFmine/orfmine/orfribo/Test/RESULTS/BAM/Orfium/SRR1562875/SRR1562875.bam -outpath /data/work/I2BC/fadwa.elkhaddar/BIM/ORFMINE/ORFmine/orfmine/orfribo/Test/DATA_PROCESSING/Bam2Reads_Orfium/SRR1562875/SRR1562875_30 -outname Orfium_30 -features_include nc_intergenic 2> /data/work/I2BC/fadwa.elkhaddar/BIM/ORFMINE/ORFmine/orfmine/orfribo/Test/SUPPLEMENTARY_DATA/Logs/Bam2Reads_Orfium/SRR1562875.30.bam2read.log;
                in_lengths_list="True"
                break
            fi
        done

        if [ -z "$in_lengths_list" ]; then
            touch /data/work/I2BC/fadwa.elkhaddar/BIM/ORFMINE/ORFmine/orfmine/orfribo/Test/DATA_PROCESSING/Bam2Reads_Orfium/SRR1562875/SRR1562875_30/Orfium_30_reads.tab
        fi
        
[Thu Apr 25 17:00:29 2024]
Finished job 48.
6 of 35 steps (17%) done
Select jobs to execute...

[Thu Apr 25 17:00:29 2024]
rule Bam2Reads_Orfium:
    input: /data/work/I2BC/fadwa.elkhaddar/BIM/orfmine_tutorial/ORFmine/examples/database/mapping_orf_Scer.gff, /data/work/I2BC/fadwa.elkhaddar/BIM/ORFMINE/ORFmine/orfmine/orfribo/Test/RESULTS/BAM/Orfium/SRR1562875/SRR1562875.bam, /data/work/I2BC/fadwa.elkhaddar/BIM/ORFMINE/ORFmine/orfmine/orfribo/Test/RESULTS/BAM/Orfium/SRR1562875/SRR1562875.bam.bai, /data/work/I2BC/fadwa.elkhaddar/BIM/ORFMINE/ORFmine/orfmine/orfribo/Test/DATA_PROCESSING/RiboWaltz/SRR1562875/psite_offset.csv, /data/work/I2BC/fadwa.elkhaddar/BIM/ORFMINE/ORFmine/orfmine/orfribo/Test/DATA_PROCESSING/Selected_length/SRR1562875/Selected_length.txt
    output: /data/work/I2BC/fadwa.elkhaddar/BIM/ORFMINE/ORFmine/orfmine/orfribo/Test/DATA_PROCESSING/Bam2Reads_Orfium/SRR1562875/SRR1562875_29/Orfium_29_reads.tab
    log: /data/work/I2BC/fadwa.elkhaddar/BIM/ORFMINE/ORFmine/orfmine/orfribo/Test/SUPPLEMENTARY_DATA/Logs/Bam2Reads_Orfium/SRR1562875.29.bam2read.log, /data/work/I2BC/fadwa.elkhaddar/BIM/ORFMINE/ORFmine/orfmine/orfribo/Test/SUPPLEMENTARY_DATA/Logs/Bam2Reads_Orfium/SRR1562875.29.offset_grep.log
    jobid: 47
    benchmark: /data/work/I2BC/fadwa.elkhaddar/BIM/ORFMINE/ORFmine/orfmine/orfribo/Test/SUPPLEMENTARY_DATA/Benchmarks/Bam2Reads_Orfium/SRR1562875.29.bam2read.benchmark.txt
    reason: Missing output files: /data/work/I2BC/fadwa.elkhaddar/BIM/ORFMINE/ORFmine/orfmine/orfribo/Test/DATA_PROCESSING/Bam2Reads_Orfium/SRR1562875/SRR1562875_29/Orfium_29_reads.tab; Input files updated by another job: /data/work/I2BC/fadwa.elkhaddar/BIM/ORFMINE/ORFmine/orfmine/orfribo/Test/DATA_PROCESSING/RiboWaltz/SRR1562875/psite_offset.csv
    wildcards: sample=SRR1562875, length=29
    resources: tmpdir=/var/tmp/pbs.980092.pbsserver, mem_mb=2000


        lengths_list=$(cat /data/work/I2BC/fadwa.elkhaddar/BIM/ORFMINE/ORFmine/orfmine/orfribo/Test/DATA_PROCESSING/Selected_length/SRR1562875/Selected_length.txt)
        in_lengths_list=""

        for length in $lengths_list; do
            if [ "$length" == "29" ]; then
                offset=$(grep 'SRR1562875' /data/work/I2BC/fadwa.elkhaddar/BIM/ORFMINE/ORFmine/orfmine/orfribo/Test/DATA_PROCESSING/RiboWaltz/SRR1562875/psite_offset.csv 2> /data/work/I2BC/fadwa.elkhaddar/BIM/ORFMINE/ORFmine/orfmine/orfribo/Test/SUPPLEMENTARY_DATA/Logs/Bam2Reads_Orfium/SRR1562875.29.offset_grep.log | grep '^29' 2>> /data/work/I2BC/fadwa.elkhaddar/BIM/ORFMINE/ORFmine/orfmine/orfribo/Test/SUPPLEMENTARY_DATA/Logs/Bam2Reads_Orfium/SRR1562875.29.offset_grep.log | cut -f7 2>> /data/work/I2BC/fadwa.elkhaddar/BIM/ORFMINE/ORFmine/orfmine/orfribo/Test/SUPPLEMENTARY_DATA/Logs/Bam2Reads_Orfium/SRR1562875.29.offset_grep.log) 2>> /data/work/I2BC/fadwa.elkhaddar/BIM/ORFMINE/ORFmine/orfmine/orfribo/Test/SUPPLEMENTARY_DATA/Logs/Bam2Reads_Orfium/SRR1562875.29.offset_grep.log;
                python3 /data/work/I2BC/fadwa.elkhaddar/BIM/ORFMINE/ORFmine/orfmine/orfribo/scripts/BAM2Reads.py -shift ${offset} -kmer 29 -gff /data/work/I2BC/fadwa.elkhaddar/BIM/orfmine_tutorial/ORFmine/examples/database/mapping_orf_Scer.gff -bam /data/work/I2BC/fadwa.elkhaddar/BIM/ORFMINE/ORFmine/orfmine/orfribo/Test/RESULTS/BAM/Orfium/SRR1562875/SRR1562875.bam -outpath /data/work/I2BC/fadwa.elkhaddar/BIM/ORFMINE/ORFmine/orfmine/orfribo/Test/DATA_PROCESSING/Bam2Reads_Orfium/SRR1562875/SRR1562875_29 -outname Orfium_29 -features_include nc_intergenic 2> /data/work/I2BC/fadwa.elkhaddar/BIM/ORFMINE/ORFmine/orfmine/orfribo/Test/SUPPLEMENTARY_DATA/Logs/Bam2Reads_Orfium/SRR1562875.29.bam2read.log;
                in_lengths_list="True"
                break
            fi
        done

        if [ -z "$in_lengths_list" ]; then
            touch /data/work/I2BC/fadwa.elkhaddar/BIM/ORFMINE/ORFmine/orfmine/orfribo/Test/DATA_PROCESSING/Bam2Reads_Orfium/SRR1562875/SRR1562875_29/Orfium_29_reads.tab
        fi
        
[Thu Apr 25 17:00:29 2024]
Finished job 47.
7 of 35 steps (20%) done
Select jobs to execute...

[Thu Apr 25 17:00:29 2024]
rule Bam2Reads_Orfium:
    input: /data/work/I2BC/fadwa.elkhaddar/BIM/orfmine_tutorial/ORFmine/examples/database/mapping_orf_Scer.gff, /data/work/I2BC/fadwa.elkhaddar/BIM/ORFMINE/ORFmine/orfmine/orfribo/Test/RESULTS/BAM/Orfium/SRR1562875/SRR1562875.bam, /data/work/I2BC/fadwa.elkhaddar/BIM/ORFMINE/ORFmine/orfmine/orfribo/Test/RESULTS/BAM/Orfium/SRR1562875/SRR1562875.bam.bai, /data/work/I2BC/fadwa.elkhaddar/BIM/ORFMINE/ORFmine/orfmine/orfribo/Test/DATA_PROCESSING/RiboWaltz/SRR1562875/psite_offset.csv, /data/work/I2BC/fadwa.elkhaddar/BIM/ORFMINE/ORFmine/orfmine/orfribo/Test/DATA_PROCESSING/Selected_length/SRR1562875/Selected_length.txt
    output: /data/work/I2BC/fadwa.elkhaddar/BIM/ORFMINE/ORFmine/orfmine/orfribo/Test/DATA_PROCESSING/Bam2Reads_Orfium/SRR1562875/SRR1562875_34/Orfium_34_reads.tab
    log: /data/work/I2BC/fadwa.elkhaddar/BIM/ORFMINE/ORFmine/orfmine/orfribo/Test/SUPPLEMENTARY_DATA/Logs/Bam2Reads_Orfium/SRR1562875.34.bam2read.log, /data/work/I2BC/fadwa.elkhaddar/BIM/ORFMINE/ORFmine/orfmine/orfribo/Test/SUPPLEMENTARY_DATA/Logs/Bam2Reads_Orfium/SRR1562875.34.offset_grep.log
    jobid: 52
    benchmark: /data/work/I2BC/fadwa.elkhaddar/BIM/ORFMINE/ORFmine/orfmine/orfribo/Test/SUPPLEMENTARY_DATA/Benchmarks/Bam2Reads_Orfium/SRR1562875.34.bam2read.benchmark.txt
    reason: Missing output files: /data/work/I2BC/fadwa.elkhaddar/BIM/ORFMINE/ORFmine/orfmine/orfribo/Test/DATA_PROCESSING/Bam2Reads_Orfium/SRR1562875/SRR1562875_34/Orfium_34_reads.tab; Input files updated by another job: /data/work/I2BC/fadwa.elkhaddar/BIM/ORFMINE/ORFmine/orfmine/orfribo/Test/DATA_PROCESSING/RiboWaltz/SRR1562875/psite_offset.csv
    wildcards: sample=SRR1562875, length=34
    resources: tmpdir=/var/tmp/pbs.980092.pbsserver, mem_mb=2000


        lengths_list=$(cat /data/work/I2BC/fadwa.elkhaddar/BIM/ORFMINE/ORFmine/orfmine/orfribo/Test/DATA_PROCESSING/Selected_length/SRR1562875/Selected_length.txt)
        in_lengths_list=""

        for length in $lengths_list; do
            if [ "$length" == "34" ]; then
                offset=$(grep 'SRR1562875' /data/work/I2BC/fadwa.elkhaddar/BIM/ORFMINE/ORFmine/orfmine/orfribo/Test/DATA_PROCESSING/RiboWaltz/SRR1562875/psite_offset.csv 2> /data/work/I2BC/fadwa.elkhaddar/BIM/ORFMINE/ORFmine/orfmine/orfribo/Test/SUPPLEMENTARY_DATA/Logs/Bam2Reads_Orfium/SRR1562875.34.offset_grep.log | grep '^34' 2>> /data/work/I2BC/fadwa.elkhaddar/BIM/ORFMINE/ORFmine/orfmine/orfribo/Test/SUPPLEMENTARY_DATA/Logs/Bam2Reads_Orfium/SRR1562875.34.offset_grep.log | cut -f7 2>> /data/work/I2BC/fadwa.elkhaddar/BIM/ORFMINE/ORFmine/orfmine/orfribo/Test/SUPPLEMENTARY_DATA/Logs/Bam2Reads_Orfium/SRR1562875.34.offset_grep.log) 2>> /data/work/I2BC/fadwa.elkhaddar/BIM/ORFMINE/ORFmine/orfmine/orfribo/Test/SUPPLEMENTARY_DATA/Logs/Bam2Reads_Orfium/SRR1562875.34.offset_grep.log;
                python3 /data/work/I2BC/fadwa.elkhaddar/BIM/ORFMINE/ORFmine/orfmine/orfribo/scripts/BAM2Reads.py -shift ${offset} -kmer 34 -gff /data/work/I2BC/fadwa.elkhaddar/BIM/orfmine_tutorial/ORFmine/examples/database/mapping_orf_Scer.gff -bam /data/work/I2BC/fadwa.elkhaddar/BIM/ORFMINE/ORFmine/orfmine/orfribo/Test/RESULTS/BAM/Orfium/SRR1562875/SRR1562875.bam -outpath /data/work/I2BC/fadwa.elkhaddar/BIM/ORFMINE/ORFmine/orfmine/orfribo/Test/DATA_PROCESSING/Bam2Reads_Orfium/SRR1562875/SRR1562875_34 -outname Orfium_34 -features_include nc_intergenic 2> /data/work/I2BC/fadwa.elkhaddar/BIM/ORFMINE/ORFmine/orfmine/orfribo/Test/SUPPLEMENTARY_DATA/Logs/Bam2Reads_Orfium/SRR1562875.34.bam2read.log;
                in_lengths_list="True"
                break
            fi
        done

        if [ -z "$in_lengths_list" ]; then
            touch /data/work/I2BC/fadwa.elkhaddar/BIM/ORFMINE/ORFmine/orfmine/orfribo/Test/DATA_PROCESSING/Bam2Reads_Orfium/SRR1562875/SRR1562875_34/Orfium_34_reads.tab
        fi
        
[Thu Apr 25 17:00:29 2024]
Finished job 52.
8 of 35 steps (23%) done
Select jobs to execute...

[Thu Apr 25 17:00:29 2024]
rule Bam2Reads_Orfium:
    input: /data/work/I2BC/fadwa.elkhaddar/BIM/orfmine_tutorial/ORFmine/examples/database/mapping_orf_Scer.gff, /data/work/I2BC/fadwa.elkhaddar/BIM/ORFMINE/ORFmine/orfmine/orfribo/Test/RESULTS/BAM/Orfium/SRR1562875/SRR1562875.bam, /data/work/I2BC/fadwa.elkhaddar/BIM/ORFMINE/ORFmine/orfmine/orfribo/Test/RESULTS/BAM/Orfium/SRR1562875/SRR1562875.bam.bai, /data/work/I2BC/fadwa.elkhaddar/BIM/ORFMINE/ORFmine/orfmine/orfribo/Test/DATA_PROCESSING/RiboWaltz/SRR1562875/psite_offset.csv, /data/work/I2BC/fadwa.elkhaddar/BIM/ORFMINE/ORFmine/orfmine/orfribo/Test/DATA_PROCESSING/Selected_length/SRR1562875/Selected_length.txt
    output: /data/work/I2BC/fadwa.elkhaddar/BIM/ORFMINE/ORFmine/orfmine/orfribo/Test/DATA_PROCESSING/Bam2Reads_Orfium/SRR1562875/SRR1562875_27/Orfium_27_reads.tab
    log: /data/work/I2BC/fadwa.elkhaddar/BIM/ORFMINE/ORFmine/orfmine/orfribo/Test/SUPPLEMENTARY_DATA/Logs/Bam2Reads_Orfium/SRR1562875.27.bam2read.log, /data/work/I2BC/fadwa.elkhaddar/BIM/ORFMINE/ORFmine/orfmine/orfribo/Test/SUPPLEMENTARY_DATA/Logs/Bam2Reads_Orfium/SRR1562875.27.offset_grep.log
    jobid: 45
    benchmark: /data/work/I2BC/fadwa.elkhaddar/BIM/ORFMINE/ORFmine/orfmine/orfribo/Test/SUPPLEMENTARY_DATA/Benchmarks/Bam2Reads_Orfium/SRR1562875.27.bam2read.benchmark.txt
    reason: Missing output files: /data/work/I2BC/fadwa.elkhaddar/BIM/ORFMINE/ORFmine/orfmine/orfribo/Test/DATA_PROCESSING/Bam2Reads_Orfium/SRR1562875/SRR1562875_27/Orfium_27_reads.tab; Input files updated by another job: /data/work/I2BC/fadwa.elkhaddar/BIM/ORFMINE/ORFmine/orfmine/orfribo/Test/DATA_PROCESSING/RiboWaltz/SRR1562875/psite_offset.csv
    wildcards: sample=SRR1562875, length=27
    resources: tmpdir=/var/tmp/pbs.980092.pbsserver, mem_mb=2000


        lengths_list=$(cat /data/work/I2BC/fadwa.elkhaddar/BIM/ORFMINE/ORFmine/orfmine/orfribo/Test/DATA_PROCESSING/Selected_length/SRR1562875/Selected_length.txt)
        in_lengths_list=""

        for length in $lengths_list; do
            if [ "$length" == "27" ]; then
                offset=$(grep 'SRR1562875' /data/work/I2BC/fadwa.elkhaddar/BIM/ORFMINE/ORFmine/orfmine/orfribo/Test/DATA_PROCESSING/RiboWaltz/SRR1562875/psite_offset.csv 2> /data/work/I2BC/fadwa.elkhaddar/BIM/ORFMINE/ORFmine/orfmine/orfribo/Test/SUPPLEMENTARY_DATA/Logs/Bam2Reads_Orfium/SRR1562875.27.offset_grep.log | grep '^27' 2>> /data/work/I2BC/fadwa.elkhaddar/BIM/ORFMINE/ORFmine/orfmine/orfribo/Test/SUPPLEMENTARY_DATA/Logs/Bam2Reads_Orfium/SRR1562875.27.offset_grep.log | cut -f7 2>> /data/work/I2BC/fadwa.elkhaddar/BIM/ORFMINE/ORFmine/orfmine/orfribo/Test/SUPPLEMENTARY_DATA/Logs/Bam2Reads_Orfium/SRR1562875.27.offset_grep.log) 2>> /data/work/I2BC/fadwa.elkhaddar/BIM/ORFMINE/ORFmine/orfmine/orfribo/Test/SUPPLEMENTARY_DATA/Logs/Bam2Reads_Orfium/SRR1562875.27.offset_grep.log;
                python3 /data/work/I2BC/fadwa.elkhaddar/BIM/ORFMINE/ORFmine/orfmine/orfribo/scripts/BAM2Reads.py -shift ${offset} -kmer 27 -gff /data/work/I2BC/fadwa.elkhaddar/BIM/orfmine_tutorial/ORFmine/examples/database/mapping_orf_Scer.gff -bam /data/work/I2BC/fadwa.elkhaddar/BIM/ORFMINE/ORFmine/orfmine/orfribo/Test/RESULTS/BAM/Orfium/SRR1562875/SRR1562875.bam -outpath /data/work/I2BC/fadwa.elkhaddar/BIM/ORFMINE/ORFmine/orfmine/orfribo/Test/DATA_PROCESSING/Bam2Reads_Orfium/SRR1562875/SRR1562875_27 -outname Orfium_27 -features_include nc_intergenic 2> /data/work/I2BC/fadwa.elkhaddar/BIM/ORFMINE/ORFmine/orfmine/orfribo/Test/SUPPLEMENTARY_DATA/Logs/Bam2Reads_Orfium/SRR1562875.27.bam2read.log;
                in_lengths_list="True"
                break
            fi
        done

        if [ -z "$in_lengths_list" ]; then
            touch /data/work/I2BC/fadwa.elkhaddar/BIM/ORFMINE/ORFmine/orfmine/orfribo/Test/DATA_PROCESSING/Bam2Reads_Orfium/SRR1562875/SRR1562875_27/Orfium_27_reads.tab
        fi
        
[Thu Apr 25 17:00:29 2024]
Finished job 45.
9 of 35 steps (26%) done
Select jobs to execute...

[Thu Apr 25 17:00:29 2024]
rule Bam2Reads_Orfium:
    input: /data/work/I2BC/fadwa.elkhaddar/BIM/orfmine_tutorial/ORFmine/examples/database/mapping_orf_Scer.gff, /data/work/I2BC/fadwa.elkhaddar/BIM/ORFMINE/ORFmine/orfmine/orfribo/Test/RESULTS/BAM/Orfium/SRR1562875/SRR1562875.bam, /data/work/I2BC/fadwa.elkhaddar/BIM/ORFMINE/ORFmine/orfmine/orfribo/Test/RESULTS/BAM/Orfium/SRR1562875/SRR1562875.bam.bai, /data/work/I2BC/fadwa.elkhaddar/BIM/ORFMINE/ORFmine/orfmine/orfribo/Test/DATA_PROCESSING/RiboWaltz/SRR1562875/psite_offset.csv, /data/work/I2BC/fadwa.elkhaddar/BIM/ORFMINE/ORFmine/orfmine/orfribo/Test/DATA_PROCESSING/Selected_length/SRR1562875/Selected_length.txt
    output: /data/work/I2BC/fadwa.elkhaddar/BIM/ORFMINE/ORFmine/orfmine/orfribo/Test/DATA_PROCESSING/Bam2Reads_Orfium/SRR1562875/SRR1562875_25/Orfium_25_reads.tab
    log: /data/work/I2BC/fadwa.elkhaddar/BIM/ORFMINE/ORFmine/orfmine/orfribo/Test/SUPPLEMENTARY_DATA/Logs/Bam2Reads_Orfium/SRR1562875.25.bam2read.log, /data/work/I2BC/fadwa.elkhaddar/BIM/ORFMINE/ORFmine/orfmine/orfribo/Test/SUPPLEMENTARY_DATA/Logs/Bam2Reads_Orfium/SRR1562875.25.offset_grep.log
    jobid: 41
    benchmark: /data/work/I2BC/fadwa.elkhaddar/BIM/ORFMINE/ORFmine/orfmine/orfribo/Test/SUPPLEMENTARY_DATA/Benchmarks/Bam2Reads_Orfium/SRR1562875.25.bam2read.benchmark.txt
    reason: Missing output files: /data/work/I2BC/fadwa.elkhaddar/BIM/ORFMINE/ORFmine/orfmine/orfribo/Test/DATA_PROCESSING/Bam2Reads_Orfium/SRR1562875/SRR1562875_25/Orfium_25_reads.tab; Input files updated by another job: /data/work/I2BC/fadwa.elkhaddar/BIM/ORFMINE/ORFmine/orfmine/orfribo/Test/DATA_PROCESSING/RiboWaltz/SRR1562875/psite_offset.csv
    wildcards: sample=SRR1562875, length=25
    resources: tmpdir=/var/tmp/pbs.980092.pbsserver, mem_mb=2000


        lengths_list=$(cat /data/work/I2BC/fadwa.elkhaddar/BIM/ORFMINE/ORFmine/orfmine/orfribo/Test/DATA_PROCESSING/Selected_length/SRR1562875/Selected_length.txt)
        in_lengths_list=""

        for length in $lengths_list; do
            if [ "$length" == "25" ]; then
                offset=$(grep 'SRR1562875' /data/work/I2BC/fadwa.elkhaddar/BIM/ORFMINE/ORFmine/orfmine/orfribo/Test/DATA_PROCESSING/RiboWaltz/SRR1562875/psite_offset.csv 2> /data/work/I2BC/fadwa.elkhaddar/BIM/ORFMINE/ORFmine/orfmine/orfribo/Test/SUPPLEMENTARY_DATA/Logs/Bam2Reads_Orfium/SRR1562875.25.offset_grep.log | grep '^25' 2>> /data/work/I2BC/fadwa.elkhaddar/BIM/ORFMINE/ORFmine/orfmine/orfribo/Test/SUPPLEMENTARY_DATA/Logs/Bam2Reads_Orfium/SRR1562875.25.offset_grep.log | cut -f7 2>> /data/work/I2BC/fadwa.elkhaddar/BIM/ORFMINE/ORFmine/orfmine/orfribo/Test/SUPPLEMENTARY_DATA/Logs/Bam2Reads_Orfium/SRR1562875.25.offset_grep.log) 2>> /data/work/I2BC/fadwa.elkhaddar/BIM/ORFMINE/ORFmine/orfmine/orfribo/Test/SUPPLEMENTARY_DATA/Logs/Bam2Reads_Orfium/SRR1562875.25.offset_grep.log;
                python3 /data/work/I2BC/fadwa.elkhaddar/BIM/ORFMINE/ORFmine/orfmine/orfribo/scripts/BAM2Reads.py -shift ${offset} -kmer 25 -gff /data/work/I2BC/fadwa.elkhaddar/BIM/orfmine_tutorial/ORFmine/examples/database/mapping_orf_Scer.gff -bam /data/work/I2BC/fadwa.elkhaddar/BIM/ORFMINE/ORFmine/orfmine/orfribo/Test/RESULTS/BAM/Orfium/SRR1562875/SRR1562875.bam -outpath /data/work/I2BC/fadwa.elkhaddar/BIM/ORFMINE/ORFmine/orfmine/orfribo/Test/DATA_PROCESSING/Bam2Reads_Orfium/SRR1562875/SRR1562875_25 -outname Orfium_25 -features_include nc_intergenic 2> /data/work/I2BC/fadwa.elkhaddar/BIM/ORFMINE/ORFmine/orfmine/orfribo/Test/SUPPLEMENTARY_DATA/Logs/Bam2Reads_Orfium/SRR1562875.25.bam2read.log;
                in_lengths_list="True"
                break
            fi
        done

        if [ -z "$in_lengths_list" ]; then
            touch /data/work/I2BC/fadwa.elkhaddar/BIM/ORFMINE/ORFmine/orfmine/orfribo/Test/DATA_PROCESSING/Bam2Reads_Orfium/SRR1562875/SRR1562875_25/Orfium_25_reads.tab
        fi
        
[Thu Apr 25 17:00:29 2024]
Finished job 41.
10 of 35 steps (29%) done
Select jobs to execute...

[Thu Apr 25 17:00:29 2024]
rule Bam2Reads_Orfium:
    input: /data/work/I2BC/fadwa.elkhaddar/BIM/orfmine_tutorial/ORFmine/examples/database/mapping_orf_Scer.gff, /data/work/I2BC/fadwa.elkhaddar/BIM/ORFMINE/ORFmine/orfmine/orfribo/Test/RESULTS/BAM/Orfium/SRR1562875/SRR1562875.bam, /data/work/I2BC/fadwa.elkhaddar/BIM/ORFMINE/ORFmine/orfmine/orfribo/Test/RESULTS/BAM/Orfium/SRR1562875/SRR1562875.bam.bai, /data/work/I2BC/fadwa.elkhaddar/BIM/ORFMINE/ORFmine/orfmine/orfribo/Test/DATA_PROCESSING/RiboWaltz/SRR1562875/psite_offset.csv, /data/work/I2BC/fadwa.elkhaddar/BIM/ORFMINE/ORFmine/orfmine/orfribo/Test/DATA_PROCESSING/Selected_length/SRR1562875/Selected_length.txt
    output: /data/work/I2BC/fadwa.elkhaddar/BIM/ORFMINE/ORFmine/orfmine/orfribo/Test/DATA_PROCESSING/Bam2Reads_Orfium/SRR1562875/SRR1562875_26/Orfium_26_reads.tab
    log: /data/work/I2BC/fadwa.elkhaddar/BIM/ORFMINE/ORFmine/orfmine/orfribo/Test/SUPPLEMENTARY_DATA/Logs/Bam2Reads_Orfium/SRR1562875.26.bam2read.log, /data/work/I2BC/fadwa.elkhaddar/BIM/ORFMINE/ORFmine/orfmine/orfribo/Test/SUPPLEMENTARY_DATA/Logs/Bam2Reads_Orfium/SRR1562875.26.offset_grep.log
    jobid: 44
    benchmark: /data/work/I2BC/fadwa.elkhaddar/BIM/ORFMINE/ORFmine/orfmine/orfribo/Test/SUPPLEMENTARY_DATA/Benchmarks/Bam2Reads_Orfium/SRR1562875.26.bam2read.benchmark.txt
    reason: Input files updated by another job: /data/work/I2BC/fadwa.elkhaddar/BIM/ORFMINE/ORFmine/orfmine/orfribo/Test/DATA_PROCESSING/RiboWaltz/SRR1562875/psite_offset.csv
    wildcards: sample=SRR1562875, length=26
    resources: tmpdir=/var/tmp/pbs.980092.pbsserver, mem_mb=2000


        lengths_list=$(cat /data/work/I2BC/fadwa.elkhaddar/BIM/ORFMINE/ORFmine/orfmine/orfribo/Test/DATA_PROCESSING/Selected_length/SRR1562875/Selected_length.txt)
        in_lengths_list=""

        for length in $lengths_list; do
            if [ "$length" == "26" ]; then
                offset=$(grep 'SRR1562875' /data/work/I2BC/fadwa.elkhaddar/BIM/ORFMINE/ORFmine/orfmine/orfribo/Test/DATA_PROCESSING/RiboWaltz/SRR1562875/psite_offset.csv 2> /data/work/I2BC/fadwa.elkhaddar/BIM/ORFMINE/ORFmine/orfmine/orfribo/Test/SUPPLEMENTARY_DATA/Logs/Bam2Reads_Orfium/SRR1562875.26.offset_grep.log | grep '^26' 2>> /data/work/I2BC/fadwa.elkhaddar/BIM/ORFMINE/ORFmine/orfmine/orfribo/Test/SUPPLEMENTARY_DATA/Logs/Bam2Reads_Orfium/SRR1562875.26.offset_grep.log | cut -f7 2>> /data/work/I2BC/fadwa.elkhaddar/BIM/ORFMINE/ORFmine/orfmine/orfribo/Test/SUPPLEMENTARY_DATA/Logs/Bam2Reads_Orfium/SRR1562875.26.offset_grep.log) 2>> /data/work/I2BC/fadwa.elkhaddar/BIM/ORFMINE/ORFmine/orfmine/orfribo/Test/SUPPLEMENTARY_DATA/Logs/Bam2Reads_Orfium/SRR1562875.26.offset_grep.log;
                python3 /data/work/I2BC/fadwa.elkhaddar/BIM/ORFMINE/ORFmine/orfmine/orfribo/scripts/BAM2Reads.py -shift ${offset} -kmer 26 -gff /data/work/I2BC/fadwa.elkhaddar/BIM/orfmine_tutorial/ORFmine/examples/database/mapping_orf_Scer.gff -bam /data/work/I2BC/fadwa.elkhaddar/BIM/ORFMINE/ORFmine/orfmine/orfribo/Test/RESULTS/BAM/Orfium/SRR1562875/SRR1562875.bam -outpath /data/work/I2BC/fadwa.elkhaddar/BIM/ORFMINE/ORFmine/orfmine/orfribo/Test/DATA_PROCESSING/Bam2Reads_Orfium/SRR1562875/SRR1562875_26 -outname Orfium_26 -features_include nc_intergenic 2> /data/work/I2BC/fadwa.elkhaddar/BIM/ORFMINE/ORFmine/orfmine/orfribo/Test/SUPPLEMENTARY_DATA/Logs/Bam2Reads_Orfium/SRR1562875.26.bam2read.log;
                in_lengths_list="True"
                break
            fi
        done

        if [ -z "$in_lengths_list" ]; then
            touch /data/work/I2BC/fadwa.elkhaddar/BIM/ORFMINE/ORFmine/orfmine/orfribo/Test/DATA_PROCESSING/Bam2Reads_Orfium/SRR1562875/SRR1562875_26/Orfium_26_reads.tab
        fi
        
[Thu Apr 25 17:00:29 2024]
Finished job 44.
11 of 35 steps (31%) done
Select jobs to execute...

[Thu Apr 25 17:00:29 2024]
rule Bam2Reads_Orfium:
    input: /data/work/I2BC/fadwa.elkhaddar/BIM/orfmine_tutorial/ORFmine/examples/database/mapping_orf_Scer.gff, /data/work/I2BC/fadwa.elkhaddar/BIM/ORFMINE/ORFmine/orfmine/orfribo/Test/RESULTS/BAM/Orfium/SRR1562875/SRR1562875.bam, /data/work/I2BC/fadwa.elkhaddar/BIM/ORFMINE/ORFmine/orfmine/orfribo/Test/RESULTS/BAM/Orfium/SRR1562875/SRR1562875.bam.bai, /data/work/I2BC/fadwa.elkhaddar/BIM/ORFMINE/ORFmine/orfmine/orfribo/Test/DATA_PROCESSING/RiboWaltz/SRR1562875/psite_offset.csv, /data/work/I2BC/fadwa.elkhaddar/BIM/ORFMINE/ORFmine/orfmine/orfribo/Test/DATA_PROCESSING/Selected_length/SRR1562875/Selected_length.txt
    output: /data/work/I2BC/fadwa.elkhaddar/BIM/ORFMINE/ORFmine/orfmine/orfribo/Test/DATA_PROCESSING/Bam2Reads_Orfium/SRR1562875/SRR1562875_33/Orfium_33_reads.tab
    log: /data/work/I2BC/fadwa.elkhaddar/BIM/ORFMINE/ORFmine/orfmine/orfribo/Test/SUPPLEMENTARY_DATA/Logs/Bam2Reads_Orfium/SRR1562875.33.bam2read.log, /data/work/I2BC/fadwa.elkhaddar/BIM/ORFMINE/ORFmine/orfmine/orfribo/Test/SUPPLEMENTARY_DATA/Logs/Bam2Reads_Orfium/SRR1562875.33.offset_grep.log
    jobid: 51
    benchmark: /data/work/I2BC/fadwa.elkhaddar/BIM/ORFMINE/ORFmine/orfmine/orfribo/Test/SUPPLEMENTARY_DATA/Benchmarks/Bam2Reads_Orfium/SRR1562875.33.bam2read.benchmark.txt
    reason: Missing output files: /data/work/I2BC/fadwa.elkhaddar/BIM/ORFMINE/ORFmine/orfmine/orfribo/Test/DATA_PROCESSING/Bam2Reads_Orfium/SRR1562875/SRR1562875_33/Orfium_33_reads.tab; Input files updated by another job: /data/work/I2BC/fadwa.elkhaddar/BIM/ORFMINE/ORFmine/orfmine/orfribo/Test/DATA_PROCESSING/RiboWaltz/SRR1562875/psite_offset.csv
    wildcards: sample=SRR1562875, length=33
    resources: tmpdir=/var/tmp/pbs.980092.pbsserver, mem_mb=2000


        lengths_list=$(cat /data/work/I2BC/fadwa.elkhaddar/BIM/ORFMINE/ORFmine/orfmine/orfribo/Test/DATA_PROCESSING/Selected_length/SRR1562875/Selected_length.txt)
        in_lengths_list=""

        for length in $lengths_list; do
            if [ "$length" == "33" ]; then
                offset=$(grep 'SRR1562875' /data/work/I2BC/fadwa.elkhaddar/BIM/ORFMINE/ORFmine/orfmine/orfribo/Test/DATA_PROCESSING/RiboWaltz/SRR1562875/psite_offset.csv 2> /data/work/I2BC/fadwa.elkhaddar/BIM/ORFMINE/ORFmine/orfmine/orfribo/Test/SUPPLEMENTARY_DATA/Logs/Bam2Reads_Orfium/SRR1562875.33.offset_grep.log | grep '^33' 2>> /data/work/I2BC/fadwa.elkhaddar/BIM/ORFMINE/ORFmine/orfmine/orfribo/Test/SUPPLEMENTARY_DATA/Logs/Bam2Reads_Orfium/SRR1562875.33.offset_grep.log | cut -f7 2>> /data/work/I2BC/fadwa.elkhaddar/BIM/ORFMINE/ORFmine/orfmine/orfribo/Test/SUPPLEMENTARY_DATA/Logs/Bam2Reads_Orfium/SRR1562875.33.offset_grep.log) 2>> /data/work/I2BC/fadwa.elkhaddar/BIM/ORFMINE/ORFmine/orfmine/orfribo/Test/SUPPLEMENTARY_DATA/Logs/Bam2Reads_Orfium/SRR1562875.33.offset_grep.log;
                python3 /data/work/I2BC/fadwa.elkhaddar/BIM/ORFMINE/ORFmine/orfmine/orfribo/scripts/BAM2Reads.py -shift ${offset} -kmer 33 -gff /data/work/I2BC/fadwa.elkhaddar/BIM/orfmine_tutorial/ORFmine/examples/database/mapping_orf_Scer.gff -bam /data/work/I2BC/fadwa.elkhaddar/BIM/ORFMINE/ORFmine/orfmine/orfribo/Test/RESULTS/BAM/Orfium/SRR1562875/SRR1562875.bam -outpath /data/work/I2BC/fadwa.elkhaddar/BIM/ORFMINE/ORFmine/orfmine/orfribo/Test/DATA_PROCESSING/Bam2Reads_Orfium/SRR1562875/SRR1562875_33 -outname Orfium_33 -features_include nc_intergenic 2> /data/work/I2BC/fadwa.elkhaddar/BIM/ORFMINE/ORFmine/orfmine/orfribo/Test/SUPPLEMENTARY_DATA/Logs/Bam2Reads_Orfium/SRR1562875.33.bam2read.log;
                in_lengths_list="True"
                break
            fi
        done

        if [ -z "$in_lengths_list" ]; then
            touch /data/work/I2BC/fadwa.elkhaddar/BIM/ORFMINE/ORFmine/orfmine/orfribo/Test/DATA_PROCESSING/Bam2Reads_Orfium/SRR1562875/SRR1562875_33/Orfium_33_reads.tab
        fi
        
[Thu Apr 25 17:00:29 2024]
Finished job 51.
12 of 35 steps (34%) done
Select jobs to execute...

[Thu Apr 25 17:00:29 2024]
rule Bam2Reads_Exome:
    input: /data/work/I2BC/fadwa.elkhaddar/BIM/ORFMINE/ORFmine/orfmine/orfribo/Test/DATA_PROCESSING/Exome/Exome_elongated.gff, /data/work/I2BC/fadwa.elkhaddar/BIM/ORFMINE/ORFmine/orfmine/orfribo/Test/RESULTS/BAM/Exome/SRR1562875/SRR1562875.bam, /data/work/I2BC/fadwa.elkhaddar/BIM/ORFMINE/ORFmine/orfmine/orfribo/Test/RESULTS/BAM/Exome/SRR1562875/SRR1562875.bam.bai, /data/work/I2BC/fadwa.elkhaddar/BIM/ORFMINE/ORFmine/orfmine/orfribo/Test/DATA_PROCESSING/RiboWaltz/SRR1562875/psite_offset.csv
    output: /data/work/I2BC/fadwa.elkhaddar/BIM/ORFMINE/ORFmine/orfmine/orfribo/Test/DATA_PROCESSING/Bam2Reads_Exome/SRR1562875/SRR1562875_35/Exome_35_reads.tab
    log: /data/work/I2BC/fadwa.elkhaddar/BIM/ORFMINE/ORFmine/orfmine/orfribo/Test/SUPPLEMENTARY_DATA/Logs/Bam2Reads_Exome/SRR1562875.35.bam2read.log, /data/work/I2BC/fadwa.elkhaddar/BIM/ORFMINE/ORFmine/orfmine/orfribo/Test/SUPPLEMENTARY_DATA/Logs/Bam2Reads_Exome/SRR1562875.35.offset_grep.log
    jobid: 28
    benchmark: /data/work/I2BC/fadwa.elkhaddar/BIM/ORFMINE/ORFmine/orfmine/orfribo/Test/SUPPLEMENTARY_DATA/Benchmarks/Bam2Reads_Exome/SRR1562875.35.bam2read.benchmark.txt
    reason: Input files updated by another job: /data/work/I2BC/fadwa.elkhaddar/BIM/ORFMINE/ORFmine/orfmine/orfribo/Test/DATA_PROCESSING/RiboWaltz/SRR1562875/psite_offset.csv
    wildcards: sample=SRR1562875, length=35
    resources: tmpdir=/var/tmp/pbs.980092.pbsserver, mem_mb=1000


        offset=$(grep SRR1562875 /data/work/I2BC/fadwa.elkhaddar/BIM/ORFMINE/ORFmine/orfmine/orfribo/Test/DATA_PROCESSING/RiboWaltz/SRR1562875/psite_offset.csv 2> /data/work/I2BC/fadwa.elkhaddar/BIM/ORFMINE/ORFmine/orfmine/orfribo/Test/SUPPLEMENTARY_DATA/Logs/Bam2Reads_Exome/SRR1562875.35.offset_grep.log | grep ^35 2>> /data/work/I2BC/fadwa.elkhaddar/BIM/ORFMINE/ORFmine/orfmine/orfribo/Test/SUPPLEMENTARY_DATA/Logs/Bam2Reads_Exome/SRR1562875.35.offset_grep.log | cut -f7 2>> /data/work/I2BC/fadwa.elkhaddar/BIM/ORFMINE/ORFmine/orfmine/orfribo/Test/SUPPLEMENTARY_DATA/Logs/Bam2Reads_Exome/SRR1562875.35.offset_grep.log) 2>> /data/work/I2BC/fadwa.elkhaddar/BIM/ORFMINE/ORFmine/orfmine/orfribo/Test/SUPPLEMENTARY_DATA/Logs/Bam2Reads_Exome/SRR1562875.35.offset_grep.log
        echo "$offset"
        if [ "$offset" = "" ]; then offset=12 ; fi
        python3 /data/work/I2BC/fadwa.elkhaddar/BIM/Workflow_Hisat/scripts/Bam2Reads/BAM2Reads.py -shift $offset -kmer 35 -gff /data/work/I2BC/fadwa.elkhaddar/BIM/ORFMINE/ORFmine/orfmine/orfribo/Test/DATA_PROCESSING/Exome/Exome_elongated.gff -bam /data/work/I2BC/fadwa.elkhaddar/BIM/ORFMINE/ORFmine/orfmine/orfribo/Test/RESULTS/BAM/Exome/SRR1562875/SRR1562875.bam -outpath /data/work/I2BC/fadwa.elkhaddar/BIM/ORFMINE/ORFmine/orfmine/orfribo/Test/DATA_PROCESSING/Bam2Reads_Exome/SRR1562875/SRR1562875_35  -outname Exome_35 -features_include CDS 2> /data/work/I2BC/fadwa.elkhaddar/BIM/ORFMINE/ORFmine/orfmine/orfribo/Test/SUPPLEMENTARY_DATA/Logs/Bam2Reads_Exome/SRR1562875.35.bam2read.log 
        
[Thu Apr 25 17:04:17 2024]
Finished job 28.
13 of 35 steps (37%) done
Select jobs to execute...

[Thu Apr 25 17:04:17 2024]
rule ORFstats:
    input: /data/work/I2BC/fadwa.elkhaddar/BIM/ORFMINE/ORFmine/orfmine/orfribo/Test/DATA_PROCESSING/RiboWaltz/SRR1562875/psite_offset.csv, /data/work/I2BC/fadwa.elkhaddar/BIM/ORFMINE/ORFmine/orfmine/orfribo/Test/DATA_PROCESSING/Bam2Reads_Exome/SRR1562875/SRR1562875_35/Exome_35_reads.tab
    output: /data/work/I2BC/fadwa.elkhaddar/BIM/ORFMINE/ORFmine/orfmine/orfribo/Test/DATA_PROCESSING/Bam2Reads_Exome/SRR1562875/SRR1562875_35/Exome_35_reads.stats
    log: /data/work/I2BC/fadwa.elkhaddar/BIM/ORFMINE/ORFmine/orfmine/orfribo/Test/SUPPLEMENTARY_DATA/Logs/ORFstat/SRR1562875.35.orfstats.log
    jobid: 39
    benchmark: /data/work/I2BC/fadwa.elkhaddar/BIM/ORFMINE/ORFmine/orfmine/orfribo/Test/SUPPLEMENTARY_DATA/Benchmarks/ORFstat/SRR1562875.35.orfstats.txt
    reason: Input files updated by another job: /data/work/I2BC/fadwa.elkhaddar/BIM/ORFMINE/ORFmine/orfmine/orfribo/Test/DATA_PROCESSING/Bam2Reads_Exome/SRR1562875/SRR1562875_35/Exome_35_reads.tab, /data/work/I2BC/fadwa.elkhaddar/BIM/ORFMINE/ORFmine/orfmine/orfribo/Test/DATA_PROCESSING/RiboWaltz/SRR1562875/psite_offset.csv
    wildcards: sample=SRR1562875, length=35
    resources: tmpdir=/var/tmp/pbs.980092.pbsserver

set +o pipefail;orfstats -tab /data/work/I2BC/fadwa.elkhaddar/BIM/ORFMINE/ORFmine/orfmine/orfribo/Test/DATA_PROCESSING/Bam2Reads_Exome/SRR1562875/SRR1562875_35/Exome_35_reads.tab -N 10 -out /data/work/I2BC/fadwa.elkhaddar/BIM/ORFMINE/ORFmine/orfmine/orfribo/Test/DATA_PROCESSING/Bam2Reads_Exome/SRR1562875/SRR1562875_35 2> /data/work/I2BC/fadwa.elkhaddar/BIM/ORFMINE/ORFmine/orfmine/orfribo/Test/SUPPLEMENTARY_DATA/Logs/ORFstat/SRR1562875.35.orfstats.log ;
[Thu Apr 25 17:04:18 2024]
Finished job 39.
14 of 35 steps (40%) done
Select jobs to execute...

[Thu Apr 25 17:04:18 2024]
rule Bam2Reads_Exome:
    input: /data/work/I2BC/fadwa.elkhaddar/BIM/ORFMINE/ORFmine/orfmine/orfribo/Test/DATA_PROCESSING/Exome/Exome_elongated.gff, /data/work/I2BC/fadwa.elkhaddar/BIM/ORFMINE/ORFmine/orfmine/orfribo/Test/RESULTS/BAM/Exome/SRR1562875/SRR1562875.bam, /data/work/I2BC/fadwa.elkhaddar/BIM/ORFMINE/ORFmine/orfmine/orfribo/Test/RESULTS/BAM/Exome/SRR1562875/SRR1562875.bam.bai, /data/work/I2BC/fadwa.elkhaddar/BIM/ORFMINE/ORFmine/orfmine/orfribo/Test/DATA_PROCESSING/RiboWaltz/SRR1562875/psite_offset.csv
    output: /data/work/I2BC/fadwa.elkhaddar/BIM/ORFMINE/ORFmine/orfmine/orfribo/Test/DATA_PROCESSING/Bam2Reads_Exome/SRR1562875/SRR1562875_25/Exome_25_reads.tab
    log: /data/work/I2BC/fadwa.elkhaddar/BIM/ORFMINE/ORFmine/orfmine/orfribo/Test/SUPPLEMENTARY_DATA/Logs/Bam2Reads_Exome/SRR1562875.25.bam2read.log, /data/work/I2BC/fadwa.elkhaddar/BIM/ORFMINE/ORFmine/orfmine/orfribo/Test/SUPPLEMENTARY_DATA/Logs/Bam2Reads_Exome/SRR1562875.25.offset_grep.log
    jobid: 18
    benchmark: /data/work/I2BC/fadwa.elkhaddar/BIM/ORFMINE/ORFmine/orfmine/orfribo/Test/SUPPLEMENTARY_DATA/Benchmarks/Bam2Reads_Exome/SRR1562875.25.bam2read.benchmark.txt
    reason: Input files updated by another job: /data/work/I2BC/fadwa.elkhaddar/BIM/ORFMINE/ORFmine/orfmine/orfribo/Test/DATA_PROCESSING/RiboWaltz/SRR1562875/psite_offset.csv
    wildcards: sample=SRR1562875, length=25
    resources: tmpdir=/var/tmp/pbs.980092.pbsserver, mem_mb=1000


        offset=$(grep SRR1562875 /data/work/I2BC/fadwa.elkhaddar/BIM/ORFMINE/ORFmine/orfmine/orfribo/Test/DATA_PROCESSING/RiboWaltz/SRR1562875/psite_offset.csv 2> /data/work/I2BC/fadwa.elkhaddar/BIM/ORFMINE/ORFmine/orfmine/orfribo/Test/SUPPLEMENTARY_DATA/Logs/Bam2Reads_Exome/SRR1562875.25.offset_grep.log | grep ^25 2>> /data/work/I2BC/fadwa.elkhaddar/BIM/ORFMINE/ORFmine/orfmine/orfribo/Test/SUPPLEMENTARY_DATA/Logs/Bam2Reads_Exome/SRR1562875.25.offset_grep.log | cut -f7 2>> /data/work/I2BC/fadwa.elkhaddar/BIM/ORFMINE/ORFmine/orfmine/orfribo/Test/SUPPLEMENTARY_DATA/Logs/Bam2Reads_Exome/SRR1562875.25.offset_grep.log) 2>> /data/work/I2BC/fadwa.elkhaddar/BIM/ORFMINE/ORFmine/orfmine/orfribo/Test/SUPPLEMENTARY_DATA/Logs/Bam2Reads_Exome/SRR1562875.25.offset_grep.log
        echo "$offset"
        if [ "$offset" = "" ]; then offset=12 ; fi
        python3 /data/work/I2BC/fadwa.elkhaddar/BIM/Workflow_Hisat/scripts/Bam2Reads/BAM2Reads.py -shift $offset -kmer 25 -gff /data/work/I2BC/fadwa.elkhaddar/BIM/ORFMINE/ORFmine/orfmine/orfribo/Test/DATA_PROCESSING/Exome/Exome_elongated.gff -bam /data/work/I2BC/fadwa.elkhaddar/BIM/ORFMINE/ORFmine/orfmine/orfribo/Test/RESULTS/BAM/Exome/SRR1562875/SRR1562875.bam -outpath /data/work/I2BC/fadwa.elkhaddar/BIM/ORFMINE/ORFmine/orfmine/orfribo/Test/DATA_PROCESSING/Bam2Reads_Exome/SRR1562875/SRR1562875_25  -outname Exome_25 -features_include CDS 2> /data/work/I2BC/fadwa.elkhaddar/BIM/ORFMINE/ORFmine/orfmine/orfribo/Test/SUPPLEMENTARY_DATA/Logs/Bam2Reads_Exome/SRR1562875.25.bam2read.log 
        
[Thu Apr 25 17:07:53 2024]
Finished job 18.
15 of 35 steps (43%) done
Select jobs to execute...

[Thu Apr 25 17:07:53 2024]
rule ORFstats:
    input: /data/work/I2BC/fadwa.elkhaddar/BIM/ORFMINE/ORFmine/orfmine/orfribo/Test/DATA_PROCESSING/RiboWaltz/SRR1562875/psite_offset.csv, /data/work/I2BC/fadwa.elkhaddar/BIM/ORFMINE/ORFmine/orfmine/orfribo/Test/DATA_PROCESSING/Bam2Reads_Exome/SRR1562875/SRR1562875_25/Exome_25_reads.tab
    output: /data/work/I2BC/fadwa.elkhaddar/BIM/ORFMINE/ORFmine/orfmine/orfribo/Test/DATA_PROCESSING/Bam2Reads_Exome/SRR1562875/SRR1562875_25/Exome_25_reads.stats
    log: /data/work/I2BC/fadwa.elkhaddar/BIM/ORFMINE/ORFmine/orfmine/orfribo/Test/SUPPLEMENTARY_DATA/Logs/ORFstat/SRR1562875.25.orfstats.log
    jobid: 29
    benchmark: /data/work/I2BC/fadwa.elkhaddar/BIM/ORFMINE/ORFmine/orfmine/orfribo/Test/SUPPLEMENTARY_DATA/Benchmarks/ORFstat/SRR1562875.25.orfstats.txt
    reason: Input files updated by another job: /data/work/I2BC/fadwa.elkhaddar/BIM/ORFMINE/ORFmine/orfmine/orfribo/Test/DATA_PROCESSING/Bam2Reads_Exome/SRR1562875/SRR1562875_25/Exome_25_reads.tab, /data/work/I2BC/fadwa.elkhaddar/BIM/ORFMINE/ORFmine/orfmine/orfribo/Test/DATA_PROCESSING/RiboWaltz/SRR1562875/psite_offset.csv
    wildcards: sample=SRR1562875, length=25
    resources: tmpdir=/var/tmp/pbs.980092.pbsserver

set +o pipefail;orfstats -tab /data/work/I2BC/fadwa.elkhaddar/BIM/ORFMINE/ORFmine/orfmine/orfribo/Test/DATA_PROCESSING/Bam2Reads_Exome/SRR1562875/SRR1562875_25/Exome_25_reads.tab -N 10 -out /data/work/I2BC/fadwa.elkhaddar/BIM/ORFMINE/ORFmine/orfmine/orfribo/Test/DATA_PROCESSING/Bam2Reads_Exome/SRR1562875/SRR1562875_25 2> /data/work/I2BC/fadwa.elkhaddar/BIM/ORFMINE/ORFmine/orfmine/orfribo/Test/SUPPLEMENTARY_DATA/Logs/ORFstat/SRR1562875.25.orfstats.log ;
[Thu Apr 25 17:07:54 2024]
Finished job 29.
16 of 35 steps (46%) done
Select jobs to execute...

[Thu Apr 25 17:07:54 2024]
rule Bam2Reads_Exome:
    input: /data/work/I2BC/fadwa.elkhaddar/BIM/ORFMINE/ORFmine/orfmine/orfribo/Test/DATA_PROCESSING/Exome/Exome_elongated.gff, /data/work/I2BC/fadwa.elkhaddar/BIM/ORFMINE/ORFmine/orfmine/orfribo/Test/RESULTS/BAM/Exome/SRR1562875/SRR1562875.bam, /data/work/I2BC/fadwa.elkhaddar/BIM/ORFMINE/ORFmine/orfmine/orfribo/Test/RESULTS/BAM/Exome/SRR1562875/SRR1562875.bam.bai, /data/work/I2BC/fadwa.elkhaddar/BIM/ORFMINE/ORFmine/orfmine/orfribo/Test/DATA_PROCESSING/RiboWaltz/SRR1562875/psite_offset.csv
    output: /data/work/I2BC/fadwa.elkhaddar/BIM/ORFMINE/ORFmine/orfmine/orfribo/Test/DATA_PROCESSING/Bam2Reads_Exome/SRR1562875/SRR1562875_33/Exome_33_reads.tab
    log: /data/work/I2BC/fadwa.elkhaddar/BIM/ORFMINE/ORFmine/orfmine/orfribo/Test/SUPPLEMENTARY_DATA/Logs/Bam2Reads_Exome/SRR1562875.33.bam2read.log, /data/work/I2BC/fadwa.elkhaddar/BIM/ORFMINE/ORFmine/orfmine/orfribo/Test/SUPPLEMENTARY_DATA/Logs/Bam2Reads_Exome/SRR1562875.33.offset_grep.log
    jobid: 26
    benchmark: /data/work/I2BC/fadwa.elkhaddar/BIM/ORFMINE/ORFmine/orfmine/orfribo/Test/SUPPLEMENTARY_DATA/Benchmarks/Bam2Reads_Exome/SRR1562875.33.bam2read.benchmark.txt
    reason: Input files updated by another job: /data/work/I2BC/fadwa.elkhaddar/BIM/ORFMINE/ORFmine/orfmine/orfribo/Test/DATA_PROCESSING/RiboWaltz/SRR1562875/psite_offset.csv
    wildcards: sample=SRR1562875, length=33
    resources: tmpdir=/var/tmp/pbs.980092.pbsserver, mem_mb=1000


        offset=$(grep SRR1562875 /data/work/I2BC/fadwa.elkhaddar/BIM/ORFMINE/ORFmine/orfmine/orfribo/Test/DATA_PROCESSING/RiboWaltz/SRR1562875/psite_offset.csv 2> /data/work/I2BC/fadwa.elkhaddar/BIM/ORFMINE/ORFmine/orfmine/orfribo/Test/SUPPLEMENTARY_DATA/Logs/Bam2Reads_Exome/SRR1562875.33.offset_grep.log | grep ^33 2>> /data/work/I2BC/fadwa.elkhaddar/BIM/ORFMINE/ORFmine/orfmine/orfribo/Test/SUPPLEMENTARY_DATA/Logs/Bam2Reads_Exome/SRR1562875.33.offset_grep.log | cut -f7 2>> /data/work/I2BC/fadwa.elkhaddar/BIM/ORFMINE/ORFmine/orfmine/orfribo/Test/SUPPLEMENTARY_DATA/Logs/Bam2Reads_Exome/SRR1562875.33.offset_grep.log) 2>> /data/work/I2BC/fadwa.elkhaddar/BIM/ORFMINE/ORFmine/orfmine/orfribo/Test/SUPPLEMENTARY_DATA/Logs/Bam2Reads_Exome/SRR1562875.33.offset_grep.log
        echo "$offset"
        if [ "$offset" = "" ]; then offset=12 ; fi
        python3 /data/work/I2BC/fadwa.elkhaddar/BIM/Workflow_Hisat/scripts/Bam2Reads/BAM2Reads.py -shift $offset -kmer 33 -gff /data/work/I2BC/fadwa.elkhaddar/BIM/ORFMINE/ORFmine/orfmine/orfribo/Test/DATA_PROCESSING/Exome/Exome_elongated.gff -bam /data/work/I2BC/fadwa.elkhaddar/BIM/ORFMINE/ORFmine/orfmine/orfribo/Test/RESULTS/BAM/Exome/SRR1562875/SRR1562875.bam -outpath /data/work/I2BC/fadwa.elkhaddar/BIM/ORFMINE/ORFmine/orfmine/orfribo/Test/DATA_PROCESSING/Bam2Reads_Exome/SRR1562875/SRR1562875_33  -outname Exome_33 -features_include CDS 2> /data/work/I2BC/fadwa.elkhaddar/BIM/ORFMINE/ORFmine/orfmine/orfribo/Test/SUPPLEMENTARY_DATA/Logs/Bam2Reads_Exome/SRR1562875.33.bam2read.log 
        
[Thu Apr 25 17:11:22 2024]
Finished job 26.
17 of 35 steps (49%) done
Select jobs to execute...

[Thu Apr 25 17:11:22 2024]
rule ORFstats:
    input: /data/work/I2BC/fadwa.elkhaddar/BIM/ORFMINE/ORFmine/orfmine/orfribo/Test/DATA_PROCESSING/RiboWaltz/SRR1562875/psite_offset.csv, /data/work/I2BC/fadwa.elkhaddar/BIM/ORFMINE/ORFmine/orfmine/orfribo/Test/DATA_PROCESSING/Bam2Reads_Exome/SRR1562875/SRR1562875_33/Exome_33_reads.tab
    output: /data/work/I2BC/fadwa.elkhaddar/BIM/ORFMINE/ORFmine/orfmine/orfribo/Test/DATA_PROCESSING/Bam2Reads_Exome/SRR1562875/SRR1562875_33/Exome_33_reads.stats
    log: /data/work/I2BC/fadwa.elkhaddar/BIM/ORFMINE/ORFmine/orfmine/orfribo/Test/SUPPLEMENTARY_DATA/Logs/ORFstat/SRR1562875.33.orfstats.log
    jobid: 37
    benchmark: /data/work/I2BC/fadwa.elkhaddar/BIM/ORFMINE/ORFmine/orfmine/orfribo/Test/SUPPLEMENTARY_DATA/Benchmarks/ORFstat/SRR1562875.33.orfstats.txt
    reason: Input files updated by another job: /data/work/I2BC/fadwa.elkhaddar/BIM/ORFMINE/ORFmine/orfmine/orfribo/Test/DATA_PROCESSING/Bam2Reads_Exome/SRR1562875/SRR1562875_33/Exome_33_reads.tab, /data/work/I2BC/fadwa.elkhaddar/BIM/ORFMINE/ORFmine/orfmine/orfribo/Test/DATA_PROCESSING/RiboWaltz/SRR1562875/psite_offset.csv
    wildcards: sample=SRR1562875, length=33
    resources: tmpdir=/var/tmp/pbs.980092.pbsserver

set +o pipefail;orfstats -tab /data/work/I2BC/fadwa.elkhaddar/BIM/ORFMINE/ORFmine/orfmine/orfribo/Test/DATA_PROCESSING/Bam2Reads_Exome/SRR1562875/SRR1562875_33/Exome_33_reads.tab -N 10 -out /data/work/I2BC/fadwa.elkhaddar/BIM/ORFMINE/ORFmine/orfmine/orfribo/Test/DATA_PROCESSING/Bam2Reads_Exome/SRR1562875/SRR1562875_33 2> /data/work/I2BC/fadwa.elkhaddar/BIM/ORFMINE/ORFmine/orfmine/orfribo/Test/SUPPLEMENTARY_DATA/Logs/ORFstat/SRR1562875.33.orfstats.log ;
[Thu Apr 25 17:11:23 2024]
Finished job 37.
18 of 35 steps (51%) done
Select jobs to execute...

[Thu Apr 25 17:11:23 2024]
rule Bam2Reads_Exome:
    input: /data/work/I2BC/fadwa.elkhaddar/BIM/ORFMINE/ORFmine/orfmine/orfribo/Test/DATA_PROCESSING/Exome/Exome_elongated.gff, /data/work/I2BC/fadwa.elkhaddar/BIM/ORFMINE/ORFmine/orfmine/orfribo/Test/RESULTS/BAM/Exome/SRR1562875/SRR1562875.bam, /data/work/I2BC/fadwa.elkhaddar/BIM/ORFMINE/ORFmine/orfmine/orfribo/Test/RESULTS/BAM/Exome/SRR1562875/SRR1562875.bam.bai, /data/work/I2BC/fadwa.elkhaddar/BIM/ORFMINE/ORFmine/orfmine/orfribo/Test/DATA_PROCESSING/RiboWaltz/SRR1562875/psite_offset.csv
    output: /data/work/I2BC/fadwa.elkhaddar/BIM/ORFMINE/ORFmine/orfmine/orfribo/Test/DATA_PROCESSING/Bam2Reads_Exome/SRR1562875/SRR1562875_31/Exome_31_reads.tab
    log: /data/work/I2BC/fadwa.elkhaddar/BIM/ORFMINE/ORFmine/orfmine/orfribo/Test/SUPPLEMENTARY_DATA/Logs/Bam2Reads_Exome/SRR1562875.31.bam2read.log, /data/work/I2BC/fadwa.elkhaddar/BIM/ORFMINE/ORFmine/orfmine/orfribo/Test/SUPPLEMENTARY_DATA/Logs/Bam2Reads_Exome/SRR1562875.31.offset_grep.log
    jobid: 24
    benchmark: /data/work/I2BC/fadwa.elkhaddar/BIM/ORFMINE/ORFmine/orfmine/orfribo/Test/SUPPLEMENTARY_DATA/Benchmarks/Bam2Reads_Exome/SRR1562875.31.bam2read.benchmark.txt
    reason: Input files updated by another job: /data/work/I2BC/fadwa.elkhaddar/BIM/ORFMINE/ORFmine/orfmine/orfribo/Test/DATA_PROCESSING/RiboWaltz/SRR1562875/psite_offset.csv
    wildcards: sample=SRR1562875, length=31
    resources: tmpdir=/var/tmp/pbs.980092.pbsserver, mem_mb=1000


        offset=$(grep SRR1562875 /data/work/I2BC/fadwa.elkhaddar/BIM/ORFMINE/ORFmine/orfmine/orfribo/Test/DATA_PROCESSING/RiboWaltz/SRR1562875/psite_offset.csv 2> /data/work/I2BC/fadwa.elkhaddar/BIM/ORFMINE/ORFmine/orfmine/orfribo/Test/SUPPLEMENTARY_DATA/Logs/Bam2Reads_Exome/SRR1562875.31.offset_grep.log | grep ^31 2>> /data/work/I2BC/fadwa.elkhaddar/BIM/ORFMINE/ORFmine/orfmine/orfribo/Test/SUPPLEMENTARY_DATA/Logs/Bam2Reads_Exome/SRR1562875.31.offset_grep.log | cut -f7 2>> /data/work/I2BC/fadwa.elkhaddar/BIM/ORFMINE/ORFmine/orfmine/orfribo/Test/SUPPLEMENTARY_DATA/Logs/Bam2Reads_Exome/SRR1562875.31.offset_grep.log) 2>> /data/work/I2BC/fadwa.elkhaddar/BIM/ORFMINE/ORFmine/orfmine/orfribo/Test/SUPPLEMENTARY_DATA/Logs/Bam2Reads_Exome/SRR1562875.31.offset_grep.log
        echo "$offset"
        if [ "$offset" = "" ]; then offset=12 ; fi
        python3 /data/work/I2BC/fadwa.elkhaddar/BIM/Workflow_Hisat/scripts/Bam2Reads/BAM2Reads.py -shift $offset -kmer 31 -gff /data/work/I2BC/fadwa.elkhaddar/BIM/ORFMINE/ORFmine/orfmine/orfribo/Test/DATA_PROCESSING/Exome/Exome_elongated.gff -bam /data/work/I2BC/fadwa.elkhaddar/BIM/ORFMINE/ORFmine/orfmine/orfribo/Test/RESULTS/BAM/Exome/SRR1562875/SRR1562875.bam -outpath /data/work/I2BC/fadwa.elkhaddar/BIM/ORFMINE/ORFmine/orfmine/orfribo/Test/DATA_PROCESSING/Bam2Reads_Exome/SRR1562875/SRR1562875_31  -outname Exome_31 -features_include CDS 2> /data/work/I2BC/fadwa.elkhaddar/BIM/ORFMINE/ORFmine/orfmine/orfribo/Test/SUPPLEMENTARY_DATA/Logs/Bam2Reads_Exome/SRR1562875.31.bam2read.log 
        
[Thu Apr 25 17:14:52 2024]
Finished job 24.
19 of 35 steps (54%) done
Select jobs to execute...

[Thu Apr 25 17:14:52 2024]
rule ORFstats:
    input: /data/work/I2BC/fadwa.elkhaddar/BIM/ORFMINE/ORFmine/orfmine/orfribo/Test/DATA_PROCESSING/RiboWaltz/SRR1562875/psite_offset.csv, /data/work/I2BC/fadwa.elkhaddar/BIM/ORFMINE/ORFmine/orfmine/orfribo/Test/DATA_PROCESSING/Bam2Reads_Exome/SRR1562875/SRR1562875_31/Exome_31_reads.tab
    output: /data/work/I2BC/fadwa.elkhaddar/BIM/ORFMINE/ORFmine/orfmine/orfribo/Test/DATA_PROCESSING/Bam2Reads_Exome/SRR1562875/SRR1562875_31/Exome_31_reads.stats
    log: /data/work/I2BC/fadwa.elkhaddar/BIM/ORFMINE/ORFmine/orfmine/orfribo/Test/SUPPLEMENTARY_DATA/Logs/ORFstat/SRR1562875.31.orfstats.log
    jobid: 35
    benchmark: /data/work/I2BC/fadwa.elkhaddar/BIM/ORFMINE/ORFmine/orfmine/orfribo/Test/SUPPLEMENTARY_DATA/Benchmarks/ORFstat/SRR1562875.31.orfstats.txt
    reason: Input files updated by another job: /data/work/I2BC/fadwa.elkhaddar/BIM/ORFMINE/ORFmine/orfmine/orfribo/Test/DATA_PROCESSING/RiboWaltz/SRR1562875/psite_offset.csv, /data/work/I2BC/fadwa.elkhaddar/BIM/ORFMINE/ORFmine/orfmine/orfribo/Test/DATA_PROCESSING/Bam2Reads_Exome/SRR1562875/SRR1562875_31/Exome_31_reads.tab
    wildcards: sample=SRR1562875, length=31
    resources: tmpdir=/var/tmp/pbs.980092.pbsserver

set +o pipefail;orfstats -tab /data/work/I2BC/fadwa.elkhaddar/BIM/ORFMINE/ORFmine/orfmine/orfribo/Test/DATA_PROCESSING/Bam2Reads_Exome/SRR1562875/SRR1562875_31/Exome_31_reads.tab -N 10 -out /data/work/I2BC/fadwa.elkhaddar/BIM/ORFMINE/ORFmine/orfmine/orfribo/Test/DATA_PROCESSING/Bam2Reads_Exome/SRR1562875/SRR1562875_31 2> /data/work/I2BC/fadwa.elkhaddar/BIM/ORFMINE/ORFmine/orfmine/orfribo/Test/SUPPLEMENTARY_DATA/Logs/ORFstat/SRR1562875.31.orfstats.log ;
[Thu Apr 25 17:14:54 2024]
Finished job 35.
20 of 35 steps (57%) done
Select jobs to execute...

[Thu Apr 25 17:14:54 2024]
rule Bam2Reads_Exome:
    input: /data/work/I2BC/fadwa.elkhaddar/BIM/ORFMINE/ORFmine/orfmine/orfribo/Test/DATA_PROCESSING/Exome/Exome_elongated.gff, /data/work/I2BC/fadwa.elkhaddar/BIM/ORFMINE/ORFmine/orfmine/orfribo/Test/RESULTS/BAM/Exome/SRR1562875/SRR1562875.bam, /data/work/I2BC/fadwa.elkhaddar/BIM/ORFMINE/ORFmine/orfmine/orfribo/Test/RESULTS/BAM/Exome/SRR1562875/SRR1562875.bam.bai, /data/work/I2BC/fadwa.elkhaddar/BIM/ORFMINE/ORFmine/orfmine/orfribo/Test/DATA_PROCESSING/RiboWaltz/SRR1562875/psite_offset.csv
    output: /data/work/I2BC/fadwa.elkhaddar/BIM/ORFMINE/ORFmine/orfmine/orfribo/Test/DATA_PROCESSING/Bam2Reads_Exome/SRR1562875/SRR1562875_29/Exome_29_reads.tab
    log: /data/work/I2BC/fadwa.elkhaddar/BIM/ORFMINE/ORFmine/orfmine/orfribo/Test/SUPPLEMENTARY_DATA/Logs/Bam2Reads_Exome/SRR1562875.29.bam2read.log, /data/work/I2BC/fadwa.elkhaddar/BIM/ORFMINE/ORFmine/orfmine/orfribo/Test/SUPPLEMENTARY_DATA/Logs/Bam2Reads_Exome/SRR1562875.29.offset_grep.log
    jobid: 22
    benchmark: /data/work/I2BC/fadwa.elkhaddar/BIM/ORFMINE/ORFmine/orfmine/orfribo/Test/SUPPLEMENTARY_DATA/Benchmarks/Bam2Reads_Exome/SRR1562875.29.bam2read.benchmark.txt
    reason: Input files updated by another job: /data/work/I2BC/fadwa.elkhaddar/BIM/ORFMINE/ORFmine/orfmine/orfribo/Test/DATA_PROCESSING/RiboWaltz/SRR1562875/psite_offset.csv
    wildcards: sample=SRR1562875, length=29
    resources: tmpdir=/var/tmp/pbs.980092.pbsserver, mem_mb=1000


        offset=$(grep SRR1562875 /data/work/I2BC/fadwa.elkhaddar/BIM/ORFMINE/ORFmine/orfmine/orfribo/Test/DATA_PROCESSING/RiboWaltz/SRR1562875/psite_offset.csv 2> /data/work/I2BC/fadwa.elkhaddar/BIM/ORFMINE/ORFmine/orfmine/orfribo/Test/SUPPLEMENTARY_DATA/Logs/Bam2Reads_Exome/SRR1562875.29.offset_grep.log | grep ^29 2>> /data/work/I2BC/fadwa.elkhaddar/BIM/ORFMINE/ORFmine/orfmine/orfribo/Test/SUPPLEMENTARY_DATA/Logs/Bam2Reads_Exome/SRR1562875.29.offset_grep.log | cut -f7 2>> /data/work/I2BC/fadwa.elkhaddar/BIM/ORFMINE/ORFmine/orfmine/orfribo/Test/SUPPLEMENTARY_DATA/Logs/Bam2Reads_Exome/SRR1562875.29.offset_grep.log) 2>> /data/work/I2BC/fadwa.elkhaddar/BIM/ORFMINE/ORFmine/orfmine/orfribo/Test/SUPPLEMENTARY_DATA/Logs/Bam2Reads_Exome/SRR1562875.29.offset_grep.log
        echo "$offset"
        if [ "$offset" = "" ]; then offset=12 ; fi
        python3 /data/work/I2BC/fadwa.elkhaddar/BIM/Workflow_Hisat/scripts/Bam2Reads/BAM2Reads.py -shift $offset -kmer 29 -gff /data/work/I2BC/fadwa.elkhaddar/BIM/ORFMINE/ORFmine/orfmine/orfribo/Test/DATA_PROCESSING/Exome/Exome_elongated.gff -bam /data/work/I2BC/fadwa.elkhaddar/BIM/ORFMINE/ORFmine/orfmine/orfribo/Test/RESULTS/BAM/Exome/SRR1562875/SRR1562875.bam -outpath /data/work/I2BC/fadwa.elkhaddar/BIM/ORFMINE/ORFmine/orfmine/orfribo/Test/DATA_PROCESSING/Bam2Reads_Exome/SRR1562875/SRR1562875_29  -outname Exome_29 -features_include CDS 2> /data/work/I2BC/fadwa.elkhaddar/BIM/ORFMINE/ORFmine/orfmine/orfribo/Test/SUPPLEMENTARY_DATA/Logs/Bam2Reads_Exome/SRR1562875.29.bam2read.log 
        
[Thu Apr 25 17:18:25 2024]
Finished job 22.
21 of 35 steps (60%) done
Select jobs to execute...

[Thu Apr 25 17:18:25 2024]
rule ORFstats:
    input: /data/work/I2BC/fadwa.elkhaddar/BIM/ORFMINE/ORFmine/orfmine/orfribo/Test/DATA_PROCESSING/RiboWaltz/SRR1562875/psite_offset.csv, /data/work/I2BC/fadwa.elkhaddar/BIM/ORFMINE/ORFmine/orfmine/orfribo/Test/DATA_PROCESSING/Bam2Reads_Exome/SRR1562875/SRR1562875_29/Exome_29_reads.tab
    output: /data/work/I2BC/fadwa.elkhaddar/BIM/ORFMINE/ORFmine/orfmine/orfribo/Test/DATA_PROCESSING/Bam2Reads_Exome/SRR1562875/SRR1562875_29/Exome_29_reads.stats
    log: /data/work/I2BC/fadwa.elkhaddar/BIM/ORFMINE/ORFmine/orfmine/orfribo/Test/SUPPLEMENTARY_DATA/Logs/ORFstat/SRR1562875.29.orfstats.log
    jobid: 33
    benchmark: /data/work/I2BC/fadwa.elkhaddar/BIM/ORFMINE/ORFmine/orfmine/orfribo/Test/SUPPLEMENTARY_DATA/Benchmarks/ORFstat/SRR1562875.29.orfstats.txt
    reason: Input files updated by another job: /data/work/I2BC/fadwa.elkhaddar/BIM/ORFMINE/ORFmine/orfmine/orfribo/Test/DATA_PROCESSING/Bam2Reads_Exome/SRR1562875/SRR1562875_29/Exome_29_reads.tab, /data/work/I2BC/fadwa.elkhaddar/BIM/ORFMINE/ORFmine/orfmine/orfribo/Test/DATA_PROCESSING/RiboWaltz/SRR1562875/psite_offset.csv
    wildcards: sample=SRR1562875, length=29
    resources: tmpdir=/var/tmp/pbs.980092.pbsserver

set +o pipefail;orfstats -tab /data/work/I2BC/fadwa.elkhaddar/BIM/ORFMINE/ORFmine/orfmine/orfribo/Test/DATA_PROCESSING/Bam2Reads_Exome/SRR1562875/SRR1562875_29/Exome_29_reads.tab -N 10 -out /data/work/I2BC/fadwa.elkhaddar/BIM/ORFMINE/ORFmine/orfmine/orfribo/Test/DATA_PROCESSING/Bam2Reads_Exome/SRR1562875/SRR1562875_29 2> /data/work/I2BC/fadwa.elkhaddar/BIM/ORFMINE/ORFmine/orfmine/orfribo/Test/SUPPLEMENTARY_DATA/Logs/ORFstat/SRR1562875.29.orfstats.log ;
[Thu Apr 25 17:18:26 2024]
Finished job 33.
22 of 35 steps (63%) done
Select jobs to execute...

[Thu Apr 25 17:18:26 2024]
rule Bam2Reads_Exome:
    input: /data/work/I2BC/fadwa.elkhaddar/BIM/ORFMINE/ORFmine/orfmine/orfribo/Test/DATA_PROCESSING/Exome/Exome_elongated.gff, /data/work/I2BC/fadwa.elkhaddar/BIM/ORFMINE/ORFmine/orfmine/orfribo/Test/RESULTS/BAM/Exome/SRR1562875/SRR1562875.bam, /data/work/I2BC/fadwa.elkhaddar/BIM/ORFMINE/ORFmine/orfmine/orfribo/Test/RESULTS/BAM/Exome/SRR1562875/SRR1562875.bam.bai, /data/work/I2BC/fadwa.elkhaddar/BIM/ORFMINE/ORFmine/orfmine/orfribo/Test/DATA_PROCESSING/RiboWaltz/SRR1562875/psite_offset.csv
    output: /data/work/I2BC/fadwa.elkhaddar/BIM/ORFMINE/ORFmine/orfmine/orfribo/Test/DATA_PROCESSING/Bam2Reads_Exome/SRR1562875/SRR1562875_26/Exome_26_reads.tab
    log: /data/work/I2BC/fadwa.elkhaddar/BIM/ORFMINE/ORFmine/orfmine/orfribo/Test/SUPPLEMENTARY_DATA/Logs/Bam2Reads_Exome/SRR1562875.26.bam2read.log, /data/work/I2BC/fadwa.elkhaddar/BIM/ORFMINE/ORFmine/orfmine/orfribo/Test/SUPPLEMENTARY_DATA/Logs/Bam2Reads_Exome/SRR1562875.26.offset_grep.log
    jobid: 19
    benchmark: /data/work/I2BC/fadwa.elkhaddar/BIM/ORFMINE/ORFmine/orfmine/orfribo/Test/SUPPLEMENTARY_DATA/Benchmarks/Bam2Reads_Exome/SRR1562875.26.bam2read.benchmark.txt
    reason: Input files updated by another job: /data/work/I2BC/fadwa.elkhaddar/BIM/ORFMINE/ORFmine/orfmine/orfribo/Test/DATA_PROCESSING/RiboWaltz/SRR1562875/psite_offset.csv
    wildcards: sample=SRR1562875, length=26
    resources: tmpdir=/var/tmp/pbs.980092.pbsserver, mem_mb=1000


        offset=$(grep SRR1562875 /data/work/I2BC/fadwa.elkhaddar/BIM/ORFMINE/ORFmine/orfmine/orfribo/Test/DATA_PROCESSING/RiboWaltz/SRR1562875/psite_offset.csv 2> /data/work/I2BC/fadwa.elkhaddar/BIM/ORFMINE/ORFmine/orfmine/orfribo/Test/SUPPLEMENTARY_DATA/Logs/Bam2Reads_Exome/SRR1562875.26.offset_grep.log | grep ^26 2>> /data/work/I2BC/fadwa.elkhaddar/BIM/ORFMINE/ORFmine/orfmine/orfribo/Test/SUPPLEMENTARY_DATA/Logs/Bam2Reads_Exome/SRR1562875.26.offset_grep.log | cut -f7 2>> /data/work/I2BC/fadwa.elkhaddar/BIM/ORFMINE/ORFmine/orfmine/orfribo/Test/SUPPLEMENTARY_DATA/Logs/Bam2Reads_Exome/SRR1562875.26.offset_grep.log) 2>> /data/work/I2BC/fadwa.elkhaddar/BIM/ORFMINE/ORFmine/orfmine/orfribo/Test/SUPPLEMENTARY_DATA/Logs/Bam2Reads_Exome/SRR1562875.26.offset_grep.log
        echo "$offset"
        if [ "$offset" = "" ]; then offset=12 ; fi
        python3 /data/work/I2BC/fadwa.elkhaddar/BIM/Workflow_Hisat/scripts/Bam2Reads/BAM2Reads.py -shift $offset -kmer 26 -gff /data/work/I2BC/fadwa.elkhaddar/BIM/ORFMINE/ORFmine/orfmine/orfribo/Test/DATA_PROCESSING/Exome/Exome_elongated.gff -bam /data/work/I2BC/fadwa.elkhaddar/BIM/ORFMINE/ORFmine/orfmine/orfribo/Test/RESULTS/BAM/Exome/SRR1562875/SRR1562875.bam -outpath /data/work/I2BC/fadwa.elkhaddar/BIM/ORFMINE/ORFmine/orfmine/orfribo/Test/DATA_PROCESSING/Bam2Reads_Exome/SRR1562875/SRR1562875_26  -outname Exome_26 -features_include CDS 2> /data/work/I2BC/fadwa.elkhaddar/BIM/ORFMINE/ORFmine/orfmine/orfribo/Test/SUPPLEMENTARY_DATA/Logs/Bam2Reads_Exome/SRR1562875.26.bam2read.log 
        
[Thu Apr 25 17:22:03 2024]
Finished job 19.
23 of 35 steps (66%) done
Select jobs to execute...

[Thu Apr 25 17:22:03 2024]
rule ORFstats:
    input: /data/work/I2BC/fadwa.elkhaddar/BIM/ORFMINE/ORFmine/orfmine/orfribo/Test/DATA_PROCESSING/RiboWaltz/SRR1562875/psite_offset.csv, /data/work/I2BC/fadwa.elkhaddar/BIM/ORFMINE/ORFmine/orfmine/orfribo/Test/DATA_PROCESSING/Bam2Reads_Exome/SRR1562875/SRR1562875_26/Exome_26_reads.tab
    output: /data/work/I2BC/fadwa.elkhaddar/BIM/ORFMINE/ORFmine/orfmine/orfribo/Test/DATA_PROCESSING/Bam2Reads_Exome/SRR1562875/SRR1562875_26/Exome_26_reads.stats
    log: /data/work/I2BC/fadwa.elkhaddar/BIM/ORFMINE/ORFmine/orfmine/orfribo/Test/SUPPLEMENTARY_DATA/Logs/ORFstat/SRR1562875.26.orfstats.log
    jobid: 30
    benchmark: /data/work/I2BC/fadwa.elkhaddar/BIM/ORFMINE/ORFmine/orfmine/orfribo/Test/SUPPLEMENTARY_DATA/Benchmarks/ORFstat/SRR1562875.26.orfstats.txt
    reason: Input files updated by another job: /data/work/I2BC/fadwa.elkhaddar/BIM/ORFMINE/ORFmine/orfmine/orfribo/Test/DATA_PROCESSING/Bam2Reads_Exome/SRR1562875/SRR1562875_26/Exome_26_reads.tab, /data/work/I2BC/fadwa.elkhaddar/BIM/ORFMINE/ORFmine/orfmine/orfribo/Test/DATA_PROCESSING/RiboWaltz/SRR1562875/psite_offset.csv
    wildcards: sample=SRR1562875, length=26
    resources: tmpdir=/var/tmp/pbs.980092.pbsserver

set +o pipefail;orfstats -tab /data/work/I2BC/fadwa.elkhaddar/BIM/ORFMINE/ORFmine/orfmine/orfribo/Test/DATA_PROCESSING/Bam2Reads_Exome/SRR1562875/SRR1562875_26/Exome_26_reads.tab -N 10 -out /data/work/I2BC/fadwa.elkhaddar/BIM/ORFMINE/ORFmine/orfmine/orfribo/Test/DATA_PROCESSING/Bam2Reads_Exome/SRR1562875/SRR1562875_26 2> /data/work/I2BC/fadwa.elkhaddar/BIM/ORFMINE/ORFmine/orfmine/orfribo/Test/SUPPLEMENTARY_DATA/Logs/ORFstat/SRR1562875.26.orfstats.log ;
[Thu Apr 25 17:22:04 2024]
Finished job 30.
24 of 35 steps (69%) done
Select jobs to execute...

[Thu Apr 25 17:22:04 2024]
rule Bam2Reads_Exome:
    input: /data/work/I2BC/fadwa.elkhaddar/BIM/ORFMINE/ORFmine/orfmine/orfribo/Test/DATA_PROCESSING/Exome/Exome_elongated.gff, /data/work/I2BC/fadwa.elkhaddar/BIM/ORFMINE/ORFmine/orfmine/orfribo/Test/RESULTS/BAM/Exome/SRR1562875/SRR1562875.bam, /data/work/I2BC/fadwa.elkhaddar/BIM/ORFMINE/ORFmine/orfmine/orfribo/Test/RESULTS/BAM/Exome/SRR1562875/SRR1562875.bam.bai, /data/work/I2BC/fadwa.elkhaddar/BIM/ORFMINE/ORFmine/orfmine/orfribo/Test/DATA_PROCESSING/RiboWaltz/SRR1562875/psite_offset.csv
    output: /data/work/I2BC/fadwa.elkhaddar/BIM/ORFMINE/ORFmine/orfmine/orfribo/Test/DATA_PROCESSING/Bam2Reads_Exome/SRR1562875/SRR1562875_34/Exome_34_reads.tab
    log: /data/work/I2BC/fadwa.elkhaddar/BIM/ORFMINE/ORFmine/orfmine/orfribo/Test/SUPPLEMENTARY_DATA/Logs/Bam2Reads_Exome/SRR1562875.34.bam2read.log, /data/work/I2BC/fadwa.elkhaddar/BIM/ORFMINE/ORFmine/orfmine/orfribo/Test/SUPPLEMENTARY_DATA/Logs/Bam2Reads_Exome/SRR1562875.34.offset_grep.log
    jobid: 27
    benchmark: /data/work/I2BC/fadwa.elkhaddar/BIM/ORFMINE/ORFmine/orfmine/orfribo/Test/SUPPLEMENTARY_DATA/Benchmarks/Bam2Reads_Exome/SRR1562875.34.bam2read.benchmark.txt
    reason: Input files updated by another job: /data/work/I2BC/fadwa.elkhaddar/BIM/ORFMINE/ORFmine/orfmine/orfribo/Test/DATA_PROCESSING/RiboWaltz/SRR1562875/psite_offset.csv
    wildcards: sample=SRR1562875, length=34
    resources: tmpdir=/var/tmp/pbs.980092.pbsserver, mem_mb=1000


        offset=$(grep SRR1562875 /data/work/I2BC/fadwa.elkhaddar/BIM/ORFMINE/ORFmine/orfmine/orfribo/Test/DATA_PROCESSING/RiboWaltz/SRR1562875/psite_offset.csv 2> /data/work/I2BC/fadwa.elkhaddar/BIM/ORFMINE/ORFmine/orfmine/orfribo/Test/SUPPLEMENTARY_DATA/Logs/Bam2Reads_Exome/SRR1562875.34.offset_grep.log | grep ^34 2>> /data/work/I2BC/fadwa.elkhaddar/BIM/ORFMINE/ORFmine/orfmine/orfribo/Test/SUPPLEMENTARY_DATA/Logs/Bam2Reads_Exome/SRR1562875.34.offset_grep.log | cut -f7 2>> /data/work/I2BC/fadwa.elkhaddar/BIM/ORFMINE/ORFmine/orfmine/orfribo/Test/SUPPLEMENTARY_DATA/Logs/Bam2Reads_Exome/SRR1562875.34.offset_grep.log) 2>> /data/work/I2BC/fadwa.elkhaddar/BIM/ORFMINE/ORFmine/orfmine/orfribo/Test/SUPPLEMENTARY_DATA/Logs/Bam2Reads_Exome/SRR1562875.34.offset_grep.log
        echo "$offset"
        if [ "$offset" = "" ]; then offset=12 ; fi
        python3 /data/work/I2BC/fadwa.elkhaddar/BIM/Workflow_Hisat/scripts/Bam2Reads/BAM2Reads.py -shift $offset -kmer 34 -gff /data/work/I2BC/fadwa.elkhaddar/BIM/ORFMINE/ORFmine/orfmine/orfribo/Test/DATA_PROCESSING/Exome/Exome_elongated.gff -bam /data/work/I2BC/fadwa.elkhaddar/BIM/ORFMINE/ORFmine/orfmine/orfribo/Test/RESULTS/BAM/Exome/SRR1562875/SRR1562875.bam -outpath /data/work/I2BC/fadwa.elkhaddar/BIM/ORFMINE/ORFmine/orfmine/orfribo/Test/DATA_PROCESSING/Bam2Reads_Exome/SRR1562875/SRR1562875_34  -outname Exome_34 -features_include CDS 2> /data/work/I2BC/fadwa.elkhaddar/BIM/ORFMINE/ORFmine/orfmine/orfribo/Test/SUPPLEMENTARY_DATA/Logs/Bam2Reads_Exome/SRR1562875.34.bam2read.log 
        
[Thu Apr 25 17:25:30 2024]
Finished job 27.
25 of 35 steps (71%) done
Select jobs to execute...

[Thu Apr 25 17:25:30 2024]
rule ORFstats:
    input: /data/work/I2BC/fadwa.elkhaddar/BIM/ORFMINE/ORFmine/orfmine/orfribo/Test/DATA_PROCESSING/RiboWaltz/SRR1562875/psite_offset.csv, /data/work/I2BC/fadwa.elkhaddar/BIM/ORFMINE/ORFmine/orfmine/orfribo/Test/DATA_PROCESSING/Bam2Reads_Exome/SRR1562875/SRR1562875_34/Exome_34_reads.tab
    output: /data/work/I2BC/fadwa.elkhaddar/BIM/ORFMINE/ORFmine/orfmine/orfribo/Test/DATA_PROCESSING/Bam2Reads_Exome/SRR1562875/SRR1562875_34/Exome_34_reads.stats
    log: /data/work/I2BC/fadwa.elkhaddar/BIM/ORFMINE/ORFmine/orfmine/orfribo/Test/SUPPLEMENTARY_DATA/Logs/ORFstat/SRR1562875.34.orfstats.log
    jobid: 38
    benchmark: /data/work/I2BC/fadwa.elkhaddar/BIM/ORFMINE/ORFmine/orfmine/orfribo/Test/SUPPLEMENTARY_DATA/Benchmarks/ORFstat/SRR1562875.34.orfstats.txt
    reason: Input files updated by another job: /data/work/I2BC/fadwa.elkhaddar/BIM/ORFMINE/ORFmine/orfmine/orfribo/Test/DATA_PROCESSING/Bam2Reads_Exome/SRR1562875/SRR1562875_34/Exome_34_reads.tab, /data/work/I2BC/fadwa.elkhaddar/BIM/ORFMINE/ORFmine/orfmine/orfribo/Test/DATA_PROCESSING/RiboWaltz/SRR1562875/psite_offset.csv
    wildcards: sample=SRR1562875, length=34
    resources: tmpdir=/var/tmp/pbs.980092.pbsserver

set +o pipefail;orfstats -tab /data/work/I2BC/fadwa.elkhaddar/BIM/ORFMINE/ORFmine/orfmine/orfribo/Test/DATA_PROCESSING/Bam2Reads_Exome/SRR1562875/SRR1562875_34/Exome_34_reads.tab -N 10 -out /data/work/I2BC/fadwa.elkhaddar/BIM/ORFMINE/ORFmine/orfmine/orfribo/Test/DATA_PROCESSING/Bam2Reads_Exome/SRR1562875/SRR1562875_34 2> /data/work/I2BC/fadwa.elkhaddar/BIM/ORFMINE/ORFmine/orfmine/orfribo/Test/SUPPLEMENTARY_DATA/Logs/ORFstat/SRR1562875.34.orfstats.log ;
[Thu Apr 25 17:25:31 2024]
Finished job 38.
26 of 35 steps (74%) done
Select jobs to execute...

[Thu Apr 25 17:25:32 2024]
rule Bam2Reads_Exome:
    input: /data/work/I2BC/fadwa.elkhaddar/BIM/ORFMINE/ORFmine/orfmine/orfribo/Test/DATA_PROCESSING/Exome/Exome_elongated.gff, /data/work/I2BC/fadwa.elkhaddar/BIM/ORFMINE/ORFmine/orfmine/orfribo/Test/RESULTS/BAM/Exome/SRR1562875/SRR1562875.bam, /data/work/I2BC/fadwa.elkhaddar/BIM/ORFMINE/ORFmine/orfmine/orfribo/Test/RESULTS/BAM/Exome/SRR1562875/SRR1562875.bam.bai, /data/work/I2BC/fadwa.elkhaddar/BIM/ORFMINE/ORFmine/orfmine/orfribo/Test/DATA_PROCESSING/RiboWaltz/SRR1562875/psite_offset.csv
    output: /data/work/I2BC/fadwa.elkhaddar/BIM/ORFMINE/ORFmine/orfmine/orfribo/Test/DATA_PROCESSING/Bam2Reads_Exome/SRR1562875/SRR1562875_30/Exome_30_reads.tab
    log: /data/work/I2BC/fadwa.elkhaddar/BIM/ORFMINE/ORFmine/orfmine/orfribo/Test/SUPPLEMENTARY_DATA/Logs/Bam2Reads_Exome/SRR1562875.30.bam2read.log, /data/work/I2BC/fadwa.elkhaddar/BIM/ORFMINE/ORFmine/orfmine/orfribo/Test/SUPPLEMENTARY_DATA/Logs/Bam2Reads_Exome/SRR1562875.30.offset_grep.log
    jobid: 23
    benchmark: /data/work/I2BC/fadwa.elkhaddar/BIM/ORFMINE/ORFmine/orfmine/orfribo/Test/SUPPLEMENTARY_DATA/Benchmarks/Bam2Reads_Exome/SRR1562875.30.bam2read.benchmark.txt
    reason: Input files updated by another job: /data/work/I2BC/fadwa.elkhaddar/BIM/ORFMINE/ORFmine/orfmine/orfribo/Test/DATA_PROCESSING/RiboWaltz/SRR1562875/psite_offset.csv
    wildcards: sample=SRR1562875, length=30
    resources: tmpdir=/var/tmp/pbs.980092.pbsserver, mem_mb=1000


        offset=$(grep SRR1562875 /data/work/I2BC/fadwa.elkhaddar/BIM/ORFMINE/ORFmine/orfmine/orfribo/Test/DATA_PROCESSING/RiboWaltz/SRR1562875/psite_offset.csv 2> /data/work/I2BC/fadwa.elkhaddar/BIM/ORFMINE/ORFmine/orfmine/orfribo/Test/SUPPLEMENTARY_DATA/Logs/Bam2Reads_Exome/SRR1562875.30.offset_grep.log | grep ^30 2>> /data/work/I2BC/fadwa.elkhaddar/BIM/ORFMINE/ORFmine/orfmine/orfribo/Test/SUPPLEMENTARY_DATA/Logs/Bam2Reads_Exome/SRR1562875.30.offset_grep.log | cut -f7 2>> /data/work/I2BC/fadwa.elkhaddar/BIM/ORFMINE/ORFmine/orfmine/orfribo/Test/SUPPLEMENTARY_DATA/Logs/Bam2Reads_Exome/SRR1562875.30.offset_grep.log) 2>> /data/work/I2BC/fadwa.elkhaddar/BIM/ORFMINE/ORFmine/orfmine/orfribo/Test/SUPPLEMENTARY_DATA/Logs/Bam2Reads_Exome/SRR1562875.30.offset_grep.log
        echo "$offset"
        if [ "$offset" = "" ]; then offset=12 ; fi
        python3 /data/work/I2BC/fadwa.elkhaddar/BIM/Workflow_Hisat/scripts/Bam2Reads/BAM2Reads.py -shift $offset -kmer 30 -gff /data/work/I2BC/fadwa.elkhaddar/BIM/ORFMINE/ORFmine/orfmine/orfribo/Test/DATA_PROCESSING/Exome/Exome_elongated.gff -bam /data/work/I2BC/fadwa.elkhaddar/BIM/ORFMINE/ORFmine/orfmine/orfribo/Test/RESULTS/BAM/Exome/SRR1562875/SRR1562875.bam -outpath /data/work/I2BC/fadwa.elkhaddar/BIM/ORFMINE/ORFmine/orfmine/orfribo/Test/DATA_PROCESSING/Bam2Reads_Exome/SRR1562875/SRR1562875_30  -outname Exome_30 -features_include CDS 2> /data/work/I2BC/fadwa.elkhaddar/BIM/ORFMINE/ORFmine/orfmine/orfribo/Test/SUPPLEMENTARY_DATA/Logs/Bam2Reads_Exome/SRR1562875.30.bam2read.log 
        
[Thu Apr 25 17:28:57 2024]
Finished job 23.
27 of 35 steps (77%) done
Select jobs to execute...

[Thu Apr 25 17:28:57 2024]
rule ORFstats:
    input: /data/work/I2BC/fadwa.elkhaddar/BIM/ORFMINE/ORFmine/orfmine/orfribo/Test/DATA_PROCESSING/RiboWaltz/SRR1562875/psite_offset.csv, /data/work/I2BC/fadwa.elkhaddar/BIM/ORFMINE/ORFmine/orfmine/orfribo/Test/DATA_PROCESSING/Bam2Reads_Exome/SRR1562875/SRR1562875_30/Exome_30_reads.tab
    output: /data/work/I2BC/fadwa.elkhaddar/BIM/ORFMINE/ORFmine/orfmine/orfribo/Test/DATA_PROCESSING/Bam2Reads_Exome/SRR1562875/SRR1562875_30/Exome_30_reads.stats
    log: /data/work/I2BC/fadwa.elkhaddar/BIM/ORFMINE/ORFmine/orfmine/orfribo/Test/SUPPLEMENTARY_DATA/Logs/ORFstat/SRR1562875.30.orfstats.log
    jobid: 34
    benchmark: /data/work/I2BC/fadwa.elkhaddar/BIM/ORFMINE/ORFmine/orfmine/orfribo/Test/SUPPLEMENTARY_DATA/Benchmarks/ORFstat/SRR1562875.30.orfstats.txt
    reason: Input files updated by another job: /data/work/I2BC/fadwa.elkhaddar/BIM/ORFMINE/ORFmine/orfmine/orfribo/Test/DATA_PROCESSING/RiboWaltz/SRR1562875/psite_offset.csv, /data/work/I2BC/fadwa.elkhaddar/BIM/ORFMINE/ORFmine/orfmine/orfribo/Test/DATA_PROCESSING/Bam2Reads_Exome/SRR1562875/SRR1562875_30/Exome_30_reads.tab
    wildcards: sample=SRR1562875, length=30
    resources: tmpdir=/var/tmp/pbs.980092.pbsserver

set +o pipefail;orfstats -tab /data/work/I2BC/fadwa.elkhaddar/BIM/ORFMINE/ORFmine/orfmine/orfribo/Test/DATA_PROCESSING/Bam2Reads_Exome/SRR1562875/SRR1562875_30/Exome_30_reads.tab -N 10 -out /data/work/I2BC/fadwa.elkhaddar/BIM/ORFMINE/ORFmine/orfmine/orfribo/Test/DATA_PROCESSING/Bam2Reads_Exome/SRR1562875/SRR1562875_30 2> /data/work/I2BC/fadwa.elkhaddar/BIM/ORFMINE/ORFmine/orfmine/orfribo/Test/SUPPLEMENTARY_DATA/Logs/ORFstat/SRR1562875.30.orfstats.log ;
[Thu Apr 25 17:28:58 2024]
Finished job 34.
28 of 35 steps (80%) done
Select jobs to execute...

[Thu Apr 25 17:28:58 2024]
rule Bam2Reads_Exome:
    input: /data/work/I2BC/fadwa.elkhaddar/BIM/ORFMINE/ORFmine/orfmine/orfribo/Test/DATA_PROCESSING/Exome/Exome_elongated.gff, /data/work/I2BC/fadwa.elkhaddar/BIM/ORFMINE/ORFmine/orfmine/orfribo/Test/RESULTS/BAM/Exome/SRR1562875/SRR1562875.bam, /data/work/I2BC/fadwa.elkhaddar/BIM/ORFMINE/ORFmine/orfmine/orfribo/Test/RESULTS/BAM/Exome/SRR1562875/SRR1562875.bam.bai, /data/work/I2BC/fadwa.elkhaddar/BIM/ORFMINE/ORFmine/orfmine/orfribo/Test/DATA_PROCESSING/RiboWaltz/SRR1562875/psite_offset.csv
    output: /data/work/I2BC/fadwa.elkhaddar/BIM/ORFMINE/ORFmine/orfmine/orfribo/Test/DATA_PROCESSING/Bam2Reads_Exome/SRR1562875/SRR1562875_28/Exome_28_reads.tab
    log: /data/work/I2BC/fadwa.elkhaddar/BIM/ORFMINE/ORFmine/orfmine/orfribo/Test/SUPPLEMENTARY_DATA/Logs/Bam2Reads_Exome/SRR1562875.28.bam2read.log, /data/work/I2BC/fadwa.elkhaddar/BIM/ORFMINE/ORFmine/orfmine/orfribo/Test/SUPPLEMENTARY_DATA/Logs/Bam2Reads_Exome/SRR1562875.28.offset_grep.log
    jobid: 21
    benchmark: /data/work/I2BC/fadwa.elkhaddar/BIM/ORFMINE/ORFmine/orfmine/orfribo/Test/SUPPLEMENTARY_DATA/Benchmarks/Bam2Reads_Exome/SRR1562875.28.bam2read.benchmark.txt
    reason: Input files updated by another job: /data/work/I2BC/fadwa.elkhaddar/BIM/ORFMINE/ORFmine/orfmine/orfribo/Test/DATA_PROCESSING/RiboWaltz/SRR1562875/psite_offset.csv
    wildcards: sample=SRR1562875, length=28
    resources: tmpdir=/var/tmp/pbs.980092.pbsserver, mem_mb=1000


        offset=$(grep SRR1562875 /data/work/I2BC/fadwa.elkhaddar/BIM/ORFMINE/ORFmine/orfmine/orfribo/Test/DATA_PROCESSING/RiboWaltz/SRR1562875/psite_offset.csv 2> /data/work/I2BC/fadwa.elkhaddar/BIM/ORFMINE/ORFmine/orfmine/orfribo/Test/SUPPLEMENTARY_DATA/Logs/Bam2Reads_Exome/SRR1562875.28.offset_grep.log | grep ^28 2>> /data/work/I2BC/fadwa.elkhaddar/BIM/ORFMINE/ORFmine/orfmine/orfribo/Test/SUPPLEMENTARY_DATA/Logs/Bam2Reads_Exome/SRR1562875.28.offset_grep.log | cut -f7 2>> /data/work/I2BC/fadwa.elkhaddar/BIM/ORFMINE/ORFmine/orfmine/orfribo/Test/SUPPLEMENTARY_DATA/Logs/Bam2Reads_Exome/SRR1562875.28.offset_grep.log) 2>> /data/work/I2BC/fadwa.elkhaddar/BIM/ORFMINE/ORFmine/orfmine/orfribo/Test/SUPPLEMENTARY_DATA/Logs/Bam2Reads_Exome/SRR1562875.28.offset_grep.log
        echo "$offset"
        if [ "$offset" = "" ]; then offset=12 ; fi
        python3 /data/work/I2BC/fadwa.elkhaddar/BIM/Workflow_Hisat/scripts/Bam2Reads/BAM2Reads.py -shift $offset -kmer 28 -gff /data/work/I2BC/fadwa.elkhaddar/BIM/ORFMINE/ORFmine/orfmine/orfribo/Test/DATA_PROCESSING/Exome/Exome_elongated.gff -bam /data/work/I2BC/fadwa.elkhaddar/BIM/ORFMINE/ORFmine/orfmine/orfribo/Test/RESULTS/BAM/Exome/SRR1562875/SRR1562875.bam -outpath /data/work/I2BC/fadwa.elkhaddar/BIM/ORFMINE/ORFmine/orfmine/orfribo/Test/DATA_PROCESSING/Bam2Reads_Exome/SRR1562875/SRR1562875_28  -outname Exome_28 -features_include CDS 2> /data/work/I2BC/fadwa.elkhaddar/BIM/ORFMINE/ORFmine/orfmine/orfribo/Test/SUPPLEMENTARY_DATA/Logs/Bam2Reads_Exome/SRR1562875.28.bam2read.log 
        
[Thu Apr 25 17:32:31 2024]
Finished job 21.
29 of 35 steps (83%) done
Select jobs to execute...

[Thu Apr 25 17:32:31 2024]
rule ORFstats:
    input: /data/work/I2BC/fadwa.elkhaddar/BIM/ORFMINE/ORFmine/orfmine/orfribo/Test/DATA_PROCESSING/RiboWaltz/SRR1562875/psite_offset.csv, /data/work/I2BC/fadwa.elkhaddar/BIM/ORFMINE/ORFmine/orfmine/orfribo/Test/DATA_PROCESSING/Bam2Reads_Exome/SRR1562875/SRR1562875_28/Exome_28_reads.tab
    output: /data/work/I2BC/fadwa.elkhaddar/BIM/ORFMINE/ORFmine/orfmine/orfribo/Test/DATA_PROCESSING/Bam2Reads_Exome/SRR1562875/SRR1562875_28/Exome_28_reads.stats
    log: /data/work/I2BC/fadwa.elkhaddar/BIM/ORFMINE/ORFmine/orfmine/orfribo/Test/SUPPLEMENTARY_DATA/Logs/ORFstat/SRR1562875.28.orfstats.log
    jobid: 32
    benchmark: /data/work/I2BC/fadwa.elkhaddar/BIM/ORFMINE/ORFmine/orfmine/orfribo/Test/SUPPLEMENTARY_DATA/Benchmarks/ORFstat/SRR1562875.28.orfstats.txt
    reason: Input files updated by another job: /data/work/I2BC/fadwa.elkhaddar/BIM/ORFMINE/ORFmine/orfmine/orfribo/Test/DATA_PROCESSING/RiboWaltz/SRR1562875/psite_offset.csv, /data/work/I2BC/fadwa.elkhaddar/BIM/ORFMINE/ORFmine/orfmine/orfribo/Test/DATA_PROCESSING/Bam2Reads_Exome/SRR1562875/SRR1562875_28/Exome_28_reads.tab
    wildcards: sample=SRR1562875, length=28
    resources: tmpdir=/var/tmp/pbs.980092.pbsserver

set +o pipefail;orfstats -tab /data/work/I2BC/fadwa.elkhaddar/BIM/ORFMINE/ORFmine/orfmine/orfribo/Test/DATA_PROCESSING/Bam2Reads_Exome/SRR1562875/SRR1562875_28/Exome_28_reads.tab -N 10 -out /data/work/I2BC/fadwa.elkhaddar/BIM/ORFMINE/ORFmine/orfmine/orfribo/Test/DATA_PROCESSING/Bam2Reads_Exome/SRR1562875/SRR1562875_28 2> /data/work/I2BC/fadwa.elkhaddar/BIM/ORFMINE/ORFmine/orfmine/orfribo/Test/SUPPLEMENTARY_DATA/Logs/ORFstat/SRR1562875.28.orfstats.log ;
[Thu Apr 25 17:32:32 2024]
Finished job 32.
30 of 35 steps (86%) done
Select jobs to execute...

[Thu Apr 25 17:32:32 2024]
rule Bam2Reads_Exome:
    input: /data/work/I2BC/fadwa.elkhaddar/BIM/ORFMINE/ORFmine/orfmine/orfribo/Test/DATA_PROCESSING/Exome/Exome_elongated.gff, /data/work/I2BC/fadwa.elkhaddar/BIM/ORFMINE/ORFmine/orfmine/orfribo/Test/RESULTS/BAM/Exome/SRR1562875/SRR1562875.bam, /data/work/I2BC/fadwa.elkhaddar/BIM/ORFMINE/ORFmine/orfmine/orfribo/Test/RESULTS/BAM/Exome/SRR1562875/SRR1562875.bam.bai, /data/work/I2BC/fadwa.elkhaddar/BIM/ORFMINE/ORFmine/orfmine/orfribo/Test/DATA_PROCESSING/RiboWaltz/SRR1562875/psite_offset.csv
    output: /data/work/I2BC/fadwa.elkhaddar/BIM/ORFMINE/ORFmine/orfmine/orfribo/Test/DATA_PROCESSING/Bam2Reads_Exome/SRR1562875/SRR1562875_32/Exome_32_reads.tab
    log: /data/work/I2BC/fadwa.elkhaddar/BIM/ORFMINE/ORFmine/orfmine/orfribo/Test/SUPPLEMENTARY_DATA/Logs/Bam2Reads_Exome/SRR1562875.32.bam2read.log, /data/work/I2BC/fadwa.elkhaddar/BIM/ORFMINE/ORFmine/orfmine/orfribo/Test/SUPPLEMENTARY_DATA/Logs/Bam2Reads_Exome/SRR1562875.32.offset_grep.log
    jobid: 25
    benchmark: /data/work/I2BC/fadwa.elkhaddar/BIM/ORFMINE/ORFmine/orfmine/orfribo/Test/SUPPLEMENTARY_DATA/Benchmarks/Bam2Reads_Exome/SRR1562875.32.bam2read.benchmark.txt
    reason: Input files updated by another job: /data/work/I2BC/fadwa.elkhaddar/BIM/ORFMINE/ORFmine/orfmine/orfribo/Test/DATA_PROCESSING/RiboWaltz/SRR1562875/psite_offset.csv
    wildcards: sample=SRR1562875, length=32
    resources: tmpdir=/var/tmp/pbs.980092.pbsserver, mem_mb=1000


        offset=$(grep SRR1562875 /data/work/I2BC/fadwa.elkhaddar/BIM/ORFMINE/ORFmine/orfmine/orfribo/Test/DATA_PROCESSING/RiboWaltz/SRR1562875/psite_offset.csv 2> /data/work/I2BC/fadwa.elkhaddar/BIM/ORFMINE/ORFmine/orfmine/orfribo/Test/SUPPLEMENTARY_DATA/Logs/Bam2Reads_Exome/SRR1562875.32.offset_grep.log | grep ^32 2>> /data/work/I2BC/fadwa.elkhaddar/BIM/ORFMINE/ORFmine/orfmine/orfribo/Test/SUPPLEMENTARY_DATA/Logs/Bam2Reads_Exome/SRR1562875.32.offset_grep.log | cut -f7 2>> /data/work/I2BC/fadwa.elkhaddar/BIM/ORFMINE/ORFmine/orfmine/orfribo/Test/SUPPLEMENTARY_DATA/Logs/Bam2Reads_Exome/SRR1562875.32.offset_grep.log) 2>> /data/work/I2BC/fadwa.elkhaddar/BIM/ORFMINE/ORFmine/orfmine/orfribo/Test/SUPPLEMENTARY_DATA/Logs/Bam2Reads_Exome/SRR1562875.32.offset_grep.log
        echo "$offset"
        if [ "$offset" = "" ]; then offset=12 ; fi
        python3 /data/work/I2BC/fadwa.elkhaddar/BIM/Workflow_Hisat/scripts/Bam2Reads/BAM2Reads.py -shift $offset -kmer 32 -gff /data/work/I2BC/fadwa.elkhaddar/BIM/ORFMINE/ORFmine/orfmine/orfribo/Test/DATA_PROCESSING/Exome/Exome_elongated.gff -bam /data/work/I2BC/fadwa.elkhaddar/BIM/ORFMINE/ORFmine/orfmine/orfribo/Test/RESULTS/BAM/Exome/SRR1562875/SRR1562875.bam -outpath /data/work/I2BC/fadwa.elkhaddar/BIM/ORFMINE/ORFmine/orfmine/orfribo/Test/DATA_PROCESSING/Bam2Reads_Exome/SRR1562875/SRR1562875_32  -outname Exome_32 -features_include CDS 2> /data/work/I2BC/fadwa.elkhaddar/BIM/ORFMINE/ORFmine/orfmine/orfribo/Test/SUPPLEMENTARY_DATA/Logs/Bam2Reads_Exome/SRR1562875.32.bam2read.log 
        
[Thu Apr 25 17:36:01 2024]
Finished job 25.
31 of 35 steps (89%) done
Select jobs to execute...

[Thu Apr 25 17:36:01 2024]
rule Bam2Reads_Exome:
    input: /data/work/I2BC/fadwa.elkhaddar/BIM/ORFMINE/ORFmine/orfmine/orfribo/Test/DATA_PROCESSING/Exome/Exome_elongated.gff, /data/work/I2BC/fadwa.elkhaddar/BIM/ORFMINE/ORFmine/orfmine/orfribo/Test/RESULTS/BAM/Exome/SRR1562875/SRR1562875.bam, /data/work/I2BC/fadwa.elkhaddar/BIM/ORFMINE/ORFmine/orfmine/orfribo/Test/RESULTS/BAM/Exome/SRR1562875/SRR1562875.bam.bai, /data/work/I2BC/fadwa.elkhaddar/BIM/ORFMINE/ORFmine/orfmine/orfribo/Test/DATA_PROCESSING/RiboWaltz/SRR1562875/psite_offset.csv
    output: /data/work/I2BC/fadwa.elkhaddar/BIM/ORFMINE/ORFmine/orfmine/orfribo/Test/DATA_PROCESSING/Bam2Reads_Exome/SRR1562875/SRR1562875_27/Exome_27_reads.tab
    log: /data/work/I2BC/fadwa.elkhaddar/BIM/ORFMINE/ORFmine/orfmine/orfribo/Test/SUPPLEMENTARY_DATA/Logs/Bam2Reads_Exome/SRR1562875.27.bam2read.log, /data/work/I2BC/fadwa.elkhaddar/BIM/ORFMINE/ORFmine/orfmine/orfribo/Test/SUPPLEMENTARY_DATA/Logs/Bam2Reads_Exome/SRR1562875.27.offset_grep.log
    jobid: 20
    benchmark: /data/work/I2BC/fadwa.elkhaddar/BIM/ORFMINE/ORFmine/orfmine/orfribo/Test/SUPPLEMENTARY_DATA/Benchmarks/Bam2Reads_Exome/SRR1562875.27.bam2read.benchmark.txt
    reason: Input files updated by another job: /data/work/I2BC/fadwa.elkhaddar/BIM/ORFMINE/ORFmine/orfmine/orfribo/Test/DATA_PROCESSING/RiboWaltz/SRR1562875/psite_offset.csv
    wildcards: sample=SRR1562875, length=27
    resources: tmpdir=/var/tmp/pbs.980092.pbsserver, mem_mb=1000


        offset=$(grep SRR1562875 /data/work/I2BC/fadwa.elkhaddar/BIM/ORFMINE/ORFmine/orfmine/orfribo/Test/DATA_PROCESSING/RiboWaltz/SRR1562875/psite_offset.csv 2> /data/work/I2BC/fadwa.elkhaddar/BIM/ORFMINE/ORFmine/orfmine/orfribo/Test/SUPPLEMENTARY_DATA/Logs/Bam2Reads_Exome/SRR1562875.27.offset_grep.log | grep ^27 2>> /data/work/I2BC/fadwa.elkhaddar/BIM/ORFMINE/ORFmine/orfmine/orfribo/Test/SUPPLEMENTARY_DATA/Logs/Bam2Reads_Exome/SRR1562875.27.offset_grep.log | cut -f7 2>> /data/work/I2BC/fadwa.elkhaddar/BIM/ORFMINE/ORFmine/orfmine/orfribo/Test/SUPPLEMENTARY_DATA/Logs/Bam2Reads_Exome/SRR1562875.27.offset_grep.log) 2>> /data/work/I2BC/fadwa.elkhaddar/BIM/ORFMINE/ORFmine/orfmine/orfribo/Test/SUPPLEMENTARY_DATA/Logs/Bam2Reads_Exome/SRR1562875.27.offset_grep.log
        echo "$offset"
        if [ "$offset" = "" ]; then offset=12 ; fi
        python3 /data/work/I2BC/fadwa.elkhaddar/BIM/Workflow_Hisat/scripts/Bam2Reads/BAM2Reads.py -shift $offset -kmer 27 -gff /data/work/I2BC/fadwa.elkhaddar/BIM/ORFMINE/ORFmine/orfmine/orfribo/Test/DATA_PROCESSING/Exome/Exome_elongated.gff -bam /data/work/I2BC/fadwa.elkhaddar/BIM/ORFMINE/ORFmine/orfmine/orfribo/Test/RESULTS/BAM/Exome/SRR1562875/SRR1562875.bam -outpath /data/work/I2BC/fadwa.elkhaddar/BIM/ORFMINE/ORFmine/orfmine/orfribo/Test/DATA_PROCESSING/Bam2Reads_Exome/SRR1562875/SRR1562875_27  -outname Exome_27 -features_include CDS 2> /data/work/I2BC/fadwa.elkhaddar/BIM/ORFMINE/ORFmine/orfmine/orfribo/Test/SUPPLEMENTARY_DATA/Logs/Bam2Reads_Exome/SRR1562875.27.bam2read.log 
        
[Thu Apr 25 17:39:30 2024]
Finished job 20.
32 of 35 steps (91%) done
Select jobs to execute...

[Thu Apr 25 17:39:30 2024]
rule ORFstats:
    input: /data/work/I2BC/fadwa.elkhaddar/BIM/ORFMINE/ORFmine/orfmine/orfribo/Test/DATA_PROCESSING/RiboWaltz/SRR1562875/psite_offset.csv, /data/work/I2BC/fadwa.elkhaddar/BIM/ORFMINE/ORFmine/orfmine/orfribo/Test/DATA_PROCESSING/Bam2Reads_Exome/SRR1562875/SRR1562875_32/Exome_32_reads.tab
    output: /data/work/I2BC/fadwa.elkhaddar/BIM/ORFMINE/ORFmine/orfmine/orfribo/Test/DATA_PROCESSING/Bam2Reads_Exome/SRR1562875/SRR1562875_32/Exome_32_reads.stats
    log: /data/work/I2BC/fadwa.elkhaddar/BIM/ORFMINE/ORFmine/orfmine/orfribo/Test/SUPPLEMENTARY_DATA/Logs/ORFstat/SRR1562875.32.orfstats.log
    jobid: 36
    benchmark: /data/work/I2BC/fadwa.elkhaddar/BIM/ORFMINE/ORFmine/orfmine/orfribo/Test/SUPPLEMENTARY_DATA/Benchmarks/ORFstat/SRR1562875.32.orfstats.txt
    reason: Input files updated by another job: /data/work/I2BC/fadwa.elkhaddar/BIM/ORFMINE/ORFmine/orfmine/orfribo/Test/DATA_PROCESSING/RiboWaltz/SRR1562875/psite_offset.csv, /data/work/I2BC/fadwa.elkhaddar/BIM/ORFMINE/ORFmine/orfmine/orfribo/Test/DATA_PROCESSING/Bam2Reads_Exome/SRR1562875/SRR1562875_32/Exome_32_reads.tab
    wildcards: sample=SRR1562875, length=32
    resources: tmpdir=/var/tmp/pbs.980092.pbsserver

set +o pipefail;orfstats -tab /data/work/I2BC/fadwa.elkhaddar/BIM/ORFMINE/ORFmine/orfmine/orfribo/Test/DATA_PROCESSING/Bam2Reads_Exome/SRR1562875/SRR1562875_32/Exome_32_reads.tab -N 10 -out /data/work/I2BC/fadwa.elkhaddar/BIM/ORFMINE/ORFmine/orfmine/orfribo/Test/DATA_PROCESSING/Bam2Reads_Exome/SRR1562875/SRR1562875_32 2> /data/work/I2BC/fadwa.elkhaddar/BIM/ORFMINE/ORFmine/orfmine/orfribo/Test/SUPPLEMENTARY_DATA/Logs/ORFstat/SRR1562875.32.orfstats.log ;
[Thu Apr 25 17:39:31 2024]
Finished job 36.
33 of 35 steps (94%) done
Select jobs to execute...

[Thu Apr 25 17:39:31 2024]
rule ORFstats:
    input: /data/work/I2BC/fadwa.elkhaddar/BIM/ORFMINE/ORFmine/orfmine/orfribo/Test/DATA_PROCESSING/RiboWaltz/SRR1562875/psite_offset.csv, /data/work/I2BC/fadwa.elkhaddar/BIM/ORFMINE/ORFmine/orfmine/orfribo/Test/DATA_PROCESSING/Bam2Reads_Exome/SRR1562875/SRR1562875_27/Exome_27_reads.tab
    output: /data/work/I2BC/fadwa.elkhaddar/BIM/ORFMINE/ORFmine/orfmine/orfribo/Test/DATA_PROCESSING/Bam2Reads_Exome/SRR1562875/SRR1562875_27/Exome_27_reads.stats
    log: /data/work/I2BC/fadwa.elkhaddar/BIM/ORFMINE/ORFmine/orfmine/orfribo/Test/SUPPLEMENTARY_DATA/Logs/ORFstat/SRR1562875.27.orfstats.log
    jobid: 31
    benchmark: /data/work/I2BC/fadwa.elkhaddar/BIM/ORFMINE/ORFmine/orfmine/orfribo/Test/SUPPLEMENTARY_DATA/Benchmarks/ORFstat/SRR1562875.27.orfstats.txt
    reason: Input files updated by another job: /data/work/I2BC/fadwa.elkhaddar/BIM/ORFMINE/ORFmine/orfmine/orfribo/Test/DATA_PROCESSING/Bam2Reads_Exome/SRR1562875/SRR1562875_27/Exome_27_reads.tab, /data/work/I2BC/fadwa.elkhaddar/BIM/ORFMINE/ORFmine/orfmine/orfribo/Test/DATA_PROCESSING/RiboWaltz/SRR1562875/psite_offset.csv
    wildcards: sample=SRR1562875, length=27
    resources: tmpdir=/var/tmp/pbs.980092.pbsserver

set +o pipefail;orfstats -tab /data/work/I2BC/fadwa.elkhaddar/BIM/ORFMINE/ORFmine/orfmine/orfribo/Test/DATA_PROCESSING/Bam2Reads_Exome/SRR1562875/SRR1562875_27/Exome_27_reads.tab -N 10 -out /data/work/I2BC/fadwa.elkhaddar/BIM/ORFMINE/ORFmine/orfmine/orfribo/Test/DATA_PROCESSING/Bam2Reads_Exome/SRR1562875/SRR1562875_27 2> /data/work/I2BC/fadwa.elkhaddar/BIM/ORFMINE/ORFmine/orfmine/orfribo/Test/SUPPLEMENTARY_DATA/Logs/ORFstat/SRR1562875.27.orfstats.log ;
[Thu Apr 25 17:39:32 2024]
Finished job 31.
34 of 35 steps (97%) done
Select jobs to execute...

[Thu Apr 25 17:39:32 2024]
localrule all:
    input: /data/work/I2BC/fadwa.elkhaddar/BIM/ORFMINE/ORFmine/orfmine/orfribo/Test/DATA_PROCESSING/Quality_control/SRR1562875/SRR1562875_fastqc.html, /data/work/I2BC/fadwa.elkhaddar/BIM/ORFMINE/ORFmine/orfmine/orfribo/Test/DATA_PROCESSING/Edited_Gff/Named.CDS_Scer.gff, /data/work/I2BC/fadwa.elkhaddar/BIM/ORFMINE/ORFmine/orfmine/orfribo/Test/DATA_PROCESSING/Trimming/Trimmed_fastq/SRR1562875/SRR1562875.cutadapt.25-35.fastq.gz, /data/work/I2BC/fadwa.elkhaddar/BIM/ORFMINE/ORFmine/orfmine/orfribo/Test/DATA_PROCESSING/Mapping/Orfium/Bowtie2/Results/SRR1562875/SRR1562875.sam, /data/work/I2BC/fadwa.elkhaddar/BIM/ORFMINE/ORFmine/orfmine/orfribo/Test/DATA_PROCESSING/Exome_Fastq/SRR1562875/SRR1562875_Unmapped.fastq.gz, /data/work/I2BC/fadwa.elkhaddar/BIM/ORFMINE/ORFmine/orfmine/orfribo/Test/DATA_PROCESSING/Mapping/Exome/Bowtie2/Results/SRR1562875/SRR1562875.sam, /data/work/I2BC/fadwa.elkhaddar/BIM/ORFMINE/ORFmine/orfmine/orfribo/Test/RESULTS/BAM/Exome/SRR1562875/SRR1562875.bam, /data/work/I2BC/fadwa.elkhaddar/BIM/ORFMINE/ORFmine/orfmine/orfribo/Test/RESULTS/BAM/Exome/SRR1562875/SRR1562875.bam.bai, /data/work/I2BC/fadwa.elkhaddar/BIM/ORFMINE/ORFmine/orfmine/orfribo/Test/DATA_PROCESSING/Exome/Exome_elongated.nfasta, /data/work/I2BC/fadwa.elkhaddar/BIM/ORFMINE/ORFmine/orfmine/orfribo/Test/DATA_PROCESSING/Exome/Exome_elongated.gff, /data/work/I2BC/fadwa.elkhaddar/BIM/ORFMINE/ORFmine/orfmine/orfribo/Test/DATA_PROCESSING/Exome/Exome_elongated_with_gene_features.gff, /data/work/I2BC/fadwa.elkhaddar/BIM/ORFMINE/ORFmine/orfmine/orfribo/Test/DATA_PROCESSING/RiboWaltz/SRR1562875/psite_offset.csv, /data/work/I2BC/fadwa.elkhaddar/BIM/ORFMINE/ORFmine/orfmine/orfribo/Test/DATA_PROCESSING/Bam2Reads_Exome/SRR1562875/SRR1562875_25/Exome_25_reads.tab, /data/work/I2BC/fadwa.elkhaddar/BIM/ORFMINE/ORFmine/orfmine/orfribo/Test/DATA_PROCESSING/Bam2Reads_Exome/SRR1562875/SRR1562875_26/Exome_26_reads.tab, /data/work/I2BC/fadwa.elkhaddar/BIM/ORFMINE/ORFmine/orfmine/orfribo/Test/DATA_PROCESSING/Bam2Reads_Exome/SRR1562875/SRR1562875_27/Exome_27_reads.tab, /data/work/I2BC/fadwa.elkhaddar/BIM/ORFMINE/ORFmine/orfmine/orfribo/Test/DATA_PROCESSING/Bam2Reads_Exome/SRR1562875/SRR1562875_28/Exome_28_reads.tab, /data/work/I2BC/fadwa.elkhaddar/BIM/ORFMINE/ORFmine/orfmine/orfribo/Test/DATA_PROCESSING/Bam2Reads_Exome/SRR1562875/SRR1562875_29/Exome_29_reads.tab, /data/work/I2BC/fadwa.elkhaddar/BIM/ORFMINE/ORFmine/orfmine/orfribo/Test/DATA_PROCESSING/Bam2Reads_Exome/SRR1562875/SRR1562875_30/Exome_30_reads.tab, /data/work/I2BC/fadwa.elkhaddar/BIM/ORFMINE/ORFmine/orfmine/orfribo/Test/DATA_PROCESSING/Bam2Reads_Exome/SRR1562875/SRR1562875_31/Exome_31_reads.tab, /data/work/I2BC/fadwa.elkhaddar/BIM/ORFMINE/ORFmine/orfmine/orfribo/Test/DATA_PROCESSING/Bam2Reads_Exome/SRR1562875/SRR1562875_32/Exome_32_reads.tab, /data/work/I2BC/fadwa.elkhaddar/BIM/ORFMINE/ORFmine/orfmine/orfribo/Test/DATA_PROCESSING/Bam2Reads_Exome/SRR1562875/SRR1562875_33/Exome_33_reads.tab, /data/work/I2BC/fadwa.elkhaddar/BIM/ORFMINE/ORFmine/orfmine/orfribo/Test/DATA_PROCESSING/Bam2Reads_Exome/SRR1562875/SRR1562875_34/Exome_34_reads.tab, /data/work/I2BC/fadwa.elkhaddar/BIM/ORFMINE/ORFmine/orfmine/orfribo/Test/DATA_PROCESSING/Bam2Reads_Exome/SRR1562875/SRR1562875_35/Exome_35_reads.tab, /data/work/I2BC/fadwa.elkhaddar/BIM/ORFMINE/ORFmine/orfmine/orfribo/Test/DATA_PROCESSING/Bam2Reads_Exome/SRR1562875/SRR1562875_25/Exome_25_reads.stats, /data/work/I2BC/fadwa.elkhaddar/BIM/ORFMINE/ORFmine/orfmine/orfribo/Test/DATA_PROCESSING/Bam2Reads_Exome/SRR1562875/SRR1562875_26/Exome_26_reads.stats, /data/work/I2BC/fadwa.elkhaddar/BIM/ORFMINE/ORFmine/orfmine/orfribo/Test/DATA_PROCESSING/Bam2Reads_Exome/SRR1562875/SRR1562875_27/Exome_27_reads.stats, /data/work/I2BC/fadwa.elkhaddar/BIM/ORFMINE/ORFmine/orfmine/orfribo/Test/DATA_PROCESSING/Bam2Reads_Exome/SRR1562875/SRR1562875_28/Exome_28_reads.stats, /data/work/I2BC/fadwa.elkhaddar/BIM/ORFMINE/ORFmine/orfmine/orfribo/Test/DATA_PROCESSING/Bam2Reads_Exome/SRR1562875/SRR1562875_29/Exome_29_reads.stats, /data/work/I2BC/fadwa.elkhaddar/BIM/ORFMINE/ORFmine/orfmine/orfribo/Test/DATA_PROCESSING/Bam2Reads_Exome/SRR1562875/SRR1562875_30/Exome_30_reads.stats, /data/work/I2BC/fadwa.elkhaddar/BIM/ORFMINE/ORFmine/orfmine/orfribo/Test/DATA_PROCESSING/Bam2Reads_Exome/SRR1562875/SRR1562875_31/Exome_31_reads.stats, /data/work/I2BC/fadwa.elkhaddar/BIM/ORFMINE/ORFmine/orfmine/orfribo/Test/DATA_PROCESSING/Bam2Reads_Exome/SRR1562875/SRR1562875_32/Exome_32_reads.stats, /data/work/I2BC/fadwa.elkhaddar/BIM/ORFMINE/ORFmine/orfmine/orfribo/Test/DATA_PROCESSING/Bam2Reads_Exome/SRR1562875/SRR1562875_33/Exome_33_reads.stats, /data/work/I2BC/fadwa.elkhaddar/BIM/ORFMINE/ORFmine/orfmine/orfribo/Test/DATA_PROCESSING/Bam2Reads_Exome/SRR1562875/SRR1562875_34/Exome_34_reads.stats, /data/work/I2BC/fadwa.elkhaddar/BIM/ORFMINE/ORFmine/orfmine/orfribo/Test/DATA_PROCESSING/Bam2Reads_Exome/SRR1562875/SRR1562875_35/Exome_35_reads.stats, /data/work/I2BC/fadwa.elkhaddar/BIM/ORFMINE/ORFmine/orfmine/orfribo/Test/DATA_PROCESSING/Selected_length/SRR1562875/Selected_length.txt, /data/work/I2BC/fadwa.elkhaddar/BIM/ORFMINE/ORFmine/orfmine/orfribo/Test/DATA_PROCESSING/Bam2Reads_Orfium/SRR1562875/SRR1562875_25/Orfium_25_reads.tab, /data/work/I2BC/fadwa.elkhaddar/BIM/ORFMINE/ORFmine/orfmine/orfribo/Test/DATA_PROCESSING/Bam2Reads_Orfium/SRR1562875/SRR1562875_26/Orfium_26_reads.tab, /data/work/I2BC/fadwa.elkhaddar/BIM/ORFMINE/ORFmine/orfmine/orfribo/Test/DATA_PROCESSING/Bam2Reads_Orfium/SRR1562875/SRR1562875_27/Orfium_27_reads.tab, /data/work/I2BC/fadwa.elkhaddar/BIM/ORFMINE/ORFmine/orfmine/orfribo/Test/DATA_PROCESSING/Bam2Reads_Orfium/SRR1562875/SRR1562875_28/Orfium_28_reads.tab, /data/work/I2BC/fadwa.elkhaddar/BIM/ORFMINE/ORFmine/orfmine/orfribo/Test/DATA_PROCESSING/Bam2Reads_Orfium/SRR1562875/SRR1562875_29/Orfium_29_reads.tab, /data/work/I2BC/fadwa.elkhaddar/BIM/ORFMINE/ORFmine/orfmine/orfribo/Test/DATA_PROCESSING/Bam2Reads_Orfium/SRR1562875/SRR1562875_30/Orfium_30_reads.tab, /data/work/I2BC/fadwa.elkhaddar/BIM/ORFMINE/ORFmine/orfmine/orfribo/Test/DATA_PROCESSING/Bam2Reads_Orfium/SRR1562875/SRR1562875_31/Orfium_31_reads.tab, /data/work/I2BC/fadwa.elkhaddar/BIM/ORFMINE/ORFmine/orfmine/orfribo/Test/DATA_PROCESSING/Bam2Reads_Orfium/SRR1562875/SRR1562875_32/Orfium_32_reads.tab, /data/work/I2BC/fadwa.elkhaddar/BIM/ORFMINE/ORFmine/orfmine/orfribo/Test/DATA_PROCESSING/Bam2Reads_Orfium/SRR1562875/SRR1562875_33/Orfium_33_reads.tab, /data/work/I2BC/fadwa.elkhaddar/BIM/ORFMINE/ORFmine/orfmine/orfribo/Test/DATA_PROCESSING/Bam2Reads_Orfium/SRR1562875/SRR1562875_34/Orfium_34_reads.tab, /data/work/I2BC/fadwa.elkhaddar/BIM/ORFMINE/ORFmine/orfmine/orfribo/Test/DATA_PROCESSING/Bam2Reads_Orfium/SRR1562875/SRR1562875_35/Orfium_35_reads.tab
    jobid: 0
    reason: Input files updated by another job: /data/work/I2BC/fadwa.elkhaddar/BIM/ORFMINE/ORFmine/orfmine/orfribo/Test/DATA_PROCESSING/RiboWaltz/SRR1562875/psite_offset.csv, /data/work/I2BC/fadwa.elkhaddar/BIM/ORFMINE/ORFmine/orfmine/orfribo/Test/DATA_PROCESSING/Bam2Reads_Exome/SRR1562875/SRR1562875_29/Exome_29_reads.stats, /data/work/I2BC/fadwa.elkhaddar/BIM/ORFMINE/ORFmine/orfmine/orfribo/Test/DATA_PROCESSING/Bam2Reads_Exome/SRR1562875/SRR1562875_27/Exome_27_reads.tab, /data/work/I2BC/fadwa.elkhaddar/BIM/ORFMINE/ORFmine/orfmine/orfribo/Test/DATA_PROCESSING/Bam2Reads_Exome/SRR1562875/SRR1562875_34/Exome_34_reads.stats, /data/work/I2BC/fadwa.elkhaddar/BIM/ORFMINE/ORFmine/orfmine/orfribo/Test/DATA_PROCESSING/Bam2Reads_Exome/SRR1562875/SRR1562875_25/Exome_25_reads.stats, /data/work/I2BC/fadwa.elkhaddar/BIM/ORFMINE/ORFmine/orfmine/orfribo/Test/DATA_PROCESSING/Bam2Reads_Exome/SRR1562875/SRR1562875_35/Exome_35_reads.stats, /data/work/I2BC/fadwa.elkhaddar/BIM/ORFMINE/ORFmine/orfmine/orfribo/Test/DATA_PROCESSING/Bam2Reads_Orfium/SRR1562875/SRR1562875_30/Orfium_30_reads.tab, /data/work/I2BC/fadwa.elkhaddar/BIM/ORFMINE/ORFmine/orfmine/orfribo/Test/DATA_PROCESSING/Bam2Reads_Orfium/SRR1562875/SRR1562875_33/Orfium_33_reads.tab, /data/work/I2BC/fadwa.elkhaddar/BIM/ORFMINE/ORFmine/orfmine/orfribo/Test/DATA_PROCESSING/Bam2Reads_Exome/SRR1562875/SRR1562875_26/Exome_26_reads.stats, /data/work/I2BC/fadwa.elkhaddar/BIM/ORFMINE/ORFmine/orfmine/orfribo/Test/DATA_PROCESSING/Bam2Reads_Exome/SRR1562875/SRR1562875_28/Exome_28_reads.stats, /data/work/I2BC/fadwa.elkhaddar/BIM/ORFMINE/ORFmine/orfmine/orfribo/Test/DATA_PROCESSING/Bam2Reads_Exome/SRR1562875/SRR1562875_32/Exome_32_reads.tab, /data/work/I2BC/fadwa.elkhaddar/BIM/ORFMINE/ORFmine/orfmine/orfribo/Test/DATA_PROCESSING/Bam2Reads_Orfium/SRR1562875/SRR1562875_31/Orfium_31_reads.tab, /data/work/I2BC/fadwa.elkhaddar/BIM/ORFMINE/ORFmine/orfmine/orfribo/Test/DATA_PROCESSING/Bam2Reads_Exome/SRR1562875/SRR1562875_35/Exome_35_reads.tab, /data/work/I2BC/fadwa.elkhaddar/BIM/ORFMINE/ORFmine/orfmine/orfribo/Test/DATA_PROCESSING/Bam2Reads_Exome/SRR1562875/SRR1562875_27/Exome_27_reads.stats, /data/work/I2BC/fadwa.elkhaddar/BIM/ORFMINE/ORFmine/orfmine/orfribo/Test/DATA_PROCESSING/Bam2Reads_Exome/SRR1562875/SRR1562875_29/Exome_29_reads.tab, /data/work/I2BC/fadwa.elkhaddar/BIM/ORFMINE/ORFmine/orfmine/orfribo/Test/DATA_PROCESSING/Bam2Reads_Exome/SRR1562875/SRR1562875_32/Exome_32_reads.stats, /data/work/I2BC/fadwa.elkhaddar/BIM/ORFMINE/ORFmine/orfmine/orfribo/Test/DATA_PROCESSING/Bam2Reads_Orfium/SRR1562875/SRR1562875_27/Orfium_27_reads.tab, /data/work/I2BC/fadwa.elkhaddar/BIM/ORFMINE/ORFmine/orfmine/orfribo/Test/DATA_PROCESSING/Bam2Reads_Orfium/SRR1562875/SRR1562875_29/Orfium_29_reads.tab, /data/work/I2BC/fadwa.elkhaddar/BIM/ORFMINE/ORFmine/orfmine/orfribo/Test/DATA_PROCESSING/Bam2Reads_Orfium/SRR1562875/SRR1562875_32/Orfium_32_reads.tab, /data/work/I2BC/fadwa.elkhaddar/BIM/ORFMINE/ORFmine/orfmine/orfribo/Test/DATA_PROCESSING/Bam2Reads_Orfium/SRR1562875/SRR1562875_34/Orfium_34_reads.tab, /data/work/I2BC/fadwa.elkhaddar/BIM/ORFMINE/ORFmine/orfmine/orfribo/Test/DATA_PROCESSING/Bam2Reads_Orfium/SRR1562875/SRR1562875_26/Orfium_26_reads.tab, /data/work/I2BC/fadwa.elkhaddar/BIM/ORFMINE/ORFmine/orfmine/orfribo/Test/DATA_PROCESSING/Bam2Reads_Exome/SRR1562875/SRR1562875_30/Exome_30_reads.tab, /data/work/I2BC/fadwa.elkhaddar/BIM/ORFMINE/ORFmine/orfmine/orfribo/Test/DATA_PROCESSING/Bam2Reads_Orfium/SRR1562875/SRR1562875_35/Orfium_35_reads.tab, /data/work/I2BC/fadwa.elkhaddar/BIM/ORFMINE/ORFmine/orfmine/orfribo/Test/DATA_PROCESSING/Bam2Reads_Exome/SRR1562875/SRR1562875_33/Exome_33_reads.tab, /data/work/I2BC/fadwa.elkhaddar/BIM/ORFMINE/ORFmine/orfmine/orfribo/Test/DATA_PROCESSING/Bam2Reads_Exome/SRR1562875/SRR1562875_34/Exome_34_reads.tab, /data/work/I2BC/fadwa.elkhaddar/BIM/ORFMINE/ORFmine/orfmine/orfribo/Test/DATA_PROCESSING/Bam2Reads_Exome/SRR1562875/SRR1562875_30/Exome_30_reads.stats, /data/work/I2BC/fadwa.elkhaddar/BIM/ORFMINE/ORFmine/orfmine/orfribo/Test/DATA_PROCESSING/Bam2Reads_Orfium/SRR1562875/SRR1562875_28/Orfium_28_reads.tab, /data/work/I2BC/fadwa.elkhaddar/BIM/ORFMINE/ORFmine/orfmine/orfribo/Test/DATA_PROCESSING/Bam2Reads_Exome/SRR1562875/SRR1562875_25/Exome_25_reads.tab, /data/work/I2BC/fadwa.elkhaddar/BIM/ORFMINE/ORFmine/orfmine/orfribo/Test/DATA_PROCESSING/Bam2Reads_Exome/SRR1562875/SRR1562875_28/Exome_28_reads.tab, /data/work/I2BC/fadwa.elkhaddar/BIM/ORFMINE/ORFmine/orfmine/orfribo/Test/DATA_PROCESSING/Bam2Reads_Orfium/SRR1562875/SRR1562875_25/Orfium_25_reads.tab, /data/work/I2BC/fadwa.elkhaddar/BIM/ORFMINE/ORFmine/orfmine/orfribo/Test/DATA_PROCESSING/Bam2Reads_Exome/SRR1562875/SRR1562875_26/Exome_26_reads.tab, /data/work/I2BC/fadwa.elkhaddar/BIM/ORFMINE/ORFmine/orfmine/orfribo/Test/DATA_PROCESSING/Bam2Reads_Exome/SRR1562875/SRR1562875_31/Exome_31_reads.stats, /data/work/I2BC/fadwa.elkhaddar/BIM/ORFMINE/ORFmine/orfmine/orfribo/Test/DATA_PROCESSING/Bam2Reads_Exome/SRR1562875/SRR1562875_33/Exome_33_reads.stats, /data/work/I2BC/fadwa.elkhaddar/BIM/ORFMINE/ORFmine/orfmine/orfribo/Test/DATA_PROCESSING/Bam2Reads_Exome/SRR1562875/SRR1562875_31/Exome_31_reads.tab
    resources: tmpdir=/var/tmp/pbs.980092.pbsserver

[Thu Apr 25 17:39:32 2024]
Finished job 0.
35 of 35 steps (100%) done
Complete log: .snakemake/log/2024-04-25T162850.358870.snakemake.log
